Method,Rule,Replica_apall_pct,Replica_ap50_pct,Replica_miou_pct,CF18_apall_pct,CF18_ap50_pct,CF18_miou_pct,Target_met,Material_met
SU00_D2,Inherited D2,11.741338226305203,24.495210428669075,29.691084892465803,8.309185182632056,17.96135985259656,18.997179844670278,,
SU01_G1,Inherited G1,12.386368952716136,26.057090388986538,30.272532343176334,8.232194837949772,17.83399041763044,19.021902419388002,,
SU02_HARD_MATCHED,Hard overwrite (matched),9.944765598294495,21.91718031674139,27.443949489062547,8.399078854102326,18.556536380102827,20.61755559585214,False,False
SU03_STABLE_MATCHED,Stable overwrite (matched),10.634367678955602,23.28877028316643,28.280607161024324,8.308001802027212,18.243495093224332,20.151264260397596,False,False
SU04_F_REPLACE,Replace F,10.955214466198994,23.4666397516609,28.606300108620005,8.29475244582362,18.0225897632229,19.947864092425405,False,False
SU05_F_BLEND,Blend F+A,10.847216125947568,23.33511618263733,28.506988035787217,8.182692555925797,17.94653882083556,19.853295360035048,False,False
SU06_F_COARSE,Blend F+C,11.879237730885839,25.201435627081775,30.194865974856704,8.185957253738813,17.962076403308973,19.842580065962828,False,False
SU07_GLOBAL_BLEND,Global same-A-mass blend,10.533741058990634,23.102313904218732,28.377698027629272,8.378952941470414,18.525501063356167,20.497675957545482,False,False
SU08_PAIRED_DELTA,Paired A-C delta,11.37524498152272,24.122773259356904,28.642185294593343,8.291624692748865,18.033822346081845,19.139842249389947,False,False
