Cohort,Contrast,Delta_apall_pp,Delta_ap50_pp,Delta_miou_pp,GT50_gained,GT50_lost,Wrong_to_right,Right_to_wrong,Output_identity_tie
replica8,SU04_F_REPLACE - SU02_HARD_MATCHED,1.0104488679044996,1.549459434919509,1.1623506195574562,1,0,1,0,False
scannet_cf18,SU04_F_REPLACE - SU02_HARD_MATCHED,-0.1043264082787057,-0.5339466168799267,-0.6696915034267337,1,4,1,4,False
replica8,SU05_F_BLEND - SU04_F_REPLACE,-0.10799834025142507,-0.13152356902357276,-0.09931207283278565,0,0,0,0,False
scannet_cf18,SU05_F_BLEND - SU04_F_REPLACE,-0.11205988989782395,-0.07605094238734011,-0.09456873239035712,0,1,0,1,False
replica8,SU05_F_BLEND - SU06_F_COARSE,-1.03202160493827,-1.8663194444444475,-1.6878779390694876,0,2,0,2,False
scannet_cf18,SU05_F_BLEND - SU06_F_COARSE,-0.0032646978130171367,-0.015537582473412748,0.010715294072219383,0,1,0,1,False
replica8,SU05_F_BLEND - SU07_GLOBAL_BLEND,0.313475066956935,0.23280227841859513,0.1292900081579451,1,1,1,1,False
scannet_cf18,SU05_F_BLEND - SU07_GLOBAL_BLEND,-0.19626038554461794,-0.5789622425206059,-0.6443805975104355,0,3,0,3,False
replica8,SU08_PAIRED_DELTA - SU05_F_BLEND,0.5280288555751509,0.7876570767195751,0.13519725880612454,2,0,2,0,False
scannet_cf18,SU08_PAIRED_DELTA - SU05_F_BLEND,0.10893213682306863,0.08728352524628447,-0.7134531106451014,3,3,3,3,False
replica8,SU03_STABLE_MATCHED - SU02_HARD_MATCHED,0.6896020806611072,1.3715899664250353,0.8366576719617769,1,0,1,0,False
scannet_cf18,SU03_STABLE_MATCHED - SU02_HARD_MATCHED,-0.09107705207511418,-0.313041286878496,-0.46629133545454393,0,1,0,1,False
