Cohort,Method,Selected,Eligible,Applied_changes,Proposed_changes,Protected,Unavailable,FULL_A_views,Paired_FULL,N_available,Q_available,F_available,CPU_ms_scene,CPU_null_reason,Evidence,Availability_null_reason
replica8,SU00_D2,,,0,0,,,,,,,,0.00290766875,,Inherited output; literal pass-through,baseline does not use update eligibility
scannet_cf18,SU00_D2,,,0,0,,,,,,,,,only Replica8 timed,Inherited output; literal pass-through,baseline does not use update eligibility
replica8,SU01_G1,,,0,0,,,,,,,,0.00304319,,Inherited output; literal pass-through,baseline does not use update eligibility
scannet_cf18,SU01_G1,,,0,0,,,,,,,,,only Replica8 timed,Inherited output; literal pass-through,baseline does not use update eligibility
replica8,SU02_HARD_MATCHED,128,111,62,62,1,16,224,218,128,125,126,2.6284422100000002,,N/Q/F + all same-view A/C; historical class replay,
scannet_cf18,SU02_HARD_MATCHED,288,209,127,127,19,62,430,366,288,244,267,,only Replica8 timed,N/Q/F + all same-view A/C; historical class replay,
replica8,SU03_STABLE_MATCHED,128,111,23,23,1,16,224,218,128,125,126,2.62980432375,,N/Q/F + all same-view A/C; historical class replay,
scannet_cf18,SU03_STABLE_MATCHED,288,209,26,26,19,62,430,366,288,244,267,,only Replica8 timed,N/Q/F + all same-view A/C; historical class replay,
replica8,SU04_F_REPLACE,128,111,34,34,1,16,224,218,128,125,126,5.63187674,,N/Q/F + A; C establishes shared availability,
scannet_cf18,SU04_F_REPLACE,288,209,111,111,19,62,430,366,288,244,267,,only Replica8 timed,N/Q/F + A; C establishes shared availability,
replica8,SU05_F_BLEND,128,111,19,19,1,16,224,218,128,125,126,5.63620586375,,N/Q/F + A; C establishes shared availability,
scannet_cf18,SU05_F_BLEND,288,209,86,86,19,62,430,366,288,244,267,,only Replica8 timed,N/Q/F + A; C establishes shared availability,
replica8,SU06_F_COARSE,128,111,20,20,1,16,224,218,128,125,126,5.68980401375,,N/Q/F + same-view C; A establishes shared availability,
scannet_cf18,SU06_F_COARSE,288,209,86,86,19,62,430,366,288,244,267,,only Replica8 timed,N/Q/F + same-view C; A establishes shared availability,
replica8,SU07_GLOBAL_BLEND,128,111,32,32,1,16,224,218,128,125,126,5.6144141825,,N/Q/F + A; C establishes shared availability,
scannet_cf18,SU07_GLOBAL_BLEND,288,209,90,90,19,62,430,366,288,244,267,,only Replica8 timed,N/Q/F + A; C establishes shared availability,
replica8,SU08_PAIRED_DELTA,128,111,14,14,1,16,224,218,128,125,126,6.28700647125,,N/Q/F + paired A-C,
scannet_cf18,SU08_PAIRED_DELTA,288,209,51,51,19,62,430,366,288,244,267,,only Replica8 timed,N/Q/F + paired A-C,
