scene,cohort,method,reuse_kind,apall_percent,ap50_percent,ap25_percent,miou_percent,macc_percent
office0,replica8,CT_A0_NATIVE,EXACT_V1_PREDICTION_AND_SCORING,9.097222222222221,15.0,31.25,16.936959127381858,29.44833718751463
office0,replica8,CT_A1_E,EXACT_V1_PREDICTION_AND_SCORING,12.5,20.625,41.25,25.108520937203643,36.173662238167005
office0,replica8,CT_A2_R,V2_RELEASED_SCORER,9.097222222222221,15.0,31.25,17.528027428607782,30.05644529562274
office0,replica8,CT_A3_ER,V2_RELEASED_SCORER,12.5,20.625,41.25,25.609748186293608,36.78177034627512
office0,replica8,CT_A4_NATIVE_RECOVERY,EXACT_V1_PREDICTION_AND_SCORING,12.5,20.625,41.25,25.102516874557217,36.173662238167005
office0,replica8,CT_A5_FC_ONLY,V2_RELEASED_SCORER,12.777777777777777,23.125,45.0,28.606115638072648,38.57654115516313
office0,replica8,CT_G3,V2_RELEASED_SCORER,12.5,20.625,41.25,25.609748186293608,36.78177034627512
office0,replica8,CT_H_U2,EXACT_V1_PREDICTION_AND_SCORING,12.5,20.625,41.25,25.328520937203642,36.42140998591475
office1,replica8,CT_A0_NATIVE,EXACT_V1_PREDICTION_AND_SCORING,8.333333333333332,25.0,25.0,14.329903725467114,18.697806135609905
office1,replica8,CT_A1_E,EXACT_V1_PREDICTION_AND_SCORING,8.006535947712418,19.11764705882353,19.11764705882353,14.385604452793011,20.406169159288297
office1,replica8,CT_A2_R,V2_RELEASED_SCORER,8.333333333333332,25.0,25.0,14.329903725467114,18.697806135609905
office1,replica8,CT_A3_ER,V2_RELEASED_SCORER,8.006535947712418,19.11764705882353,19.11764705882353,14.385604452793011,20.406169159288297
office1,replica8,CT_A4_NATIVE_RECOVERY,EXACT_V1_PREDICTION_AND_SCORING,8.006535947712418,19.11764705882353,19.11764705882353,14.385604452793011,20.406169159288297
office1,replica8,CT_A5_FC_ONLY,V2_RELEASED_SCORER,11.601307189542483,19.11764705882353,19.11764705882353,17.526942991619805,24.70100779320683
office1,replica8,CT_G3,V2_RELEASED_SCORER,8.006535947712418,19.11764705882353,19.11764705882353,14.385604452793011,20.406169159288297
office1,replica8,CT_H_U2,EXACT_V1_PREDICTION_AND_SCORING,8.006535947712418,19.11764705882353,19.11764705882353,14.385604452793011,20.406169159288297
office2,replica8,CT_A0_NATIVE,EXACT_V1_PREDICTION_AND_SCORING,9.23202614379085,29.166666666666664,44.90196078431372,35.10446430008389,39.96627820541923
office2,replica8,CT_A1_E,EXACT_V1_PREDICTION_AND_SCORING,10.277777777777777,30.343137254901958,51.56862745098039,39.27243335173565,43.59693643042321
office2,replica8,CT_A2_R,V2_RELEASED_SCORER,9.23202614379085,29.166666666666664,44.90196078431372,35.07106212939078,39.9693661778027
office2,replica8,CT_A3_ER,V2_RELEASED_SCORER,10.277777777777777,30.343137254901958,51.56862745098039,39.23884907844433,43.600024402806675
office2,replica8,CT_A4_NATIVE_RECOVERY,EXACT_V1_PREDICTION_AND_SCORING,10.277777777777777,30.343137254901958,51.56862745098039,38.96431303113261,43.600024402806675
office2,replica8,CT_A5_FC_ONLY,V2_RELEASED_SCORER,9.537037037037036,22.892156862745097,44.11764705882353,31.16216275129743,34.118898494102
office2,replica8,CT_G3,V2_RELEASED_SCORER,10.277777777777777,30.343137254901958,51.56862745098039,39.67175529961759,44.03103942752241
office2,replica8,CT_H_U2,EXACT_V1_PREDICTION_AND_SCORING,10.277777777777777,30.343137254901958,52.54901960784314,39.53322364614091,43.85888509433868
office3,replica8,CT_A0_NATIVE,EXACT_V1_PREDICTION_AND_SCORING,6.642512077294685,14.891304347826088,28.695652173913043,28.793847086447506,30.261594861218498
office3,replica8,CT_A1_E,EXACT_V1_PREDICTION_AND_SCORING,8.506441223832528,23.369565217391305,39.78260869565218,34.29757905540226,36.91983614294105
office3,replica8,CT_A2_R,V2_RELEASED_SCORER,9.541062801932366,19.23913043478261,34.130434782608695,31.586051012507216,33.58155268777679
office3,replica8,CT_A3_ER,V2_RELEASED_SCORER,11.40499194847021,27.717391304347828,45.21739130434783,37.08977633661096,40.239793969499345
office3,replica8,CT_A4_NATIVE_RECOVERY,EXACT_V1_PREDICTION_AND_SCORING,8.506441223832528,23.369565217391305,40.869565217391305,35.18039782088665,38.77595929670946
office3,replica8,CT_A5_FC_ONLY,V2_RELEASED_SCORER,10.6256038647343,22.6231884057971,37.40579710144928,27.10784906560489,31.609638188453804
office3,replica8,CT_G3,V2_RELEASED_SCORER,11.40499194847021,27.717391304347828,45.21739130434783,37.08977633661096,40.239793969499345
office3,replica8,CT_H_U2,EXACT_V1_PREDICTION_AND_SCORING,11.40499194847021,27.717391304347828,45.21739130434783,36.2407397771569,39.36436342988971
office4,replica8,CT_A0_NATIVE,EXACT_V1_PREDICTION_AND_SCORING,15.81196581196581,26.923076923076923,46.15384615384615,38.666739640234596,43.97713048134114
office4,replica8,CT_A1_E,EXACT_V1_PREDICTION_AND_SCORING,15.81196581196581,26.923076923076923,46.15384615384615,43.468560680223526,48.8358469157611
office4,replica8,CT_A2_R,EXACT_V1_PREDICTION_AND_SCORING,15.81196581196581,26.923076923076923,46.15384615384615,38.66313413854213,43.97713048134114
office4,replica8,CT_A3_ER,EXACT_V1_PREDICTION_AND_SCORING,15.81196581196581,26.923076923076923,46.15384615384615,43.46495517853105,48.8358469157611
office4,replica8,CT_A4_NATIVE_RECOVERY,EXACT_V1_PREDICTION_AND_SCORING,15.81196581196581,26.923076923076923,46.15384615384615,43.468560680223526,48.8358469157611
office4,replica8,CT_A5_FC_ONLY,EXACT_V1_PREDICTION_AND_SCORING,8.11965811965812,15.384615384615385,17.69230769230769,21.40932139728858,21.705384413630647
office4,replica8,CT_G3,EXACT_V1_PREDICTION_AND_SCORING,15.81196581196581,26.923076923076923,46.15384615384615,43.46495517853105,48.8358469157611
office4,replica8,CT_H_U2,EXACT_V1_PREDICTION_AND_SCORING,15.81196581196581,26.923076923076923,46.15384615384615,43.468560680223526,48.8358469157611
room0,replica8,CT_A0_NATIVE,EXACT_V1_PREDICTION_AND_SCORING,14.898405349794238,33.217592592592595,39.336557539682545,33.210982638225765,36.96473652587978
room0,replica8,CT_A1_E,EXACT_V1_PREDICTION_AND_SCORING,22.101888594944153,45.27116402116402,48.91327711640212,37.41500026073245,44.51070463045508
room0,replica8,CT_A2_R,V2_RELEASED_SCORER,14.898405349794238,33.217592592592595,39.336557539682545,33.18825854266944,36.965544195167254
room0,replica8,CT_A3_ER,V2_RELEASED_SCORER,22.101888594944153,45.27116402116402,48.91327711640212,37.40102703512425,44.51151229974256
room0,replica8,CT_A4_NATIVE_RECOVERY,EXACT_V1_PREDICTION_AND_SCORING,22.101888594944153,45.27116402116402,48.91327711640212,37.41500026073245,44.51070463045508
room0,replica8,CT_A5_FC_ONLY,V2_RELEASED_SCORER,20.97663139329806,41.335978835978835,44.97809193121693,35.55714103388857,42.79910922006622
room0,replica8,CT_G3,V2_RELEASED_SCORER,22.101888594944153,45.27116402116402,48.91327711640212,37.734855556518525,44.99694919294645
room0,replica8,CT_H_U2,EXACT_V1_PREDICTION_AND_SCORING,22.101888594944153,45.27116402116402,48.91327711640212,37.41500026073245,44.51070463045508
room1,replica8,CT_A0_NATIVE,EXACT_V1_PREDICTION_AND_SCORING,9.036480089111668,16.290726817042607,36.46616541353384,28.944390048134487,31.41059992353649
room1,replica8,CT_A1_E,EXACT_V1_PREDICTION_AND_SCORING,15.886939571150096,23.43358395989975,48.87218045112782,31.13840797598369,36.46008712923168
room1,replica8,CT_A2_R,V2_RELEASED_SCORER,9.036480089111668,16.290726817042607,36.46616541353384,29.340528573563628,31.991665683173682
room1,replica8,CT_A3_ER,V2_RELEASED_SCORER,15.886939571150096,23.43358395989975,48.87218045112782,31.511929799229566,37.04115288886887
room1,replica8,CT_A4_NATIVE_RECOVERY,EXACT_V1_PREDICTION_AND_SCORING,15.886939571150096,23.43358395989975,48.87218045112782,32.71663907264919,39.446198240342795
room1,replica8,CT_A5_FC_ONLY,V2_RELEASED_SCORER,15.204678362573098,22.55639097744361,43.92230576441102,29.144462146123416,35.40678149522509
room1,replica8,CT_G3,V2_RELEASED_SCORER,15.886939571150096,23.43358395989975,48.87218045112782,31.511929799229566,37.04115288886887
room1,replica8,CT_H_U2,EXACT_V1_PREDICTION_AND_SCORING,15.886939571150096,23.43358395989975,48.87218045112782,31.13840797598369,36.46008712923168
room2,replica8,CT_A0_NATIVE,EXACT_V1_PREDICTION_AND_SCORING,18.547453703703702,32.96875,40.15625,34.62331625771636,37.35806811021154
room2,replica8,CT_A1_E,EXACT_V1_PREDICTION_AND_SCORING,20.41087962962963,35.67708333333333,42.447916666666664,38.69190642028569,42.732231771898284
room2,replica8,CT_A2_R,V2_RELEASED_SCORER,20.109953703703702,37.65625,44.84375000000001,38.03821572435926,40.828635719832235
room2,replica8,CT_A3_ER,V2_RELEASED_SCORER,21.69849537037037,39.0625,45.83333333333333,42.012499748750024,46.202799381518986
room2,replica8,CT_A4_NATIVE_RECOVERY,EXACT_V1_PREDICTION_AND_SCORING,20.41087962962963,35.67708333333333,42.447916666666664,39.50379538262225,43.57835257158009
room2,replica8,CT_A5_FC_ONLY,V2_RELEASED_SCORER,14.05960648148148,26.5625,32.86458333333333,33.72087542925766,38.205443324639646
room2,replica8,CT_G3,V2_RELEASED_SCORER,21.69849537037037,39.0625,45.83333333333333,41.69506104319189,46.202799381518986
room2,replica8,CT_H_U2,EXACT_V1_PREDICTION_AND_SCORING,21.69849537037037,39.0625,45.83333333333333,40.41495761774772,44.558062539413726
scene0011_00,scannet_cf18,CT_A0_NATIVE,EXACT_V1_PREDICTION_AND_SCORING,4.613947677836567,12.04074074074074,34.44444444444444,21.70455447809308,32.27327973310192
scene0011_00,scannet_cf18,CT_A1_E,EXACT_V1_PREDICTION_AND_SCORING,5.5398736037624925,15.92962962962963,19.166666666666668,20.137967763665248,26.760907256074702
scene0011_00,scannet_cf18,CT_A2_R,V2_RELEASED_SCORER,4.613947677836567,12.04074074074074,34.44444444444444,21.78562729374799,32.363762545973415
scene0011_00,scannet_cf18,CT_A3_ER,V2_RELEASED_SCORER,5.5398736037624925,15.92962962962963,19.166666666666668,20.22702827389021,26.851390068946195
scene0011_00,scannet_cf18,CT_A4_NATIVE_RECOVERY,EXACT_V1_PREDICTION_AND_SCORING,5.5398736037624925,15.92962962962963,19.166666666666668,20.137967763665248,26.760907256074702
scene0011_00,scannet_cf18,CT_A5_FC_ONLY,V2_RELEASED_SCORER,1.9814814814814814,8.0,12.000000000000002,14.833292917783147,17.268539118359445
scene0011_01,scannet_cf18,CT_A0_NATIVE,EXACT_V1_PREDICTION_AND_SCORING,4.668069584736252,21.428571428571427,35.714285714285715,24.739664413445517,30.406657481458293
scene0011_01,scannet_cf18,CT_A1_E,EXACT_V1_PREDICTION_AND_SCORING,4.668069584736252,21.428571428571427,35.714285714285715,26.1562135553816,32.55346895318169
scene0011_01,scannet_cf18,CT_A2_R,V2_RELEASED_SCORER,4.668069584736252,21.428571428571427,35.714285714285715,24.810291674542142,30.47947181123653
scene0011_01,scannet_cf18,CT_A3_ER,V2_RELEASED_SCORER,4.668069584736252,21.428571428571427,35.714285714285715,26.226443698959716,32.62628328295994
scene0011_01,scannet_cf18,CT_A4_NATIVE_RECOVERY,EXACT_V1_PREDICTION_AND_SCORING,4.668069584736252,21.428571428571427,35.714285714285715,26.17402508918991,32.57189924841416
scene0011_01,scannet_cf18,CT_A5_FC_ONLY,V2_RELEASED_SCORER,0.4365079365079365,3.75,14.464285714285714,14.611731662313861,20.83547743761292
scene0050_00,scannet_cf18,CT_A0_NATIVE,EXACT_V1_PREDICTION_AND_SCORING,14.646464646464647,31.818181818181817,36.36363636363637,31.056462046143857,41.77546015448602
scene0050_00,scannet_cf18,CT_A1_E,EXACT_V1_PREDICTION_AND_SCORING,15.984848484848484,35.0,35.0,28.45204055639855,38.178473373994436
scene0050_00,scannet_cf18,CT_A2_R,EXACT_V1_PREDICTION_AND_SCORING,14.646464646464647,31.818181818181817,36.36363636363637,31.05861648449203,41.77761580917888
scene0050_00,scannet_cf18,CT_A3_ER,EXACT_V1_PREDICTION_AND_SCORING,15.984848484848484,35.0,35.0,28.4534325312428,38.1806290286873
scene0050_00,scannet_cf18,CT_A4_NATIVE_RECOVERY,EXACT_V1_PREDICTION_AND_SCORING,15.984848484848484,35.0,35.0,28.45204055639855,38.178473373994436
scene0050_00,scannet_cf18,CT_A5_FC_ONLY,EXACT_V1_PREDICTION_AND_SCORING,24.242424242424242,40.909090909090914,40.909090909090914,32.89843402768716,35.742173916966244
scene0050_01,scannet_cf18,CT_A0_NATIVE,EXACT_V1_PREDICTION_AND_SCORING,13.333333333333334,27.500000000000004,40.0,31.160546867455434,38.454247919498755
scene0050_01,scannet_cf18,CT_A1_E,EXACT_V1_PREDICTION_AND_SCORING,15.277777777777779,30.0,47.5,33.93117058017066,40.29802404144059
scene0050_01,scannet_cf18,CT_A2_R,EXACT_V1_PREDICTION_AND_SCORING,13.333333333333334,27.500000000000004,40.0,31.1252797188044,38.454247919498755
scene0050_01,scannet_cf18,CT_A3_ER,EXACT_V1_PREDICTION_AND_SCORING,15.277777777777779,30.0,47.5,33.89590343151963,40.29802404144059
scene0050_01,scannet_cf18,CT_A4_NATIVE_RECOVERY,EXACT_V1_PREDICTION_AND_SCORING,15.277777777777779,30.0,47.5,33.93117058017066,40.29802404144059
scene0050_01,scannet_cf18,CT_A5_FC_ONLY,EXACT_V1_PREDICTION_AND_SCORING,16.38888888888889,30.0,42.5,31.091754116896563,36.18295067768076
scene0050_02,scannet_cf18,CT_A0_NATIVE,EXACT_V1_PREDICTION_AND_SCORING,22.514619883040936,44.73684210526316,48.421052631578945,38.37929633423393,43.33694894957507
scene0050_02,scannet_cf18,CT_A1_E,EXACT_V1_PREDICTION_AND_SCORING,23.391812865497073,42.10526315789473,45.78947368421053,36.28627387233693,40.85662607513802
scene0050_02,scannet_cf18,CT_A2_R,V2_RELEASED_SCORER,22.514619883040936,44.73684210526316,48.421052631578945,38.37929633423393,43.33694894957507
scene0050_02,scannet_cf18,CT_A3_ER,V2_RELEASED_SCORER,23.391812865497073,42.10526315789473,45.78947368421053,36.28627387233693,40.85662607513802
scene0050_02,scannet_cf18,CT_A4_NATIVE_RECOVERY,EXACT_V1_PREDICTION_AND_SCORING,23.391812865497073,42.10526315789473,45.78947368421053,36.28627387233693,40.85662607513802
scene0050_02,scannet_cf18,CT_A5_FC_ONLY,V2_RELEASED_SCORER,15.204678362573098,26.31578947368421,28.947368421052634,24.03014815682562,27.56348326021265
scene0084_00,scannet_cf18,CT_A0_NATIVE,EXACT_V1_PREDICTION_AND_SCORING,12.037037037037036,19.791666666666664,20.833333333333336,16.78690360307329,20.885676833214614
scene0084_00,scannet_cf18,CT_A1_E,EXACT_V1_PREDICTION_AND_SCORING,15.162037037037038,32.63888888888889,34.722222222222214,25.86235682279551,28.65624682585377
scene0084_00,scannet_cf18,CT_A2_R,EXACT_V1_PREDICTION_AND_SCORING,12.037037037037036,19.791666666666664,20.833333333333336,16.78690360307329,20.885676833214614
scene0084_00,scannet_cf18,CT_A3_ER,EXACT_V1_PREDICTION_AND_SCORING,15.162037037037038,32.63888888888889,34.722222222222214,25.86235682279551,28.65624682585377
scene0084_00,scannet_cf18,CT_A4_NATIVE_RECOVERY,EXACT_V1_PREDICTION_AND_SCORING,15.162037037037038,32.63888888888889,34.722222222222214,25.86235682279551,28.65624682585377
scene0084_00,scannet_cf18,CT_A5_FC_ONLY,EXACT_V1_PREDICTION_AND_SCORING,10.99537037037037,28.47222222222222,33.68055555555555,22.62808474632001,25.956844704993028
scene0084_01,scannet_cf18,CT_A0_NATIVE,EXACT_V1_PREDICTION_AND_SCORING,9.666666666666666,18.0,26.0,20.606148056008763,23.367490177391527
scene0084_01,scannet_cf18,CT_A1_E,EXACT_V1_PREDICTION_AND_SCORING,9.666666666666666,18.0,27.0,21.20458602739849,23.564382153178816
scene0084_01,scannet_cf18,CT_A2_R,V2_RELEASED_SCORER,9.666666666666666,18.0,27.0,20.773301450800677,23.674273497468793
scene0084_01,scannet_cf18,CT_A3_ER,V2_RELEASED_SCORER,9.666666666666666,18.0,28.000000000000004,21.34481082589391,23.871165473256077
scene0084_01,scannet_cf18,CT_A4_NATIVE_RECOVERY,EXACT_V1_PREDICTION_AND_SCORING,9.666666666666666,18.0,27.0,21.20458602739849,23.564382153178816
scene0084_01,scannet_cf18,CT_A5_FC_ONLY,V2_RELEASED_SCORER,5.666666666666666,14.000000000000002,24.0,13.700959062594597,16.16207982596876
scene0084_02,scannet_cf18,CT_A0_NATIVE,EXACT_V1_PREDICTION_AND_SCORING,6.986531986531985,12.878787878787879,25.0,18.653916191256375,21.81390649707965
scene0084_02,scannet_cf18,CT_A1_E,EXACT_V1_PREDICTION_AND_SCORING,10.774410774410773,23.106060606060606,36.742424242424235,26.163479648612064,31.62835242480999
scene0084_02,scannet_cf18,CT_A2_R,EXACT_V1_PREDICTION_AND_SCORING,6.986531986531985,12.878787878787879,25.0,18.653916191256375,21.81390649707965
scene0084_02,scannet_cf18,CT_A3_ER,EXACT_V1_PREDICTION_AND_SCORING,10.774410774410773,23.106060606060606,36.742424242424235,26.163479648612064,31.62835242480999
scene0084_02,scannet_cf18,CT_A4_NATIVE_RECOVERY,EXACT_V1_PREDICTION_AND_SCORING,10.774410774410773,23.106060606060606,36.742424242424235,26.163479648612064,31.62835242480999
scene0084_02,scannet_cf18,CT_A5_FC_ONLY,EXACT_V1_PREDICTION_AND_SCORING,8.080808080808081,17.045454545454543,24.621212121212118,20.365151747926546,25.069573536947367
scene0168_00,scannet_cf18,CT_A0_NATIVE,EXACT_V1_PREDICTION_AND_SCORING,12.911779835390947,27.40972222222222,31.486111111111114,23.84629036975158,29.9945388372719
scene0168_00,scannet_cf18,CT_A1_E,EXACT_V1_PREDICTION_AND_SCORING,12.142489711934155,29.444444444444446,35.63055555555555,24.61128995513643,30.43434904636137
scene0168_00,scannet_cf18,CT_A2_R,V2_RELEASED_SCORER,12.911779835390947,27.40972222222222,31.486111111111114,23.85755768222662,30.017041477004636
scene0168_00,scannet_cf18,CT_A3_ER,V2_RELEASED_SCORER,12.142489711934155,29.444444444444446,35.63055555555555,24.62255726761147,30.456851686094105
scene0168_00,scannet_cf18,CT_A4_NATIVE_RECOVERY,EXACT_V1_PREDICTION_AND_SCORING,12.142489711934155,29.444444444444446,35.63055555555555,24.608535267628863,30.439541963222773
scene0168_00,scannet_cf18,CT_A5_FC_ONLY,V2_RELEASED_SCORER,13.557098765432096,34.09722222222222,41.833333333333336,26.86666870616347,29.784658502431927
scene0168_01,scannet_cf18,CT_A0_NATIVE,EXACT_V1_PREDICTION_AND_SCORING,5.152173913043478,8.534420289855072,10.724637681159422,8.851620033889153,13.802592763659275
scene0168_01,scannet_cf18,CT_A1_E,EXACT_V1_PREDICTION_AND_SCORING,9.33350586611456,17.66614906832298,19.528985507246375,16.436930731791442,21.743587227129
scene0168_01,scannet_cf18,CT_A2_R,V2_RELEASED_SCORER,5.152173913043478,8.534420289855072,10.724637681159422,8.851620033889153,13.802592763659275
scene0168_01,scannet_cf18,CT_A3_ER,V2_RELEASED_SCORER,9.33350586611456,17.66614906832298,19.528985507246375,16.436930731791442,21.743587227129
scene0168_01,scannet_cf18,CT_A4_NATIVE_RECOVERY,EXACT_V1_PREDICTION_AND_SCORING,9.33350586611456,17.66614906832298,19.528985507246375,16.436930731791442,21.743587227129
scene0168_01,scannet_cf18,CT_A5_FC_ONLY,V2_RELEASED_SCORER,6.022544283413848,14.420289855072465,15.507246376811596,12.913129122769915,15.007877524748167
scene0168_02,scannet_cf18,CT_A0_NATIVE,EXACT_V1_PREDICTION_AND_SCORING,5.522846215780997,11.888586956521738,17.572463768115938,12.67468967508866,15.716912408094721
scene0168_02,scannet_cf18,CT_A1_E,EXACT_V1_PREDICTION_AND_SCORING,10.232991143317228,15.149456521739129,16.48550724637681,15.585929843220129,18.5243319433369
scene0168_02,scannet_cf18,CT_A2_R,V2_RELEASED_SCORER,5.522846215780997,11.888586956521738,17.572463768115938,12.67461910207107,15.716912408094721
scene0168_02,scannet_cf18,CT_A3_ER,V2_RELEASED_SCORER,10.232991143317228,15.149456521739129,16.48550724637681,15.585676787089179,18.5243319433369
scene0168_02,scannet_cf18,CT_A4_NATIVE_RECOVERY,EXACT_V1_PREDICTION_AND_SCORING,10.232991143317228,15.149456521739129,16.48550724637681,15.56721636416542,18.5243319433369
scene0168_02,scannet_cf18,CT_A5_FC_ONLY,V2_RELEASED_SCORER,11.246980676328501,16.1231884057971,17.21014492753623,15.396687081261332,17.03988611747379
scene0231_00,scannet_cf18,CT_A0_NATIVE,EXACT_V1_PREDICTION_AND_SCORING,3.5470620996936786,8.364661654135338,15.335213032581455,12.930288324678857,16.537273844888432
scene0231_00,scannet_cf18,CT_A1_E,EXACT_V1_PREDICTION_AND_SCORING,4.229323308270677,11.8734335839599,18.327067669172934,15.406418666719098,20.662449781481644
scene0231_00,scannet_cf18,CT_A2_R,V2_RELEASED_SCORER,3.5470620996936786,8.364661654135338,15.335213032581455,13.041444953151693,16.698773064792256
scene0231_00,scannet_cf18,CT_A3_ER,V2_RELEASED_SCORER,4.229323308270677,11.8734335839599,18.327067669172934,15.470553951394761,20.823949001385465
scene0231_00,scannet_cf18,CT_A4_NATIVE_RECOVERY,EXACT_V1_PREDICTION_AND_SCORING,4.229323308270677,11.8734335839599,18.327067669172934,15.578535387651943,20.843742039999086
scene0231_00,scannet_cf18,CT_A5_FC_ONLY,V2_RELEASED_SCORER,2.022417153996101,9.210526315789473,15.845864661654135,11.144889873505063,14.740529056341192
scene0231_01,scannet_cf18,CT_A0_NATIVE,EXACT_V1_PREDICTION_AND_SCORING,0.7280319535221496,3.15359477124183,8.183940242763772,9.604684944351117,12.419134486979623
scene0231_01,scannet_cf18,CT_A1_E,EXACT_V1_PREDICTION_AND_SCORING,3.3605664488017424,7.647058823529412,22.514005602240893,17.33456734764965,20.675238703881067
scene0231_01,scannet_cf18,CT_A2_R,V2_RELEASED_SCORER,0.7280319535221496,3.15359477124183,8.183940242763772,9.691307089017432,12.521159585499056
scene0231_01,scannet_cf18,CT_A3_ER,V2_RELEASED_SCORER,3.3605664488017424,7.647058823529412,22.514005602240893,17.43427056196161,20.777263802400505
scene0231_01,scannet_cf18,CT_A4_NATIVE_RECOVERY,EXACT_V1_PREDICTION_AND_SCORING,3.3605664488017424,7.647058823529412,22.514005602240893,17.265319678586515,20.680130086415954
scene0231_01,scannet_cf18,CT_A5_FC_ONLY,V2_RELEASED_SCORER,3.3061002178649233,7.401960784313726,17.759103641456583,13.97978239657556,14.862246573703972
scene0231_02,scannet_cf18,CT_A0_NATIVE,EXACT_V1_PREDICTION_AND_SCORING,1.145833333333333,3.3984374999999996,14.214015151515152,11.957331625834918,15.427482012838523
scene0231_02,scannet_cf18,CT_A1_E,EXACT_V1_PREDICTION_AND_SCORING,4.131944444444445,9.21875,19.446022727272727,16.431250990477352,19.589659459145313
scene0231_02,scannet_cf18,CT_A2_R,EXACT_V1_PREDICTION_AND_SCORING,1.145833333333333,3.3984374999999996,14.214015151515152,12.147647019419603,15.66560901390576
scene0231_02,scannet_cf18,CT_A3_ER,EXACT_V1_PREDICTION_AND_SCORING,4.131944444444445,9.21875,19.446022727272727,16.617044954341186,19.82778646021255
scene0231_02,scannet_cf18,CT_A4_NATIVE_RECOVERY,EXACT_V1_PREDICTION_AND_SCORING,4.131944444444445,9.21875,19.446022727272727,16.431250990477352,19.589659459145313
scene0231_02,scannet_cf18,CT_A5_FC_ONLY,EXACT_V1_PREDICTION_AND_SCORING,5.104166666666667,8.125,21.69034090909091,11.823922378451236,12.692830718866228
scene0378_00,scannet_cf18,CT_A0_NATIVE,EXACT_V1_PREDICTION_AND_SCORING,8.67003367003367,15.530303030303031,25.757575757575758,20.09904737728932,30.994783176084646
scene0378_00,scannet_cf18,CT_A1_E,EXACT_V1_PREDICTION_AND_SCORING,8.27020202020202,16.098484848484848,24.0530303030303,19.565567369336645,29.24795738241752
scene0378_00,scannet_cf18,CT_A2_R,V2_RELEASED_SCORER,8.67003367003367,15.530303030303031,25.757575757575758,20.321277857284255,31.261426424412903
scene0378_00,scannet_cf18,CT_A3_ER,V2_RELEASED_SCORER,8.27020202020202,16.098484848484848,24.0530303030303,19.797131043303448,29.51460063074578
scene0378_00,scannet_cf18,CT_A4_NATIVE_RECOVERY,EXACT_V1_PREDICTION_AND_SCORING,8.27020202020202,16.098484848484848,24.0530303030303,19.53451220753888,29.24795738241752
scene0378_00,scannet_cf18,CT_A5_FC_ONLY,V2_RELEASED_SCORER,11.616161616161616,18.181818181818183,26.136363636363637,20.923668897226328,25.767247882609993
scene0378_01,scannet_cf18,CT_A0_NATIVE,EXACT_V1_PREDICTION_AND_SCORING,8.584943639291465,18.59903381642512,35.71256038647343,25.276456779527027,35.01235034627546
scene0378_01,scannet_cf18,CT_A1_E,EXACT_V1_PREDICTION_AND_SCORING,8.534621578099838,16.425120772946862,33.53864734299517,27.558164018713942,36.06755489299121
scene0378_01,scannet_cf18,CT_A2_R,V2_RELEASED_SCORER,8.584943639291465,18.59903381642512,35.71256038647343,25.30534529534086,35.042388019868284
scene0378_01,scannet_cf18,CT_A3_ER,V2_RELEASED_SCORER,8.534621578099838,16.425120772946862,33.53864734299517,27.587051695080984,36.097592566584034
scene0378_01,scannet_cf18,CT_A4_NATIVE_RECOVERY,EXACT_V1_PREDICTION_AND_SCORING,8.534621578099838,16.425120772946862,33.53864734299517,27.558164018713942,36.06755489299121
scene0378_01,scannet_cf18,CT_A5_FC_ONLY,V2_RELEASED_SCORER,7.004830917874397,13.043478260869565,29.347826086956523,24.51624942873881,31.13579781068055
scene0378_02,scannet_cf18,CT_A0_NATIVE,EXACT_V1_PREDICTION_AND_SCORING,8.24074074074074,24.895833333333332,29.312499999999996,20.589564934451396,30.379370286831236
scene0378_02,scannet_cf18,CT_A1_E,EXACT_V1_PREDICTION_AND_SCORING,8.00925925925926,27.29166666666667,31.666666666666664,25.322142116366347,37.917085134093945
scene0378_02,scannet_cf18,CT_A2_R,EXACT_V1_PREDICTION_AND_SCORING,8.24074074074074,24.895833333333332,29.312499999999996,20.589564934451396,30.379370286831236
scene0378_02,scannet_cf18,CT_A3_ER,EXACT_V1_PREDICTION_AND_SCORING,8.00925925925926,27.29166666666667,31.666666666666664,25.322142116366347,37.917085134093945
scene0378_02,scannet_cf18,CT_A4_NATIVE_RECOVERY,EXACT_V1_PREDICTION_AND_SCORING,8.00925925925926,27.29166666666667,31.666666666666664,25.322142116366347,37.917085134093945
scene0378_02,scannet_cf18,CT_A5_FC_ONLY,EXACT_V1_PREDICTION_AND_SCORING,8.472222222222223,28.749999999999996,30.0,23.642022241771933,31.390980658451628
scene0518_00,scannet_cf18,CT_A0_NATIVE,EXACT_V1_PREDICTION_AND_SCORING,9.523809523809524,14.285714285714285,15.476190476190474,20.284473689478926,23.87740876591236
scene0518_00,scannet_cf18,CT_A1_E,EXACT_V1_PREDICTION_AND_SCORING,11.507936507936508,17.857142857142858,25.0,27.121827441990735,30.8948533181851
scene0518_00,scannet_cf18,CT_A2_R,V2_RELEASED_SCORER,9.523809523809524,14.285714285714285,15.476190476190474,20.284473689478926,23.87740876591236
scene0518_00,scannet_cf18,CT_A3_ER,V2_RELEASED_SCORER,11.507936507936508,17.857142857142858,25.0,27.121827441990735,30.8948533181851
scene0518_00,scannet_cf18,CT_A4_NATIVE_RECOVERY,EXACT_V1_PREDICTION_AND_SCORING,11.507936507936508,17.857142857142858,25.0,27.27539962460227,31.16492487253456
scene0518_00,scannet_cf18,CT_A5_FC_ONLY,V2_RELEASED_SCORER,6.746031746031746,10.714285714285714,17.857142857142858,21.07747124117557,24.49684476827527
