candidate,reference,wrong_to_right,right_to_wrong,net_fixed_correct,net_unique_GT50,undefined_fixed_class,net_unique_GT75,cf_probe2_apall_delta_pp,cf_probe2_ap50_delta_pp,cf_probe2_ap25_delta_pp,cf_probe2_miou_delta_pp,cf_probe2_macc_delta_pp,replica_probe2_apall_delta_pp,replica_probe2_ap50_delta_pp,replica_probe2_ap25_delta_pp,replica_probe2_miou_delta_pp,replica_probe2_macc_delta_pp,second_view_divergence,actual_prediction_changed,selected_owner_class_differences,whole_registry_rank_differences,extension_gate_pass
DISAGREEMENT_MEAN,COVERAGE_MEAN,3,6,-3,-3,8,-1,0.0,0.0,4.8387096774193505,0.794814714838396,1.9049938446143277,-2.1233164983164965,-4.898989898989897,-1.8686868686868696,-1.3204649377285438,-1.6453632565836596,54,True,15,16,False
QS_SUPPORT,COVERAGE_MEAN,0,2,-2,-2,8,0,0.0,0.0,0.0,0.012282123043916293,-0.011781889179185434,-1.7641694725028023,-4.292929292929292,-4.292929292929292,-2.1648457170954094,-2.2912913928591183,0,True,6,4,False
QD_SUPPORT,DISAGREEMENT_MEAN,1,1,0,0,8,0,0.0,0.0,-3.2258064516129004,-0.4866217953803764,-1.6451795837187089,0.0,0.0,0.0,0.0,0.0,0,True,5,7,False
QD_SUPPORT,QS_SUPPORT,2,3,-1,-1,8,-1,0.0,0.0,1.6129032258064502,0.29591079641410334,0.2715961500748043,-0.3591470258136942,-0.6060606060606044,2.424242424242423,0.8443807793668656,0.6459281362754588,54,True,9,8,
AREA_MEAN,DQ01_G1,2,3,-1,0,8,1,-1.4336917562724012,-3.2258064516129057,-0.044802867383514355,-2.100986114773365,-0.9571312694709067,-0.31074635241301884,0.10101010101009611,0.10101010101010721,0.8411051663939406,2.5952006568287334,,True,14,16,
AREA_MEAN,DQ00_D2,,,,,,,-1.4336917562724012,-3.2258064516129057,-0.044802867383514355,-2.064383862772676,-0.9162341703291998,-0.31074635241301884,0.10101010101009611,0.10101010101010721,0.8304126258293854,2.5956620698867896,,True,,,
COVERAGE_MEAN,DQ01_G1,5,2,3,1,8,1,-1.4336917562724012,-3.2258064516129057,-3.2706093189964145,-2.530353896004886,-2.4659013822622255,0.6116722783389428,2.8787878787878753,2.8787878787878807,2.2210601622605965,4.053328058629124,,True,12,14,
COVERAGE_MEAN,DQ00_D2,,,,,,,-1.4336917562724012,-3.2258064516129057,-3.2706093189964145,-2.4937516440041967,-2.4250042831205185,0.6116722783389428,2.8787878787878753,2.8787878787878807,2.210367621696041,4.05378947168718,,True,,,
VERIFY_MEAN,DQ01_G1,4,4,0,-2,8,0,-1.4336917562724012,-3.2258064516129057,1.5681003584229358,-1.73553918116649,-0.5609075376478978,-1.5116442199775537,-2.020202020202022,1.010101010101011,0.9006412695680477,2.4079648020454645,,True,20,21,
VERIFY_MEAN,DQ00_D2,,,,,,,-1.4336917562724012,-3.2258064516129057,1.5681003584229358,-1.6989369291658007,-0.520010438506191,-1.5116442199775537,-2.020202020202022,1.010101010101011,0.8899487290034924,2.4084262151035207,,True,,,
DISAGREEMENT_MEAN,DQ01_G1,4,4,0,-2,8,0,-1.4336917562724012,-3.2258064516129057,1.5681003584229358,-1.73553918116649,-0.5609075376478978,-1.5116442199775537,-2.020202020202022,1.010101010101011,0.9005952245320525,2.4079648020454645,,True,20,21,
DISAGREEMENT_MEAN,DQ00_D2,,,,,,,-1.4336917562724012,-3.2258064516129057,1.5681003584229358,-1.6989369291658007,-0.520010438506191,-1.5116442199775537,-2.020202020202022,1.010101010101011,0.8899026839674973,2.4084262151035207,,True,,,
QS_AREA,DQ01_G1,4,2,2,0,8,1,-1.4336917562724012,-3.2258064516129057,-3.2706093189964145,-2.51807177296097,-2.477683271441411,-0.31074635241301884,0.10101010101009611,0.10101010101010721,0.8410908375679316,2.5952006568287334,,True,15,15,
QS_AREA,DQ00_D2,,,,,,,-1.4336917562724012,-3.2258064516129057,-3.2706093189964145,-2.4814695209602804,-2.436786172299704,-0.31074635241301884,0.10101010101009611,0.10101010101010721,0.8303982970033763,2.5956620698867896,,True,,,
QS_SUPPORT,DQ01_G1,4,3,1,-1,8,1,-1.4336917562724012,-3.2258064516129057,-3.2706093189964145,-2.51807177296097,-2.477683271441411,-1.1524971941638595,-1.4141414141414177,-1.4141414141414121,0.05621444516518692,1.762036665770006,,True,16,16,
QS_SUPPORT,DQ00_D2,,,,,,,-1.4336917562724012,-3.2258064516129057,-3.2706093189964145,-2.4814695209602804,-2.436786172299704,-1.1524971941638595,-1.4141414141414177,-1.4141414141414121,0.04552190460063166,1.762498078828062,,True,,,
QD_AREA,DQ01_G1,3,3,0,-2,8,0,-1.4336917562724012,-3.2258064516129057,-1.6577060931899645,-2.222160976546866,-2.2060871213666067,-1.5116442199775537,-2.020202020202022,1.010101010101011,0.9005952245320525,2.4079648020454645,,True,18,17,
QD_AREA,DQ00_D2,,,,,,,-1.4336917562724012,-3.2258064516129057,-1.6577060931899645,-2.185558724546177,-2.1651900222249,-1.5116442199775537,-2.020202020202022,1.010101010101011,0.8899026839674973,2.4084262151035207,,True,,,
QD_SUPPORT,DQ01_G1,3,3,0,-2,8,0,-1.4336917562724012,-3.2258064516129057,-1.6577060931899645,-2.222160976546866,-2.2060871213666067,-1.5116442199775537,-2.020202020202022,1.010101010101011,0.9005952245320525,2.4079648020454645,,True,18,17,
QD_SUPPORT,DQ00_D2,,,,,,,-1.4336917562724012,-3.2258064516129057,-1.6577060931899645,-2.185558724546177,-2.1651900222249,-1.5116442199775537,-2.020202020202022,1.010101010101011,0.8899026839674973,2.4084262151035207,,True,,,
