scene,method,apall,ap50,ap25,miou,macc,prediction_identity,evaluation_identity,reuse_kind
office1,DQ00_D2,0.08006535947712418,0.19117647058823528,0.19117647058823528,0.1438560445279301,0.20406169159288295,272292ef9b0cc864aea5d38fdaaa0612797bcd6f2cbfb9bbbd2298030d0ae345,fe96128b15e430f1729877eb4cac0f37d89c1c01acd9374bfeb3fcc6951c5041,EXACT_PARENT_ARRAYS_RANKS_AND_SCORER_CONTEXT
office1,DQ01_G1,0.08006535947712418,0.19117647058823528,0.19117647058823528,0.1438560445279301,0.20406169159288295,888f1415224290410915ef7865eaeb3526005ce0157143c0877eb3503fde5f46,465f20382a00f5d260fa616cfb8c4df588768296c0dff0a9b2c4eda94a4778ba,EXACT_PARENT_ARRAYS_RANKS_AND_SCORER_CONTEXT
office1,AREA_MEAN,0.0915032679738562,0.20588235294117646,0.20588235294117646,0.16360073143941542,0.25042853726305875,e21f331931a1ec3f867735889d2f3d10d27cd20b684dc6383b7fd420f98fe1a3,40cf9748b2e44ec80ec3e0db96c8392d53ca50a4ecc3c6e7cb51c2cb2b954530,RELEASED_SCORER_EXECUTED
office1,COVERAGE_MEAN,0.09803921568627451,0.2647058823529412,0.2647058823529412,0.18735039781622448,0.2749515890206108,b5eadde32605b8726764f5e5bf23e3c70696fb920035952708cbabbcca443607,b53f098aadc30fcdd24375c01e986768deb68c7e98d0e24ec0c5ba7265ea8417,RELEASED_SCORER_EXECUTED
office1,VERIFY_MEAN,0.08006535947712418,0.19117647058823528,0.25,0.17137440560951822,0.2585715849314534,7d179e3de9c3ce072807d48283913b5b7083906beff933274f9b08acc07fed9f,5171393d6565737e6876fcfc2d7695cdf07282021b2c9464879a5ead2b574a1f,RELEASED_SCORER_EXECUTED
office1,DISAGREEMENT_MEAN,0.08006535947712418,0.19117647058823528,0.25,0.17137440560951822,0.2585715849314534,7d179e3de9c3ce072807d48283913b5b7083906beff933274f9b08acc07fed9f,5171393d6565737e6876fcfc2d7695cdf07282021b2c9464879a5ead2b574a1f,EXACT_LOCAL_ARRAYS_RANKS_AND_SCORER_CONTEXT
room0,DQ00_D2,0.22101888594944152,0.4527116402116402,0.4891327711640212,0.3741500026073245,0.44510704630455084,95ad4cef57891e96c39c858e6216a654686d6035e8b4435fb6d9ba3812f3ae1b,1b14b431b552266d4f9b40cb1efe663f5daf51d3966fef02f198aa47941c1c9d,EXACT_PARENT_ARRAYS_RANKS_AND_SCORER_CONTEXT
room0,DQ01_G1,0.22101888594944152,0.4527116402116402,0.4891327711640212,0.3740102703512425,0.4451151229974256,56cf79952942395f8725436f1f17dab8a745680b1e2b51354027e9b382af20eb,52ece5d025e4a79e291e603748bbf119ed2e22e33d362c00273d1bdda798b5d1,EXACT_PARENT_ARRAYS_RANKS_AND_SCORER_CONTEXT
room0,AREA_MEAN,0.22101888594944152,0.4527116402116402,0.4891327711640212,0.3740102703512425,0.4451151229974256,f4483e5003cdc2c094fa8b295c2ae8c54039ff1ab3568fe5bd93886705acbfd4,73adcee7ca4400fe3e1df0267b465295fa0801de954fd68f14e604ed7d5b2463,RELEASED_SCORER_EXECUTED
room0,COVERAGE_MEAN,0.22101888594944152,0.4527116402116402,0.4891327711640212,0.3740102703512425,0.4451151229974256,f4483e5003cdc2c094fa8b295c2ae8c54039ff1ab3568fe5bd93886705acbfd4,73adcee7ca4400fe3e1df0267b465295fa0801de954fd68f14e604ed7d5b2463,EXACT_LOCAL_ARRAYS_RANKS_AND_SCORER_CONTEXT
room0,VERIFY_MEAN,0.20944481187536745,0.4318783068783068,0.4682994378306879,0.363595440921721,0.43410545597272104,fc6cbf4dc7ae9bc6cac147fbed0b6cae9cbb7603b29333f7104535f04e1b8880,29ccf365d110c2701f3056d686dad5c6a6bff7e3c41779ad926b87485213efda,RELEASED_SCORER_EXECUTED
room0,DISAGREEMENT_MEAN,0.20944481187536745,0.4318783068783068,0.4682994378306879,0.363595440921721,0.43410545597272104,65cb5d04d7ce7299daf715b31154ebbd79d306a63562ab2897af7638e24a9f52,53757b2fe8edf0bba2ab81052eb839dc64e030dd22355c75d2aaf9a4d4464cbf,RELEASED_SCORER_EXECUTED
scene0011_00,DQ00_D2,0.05539873603762493,0.1592962962962963,0.19166666666666668,0.2013796776366525,0.267609072560747,291f89db1502d615448f051139aa1994b93b8f5cbf5553bc0f62058f9ac13028,4bcc81d2e7bca160ef0cf4b3b0602dc2a820f8db1c614ce6bc341097d0ce3a30,EXACT_PARENT_ARRAYS_RANKS_AND_SCORER_CONTEXT
scene0011_00,DQ01_G1,0.05539873603762493,0.1592962962962963,0.19166666666666668,0.20227028273890207,0.26851390068946196,d55ef5aba334c8b7ee235c59770718c2b826bc71295f48f65d7d9909d88fa8e6,1464fa4ed31ada8a193634e8e8b66221e7323bcdabb07078d3d0fd7ff03e24fd,EXACT_PARENT_ARRAYS_RANKS_AND_SCORER_CONTEXT
scene0011_00,AREA_MEAN,0.05539873603762493,0.1592962962962963,0.2527777777777778,0.23033426179735458,0.33819012590458275,6cec3d8deb0af4837ec3d98d93bbbfe47af667416d7a705ae5d3a3d2532f538c,42cf2ad0579942b7cb5a2f82e361150b7a3d8f39cf18725e5aba4ddd7868248a,RELEASED_SCORER_EXECUTED
scene0011_00,COVERAGE_MEAN,0.05539873603762493,0.1592962962962963,0.1861111111111111,0.20295223497940718,0.28272042365836997,ed1ba6cf79023f21feb42e43878716b1804f5f701aa0d29d896543581e657f48,4de9e8215cf45c60a5a2ca14e8a5270fecfa0e302f23a9d121b0658264170cc7,RELEASED_SCORER_EXECUTED
scene0011_00,VERIFY_MEAN,0.05539873603762493,0.1592962962962963,0.28611111111111115,0.2372625915246091,0.3454282189867993,a33917a62798a57580723ddcb41195f8def40ffa49fd7f6d3481ea8a92af18c8,ada77af46fedf1643fd70880221df588d0df77ae743e03db2c9430a682e00301,RELEASED_SCORER_EXECUTED
scene0011_00,DISAGREEMENT_MEAN,0.05539873603762493,0.1592962962962963,0.28611111111111115,0.2372625915246091,0.3454282189867993,a33917a62798a57580723ddcb41195f8def40ffa49fd7f6d3481ea8a92af18c8,ada77af46fedf1643fd70880221df588d0df77ae743e03db2c9430a682e00301,EXACT_LOCAL_ARRAYS_RANKS_AND_SCORER_CONTEXT
scene0050_00,DQ00_D2,0.15984848484848485,0.35000000000000003,0.35000000000000003,0.2845204055639855,0.38178473373994437,8894f1661eec738b0fb0b6326d73087af0e098b328ad4b08e575dfbbf208752e,d9b44037a529489f2ceadb6e4c860a733033ce3fc24acf5073399ae6754c1878,EXACT_PARENT_ARRAYS_RANKS_AND_SCORER_CONTEXT
scene0050_00,DQ01_G1,0.15984848484848485,0.35000000000000003,0.35000000000000003,0.284534325312428,0.381806290286873,7e0bef7fe2fd216e7c45cbbfbb854803d91dd368bf621c9aef0e6abdcd9fc252,2b712372d7f3ad8fc1b74ad438f215cefac56fe57b3ae7df99b59e20165bb931,EXACT_PARENT_ARRAYS_RANKS_AND_SCORER_CONTEXT
scene0050_00,AREA_MEAN,0.13964646464646463,0.30454545454545456,0.30454545454545456,0.23531109740112355,0.3256789069380857,1654e37f616340895ac724fdfd91180d307f394f823236cd04a30f3fea1fae3e,efcb1a0db785240cd0040473db5e290221b26cb62bfc7f541b7b2d09a79df5e5,RELEASED_SCORER_EXECUTED
scene0050_00,COVERAGE_MEAN,0.13964646464646463,0.30454545454545456,0.30454545454545456,0.2491751163513684,0.3447605660732718,77628c41dd1032a7dfe79fb4bc2086eff0d5310c28c8927fd06bea388e42b61e,9e39d0098bd23b06f0ccee7bee7885f169744306916f8a82890d6afe6c96d417,RELEASED_SCORER_EXECUTED
scene0050_00,VERIFY_MEAN,0.13964646464646463,0.30454545454545456,0.30454545454545456,0.23635397023315316,0.3281758917111899,f45be036c57e41bb140cce1b76031c37ecceb428e8017a0c5121afc45032a291,8bab70a49a42063ccf8b0d179a8593ffe0e65e5913c07cd4950130cef6089d40,RELEASED_SCORER_EXECUTED
scene0050_00,DISAGREEMENT_MEAN,0.13964646464646463,0.30454545454545456,0.30454545454545456,0.23635397023315316,0.3281758917111899,7449c7015087fc5f0a8f3fa19613aa2763b51d38f26ecf86a7151e7a896e9c8f,63f06257df0fe46e5454d179a535b6e7d2b30b9b4de6234a9f4fc86d19bafcff,RELEASED_SCORER_EXECUTED
office1,QS_AREA,0.0915032679738562,0.20588235294117646,0.20588235294117646,0.16360073143941542,0.25042853726305875,e21f331931a1ec3f867735889d2f3d10d27cd20b684dc6383b7fd420f98fe1a3,796cf4d471cc80f309023f9e1b439844f0361c39d6b9d86eb1363877984d235b,RELEASED_SCORER_EXECUTED
office1,QS_SUPPORT,0.0915032679738562,0.20588235294117646,0.20588235294117646,0.16360073143941542,0.25042853726305875,e21f331931a1ec3f867735889d2f3d10d27cd20b684dc6383b7fd420f98fe1a3,796cf4d471cc80f309023f9e1b439844f0361c39d6b9d86eb1363877984d235b,EXACT_LOCAL_ARRAYS_RANKS_AND_SCORER_CONTEXT
office1,QD_AREA,0.08006535947712418,0.19117647058823528,0.25,0.17137440560951822,0.2585715849314534,7d179e3de9c3ce072807d48283913b5b7083906beff933274f9b08acc07fed9f,4db1b51647b55a1c243b01bc909f29c201e36a0d558c98cb3492503e677f9385,RELEASED_SCORER_EXECUTED
office1,QD_SUPPORT,0.08006535947712418,0.19117647058823528,0.25,0.17137440560951822,0.2585715849314534,7d179e3de9c3ce072807d48283913b5b7083906beff933274f9b08acc07fed9f,4db1b51647b55a1c243b01bc909f29c201e36a0d558c98cb3492503e677f9385,EXACT_LOCAL_ARRAYS_RANKS_AND_SCORER_CONTEXT
room0,QS_AREA,0.22101888594944152,0.4527116402116402,0.4891327711640212,0.3740102703512425,0.4451151229974256,4919602dfa1bb490ec5c74d62d741fc067ec6afe1d48ed77dd0c0880ef2f86b1,738af716a3cb6ccb80bca967868b38fae9ec6b8c0e681da8d3bed1011b742e15,RELEASED_SCORER_EXECUTED
room0,QS_SUPPORT,0.20944481187536745,0.4318783068783068,0.4682994378306879,0.363595440921721,0.43410545597272104,65cb5d04d7ce7299daf715b31154ebbd79d306a63562ab2897af7638e24a9f52,00011d120f66968dc2e8c58722a5890ea73e70185e12324f29b8c881b40ba06a,RELEASED_SCORER_EXECUTED
room0,QD_AREA,0.20944481187536745,0.4318783068783068,0.4682994378306879,0.363595440921721,0.43410545597272104,65cb5d04d7ce7299daf715b31154ebbd79d306a63562ab2897af7638e24a9f52,00011d120f66968dc2e8c58722a5890ea73e70185e12324f29b8c881b40ba06a,EXACT_LOCAL_ARRAYS_RANKS_AND_SCORER_CONTEXT
room0,QD_SUPPORT,0.20944481187536745,0.4318783068783068,0.4682994378306879,0.363595440921721,0.43410545597272104,65cb5d04d7ce7299daf715b31154ebbd79d306a63562ab2897af7638e24a9f52,00011d120f66968dc2e8c58722a5890ea73e70185e12324f29b8c881b40ba06a,EXACT_LOCAL_ARRAYS_RANKS_AND_SCORER_CONTEXT
scene0011_00,QS_AREA,0.05539873603762493,0.1592962962962963,0.1861111111111111,0.20319025125544948,0.28249214955552343,764833cf2bcdc1023df0d4e4e138df56ca441aea12a6abc41be4df121427e066,25a54e0a48f888ea8a0892adff4a4cd70f5c90637cc798fa63f534e4b6f0d9b5,RELEASED_SCORER_EXECUTED
scene0011_00,QS_SUPPORT,0.05539873603762493,0.1592962962962963,0.1861111111111111,0.20319025125544948,0.28249214955552343,764833cf2bcdc1023df0d4e4e138df56ca441aea12a6abc41be4df121427e066,25a54e0a48f888ea8a0892adff4a4cd70f5c90637cc798fa63f534e4b6f0d9b5,EXACT_LOCAL_ARRAYS_RANKS_AND_SCORER_CONTEXT
scene0011_00,QD_AREA,0.05539873603762493,0.1592962962962963,0.21944444444444444,0.210118580982704,0.28973024263774,74cd0cf93733d43086894af603b32d8573f9411af229269c5cb65f8b2ad5135e,47a91c8127958ee5b33052143ee56e47c1aaffd8363d7b00e43e1cdf1eea67bb,RELEASED_SCORER_EXECUTED
scene0011_00,QD_SUPPORT,0.05539873603762493,0.1592962962962963,0.21944444444444444,0.210118580982704,0.28973024263774,74cd0cf93733d43086894af603b32d8573f9411af229269c5cb65f8b2ad5135e,47a91c8127958ee5b33052143ee56e47c1aaffd8363d7b00e43e1cdf1eea67bb,EXACT_LOCAL_ARRAYS_RANKS_AND_SCORER_CONTEXT
scene0050_00,QS_AREA,0.13964646464646463,0.30454545454545456,0.30454545454545456,0.2491751163513684,0.3447605660732718,77628c41dd1032a7dfe79fb4bc2086eff0d5310c28c8927fd06bea388e42b61e,35a1d1d6270615fd441e89233f288c3fab35cc6def0a7739baa89b53ad6b7788,RELEASED_SCORER_EXECUTED
scene0050_00,QS_SUPPORT,0.13964646464646463,0.30454545454545456,0.30454545454545456,0.2491751163513684,0.3447605660732718,77628c41dd1032a7dfe79fb4bc2086eff0d5310c28c8927fd06bea388e42b61e,35a1d1d6270615fd441e89233f288c3fab35cc6def0a7739baa89b53ad6b7788,EXACT_LOCAL_ARRAYS_RANKS_AND_SCORER_CONTEXT
scene0050_00,QD_AREA,0.13964646464646463,0.30454545454545456,0.30454545454545456,0.24845746558331436,0.34332353503725926,b3bad451ee303e492882a2e59edc80cbf10e89bcc294962bf06636f233ec9e03,b9a428075e0035f80c09e073329ec32a89cef4b6b74b90088b393eb923063841,RELEASED_SCORER_EXECUTED
scene0050_00,QD_SUPPORT,0.13964646464646463,0.30454545454545456,0.30454545454545456,0.24845746558331436,0.34332353503725926,dca76dc4a43cd9ac703a5bce0b1b556617902c2e2c0e8a9266bdba258b06cf56,23fd0156651c388ecd8da63d9c4f2177690eb1d841085e00f6fd5ef2b8b305e8,RELEASED_SCORER_EXECUTED
