scene,owner,query_eligible,legacy_rows_0,legacy_rows_1,legacy_rows_2plus,coordinate_0,coordinate_1,coordinate_2plus,legacy_coordinate_repeat_area_fraction,V_repeat_area_fraction,O_repeat_area_fraction,V_outside_FULL_site_view_pairs
office1,8,True,18408,13750,55112,1895,1568,12736,0.843994140625,0.83203125,0.81689453125,336
office1,23,True,56,29,800,9,2,229,0.9892633862523958,0.9870106032678936,0.9152201523425473,623
office1,88,True,188,155,8021,3,7,1531,0.9997027235708759,1.0,0.9918568960984935,1114
office1,24,True,120,95,1807,11,11,379,0.9761367233432379,0.9552999275537428,0.9181170696242323,349
office1,16,True,691,227,1764,92,36,415,0.8150343805101381,0.9051963044055187,0.8560451565723595,457
office1,79,True,3739,2377,26803,161,101,5589,0.9797363281249999,0.9909667968749999,0.9851074218749999,935
office1,83,True,1309,435,13697,175,39,2558,0.9669334893336441,0.9664702587154974,0.9565346495873627,785
office1,29,True,719,260,4721,108,26,969,0.9281812570879487,0.9197138766279701,0.907281882845931,596
office1,26,True,324,133,1307,38,19,317,0.9052457650026703,0.9404341748809009,0.8934345116196986,449
office1,28,True,488,97,546,89,29,150,0.6760302962212024,0.7366315355072552,0.6426134423270596,402
office1,34,True,154,65,1200,22,4,274,0.9598799867998846,0.9693272636014822,0.9295634571580347,392
office1,1,True,333744,304626,1161996,23393,36391,247921,0.7949218750000001,0.7934570312500002,0.7895507812500001,172
office1,11,True,153,102,1353,13,3,316,0.9892463816946517,0.9875554737321351,0.9554016775357894,413
office1,93,True,63,54,756,0,1,176,0.9995737116802929,1.0,0.9847658522276207,232
office1,72,True,57415,78069,311231,984,7835,67586,0.8920898437499998,0.888427734375,0.8840332031249999,187
office1,82,True,5863,3782,25725,347,218,5847,0.962158203125,0.974853515625,0.9584960937499999,976
room0,147,True,2250,1815,3624,207,279,1111,0.7836880993672793,0.8588467978564642,0.7283387946720697,1220
room0,21,True,719,622,2697,43,68,989,0.9696196905786567,0.9993693238613464,0.8431937355535669,1814
room0,14,True,1113,724,3623,102,116,815,0.8584820902774772,0.9078565012151749,0.8996548948214149,491
room0,18,True,1842,1376,1459,163,76,732,0.8901280130157943,0.9883263922673683,0.9774365526865282,796
room0,207,True,738,554,1171,120,95,330,0.8068103886144667,0.9386066946157715,0.8261510518847999,1400
room0,149,True,2649,2373,3954,97,169,1389,0.8870307425990717,0.952378301273989,0.9236875540086364,440
room0,5,True,30931,23454,73046,935,994,20236,0.9582519531249999,0.9926757812499999,0.9885253906249999,299
room0,40,True,7652,5812,16998,498,661,4215,0.8220214843749998,0.8930664062499999,0.8808593749999999,720
room0,85,True,2598,1946,9163,77,63,2360,0.9704379038801191,0.9990815481067672,0.996482512509451,2524
room0,75,True,3874,2480,10668,102,85,2829,0.9577046423306698,1.0,0.9979805761437985,3071
room0,60,True,7501,4132,30166,398,323,6716,0.935546875,0.979248046875,0.9697265625,1117
room0,13,True,3078,1716,18831,416,243,3668,0.9118652343749997,0.9191894531249998,0.9072265624999999,407
room0,89,True,2845,1465,8977,297,82,2088,0.9003553587478997,0.9325608075696167,0.9187220469765723,1336
room0,71,True,23729,18275,66836,593,656,17477,0.95849609375,0.9919433593749999,0.9897460937499999,650
room0,203,True,5237,3699,8038,449,406,2220,0.776195147227063,0.8205559519085369,0.8144568047301581,940
room0,12,True,4154,3790,13659,172,352,3317,0.899242184233156,0.9550013001613121,0.9455082948734984,1356
scene0011_00,74,True,37794,15010,929,2423,6299,1107,0.13989257812499997,0.16186523437499994,0.14355468749999997,183
scene0011_00,54,True,804,216,105,226,102,101,0.30967420308439164,0.9532349342993542,0.2502182247156674,763
scene0011_00,73,True,3874,1379,219,243,533,312,0.39002589221565315,0.4865144652923817,0.3953015821289177,250
scene0011_00,60,True,424066,95766,67823,55651,17188,35569,0.37280273437499994,0.6420898437499998,0.5593261718749998,1556
scene0011_00,72,True,48494,15530,2840,3759,5239,3103,0.32153320312500006,0.36181640625000006,0.3352050781250001,245
scene0011_00,81,True,12037,2624,102,1653,1192,92,0.035339911830293905,0.07274976321512232,0.03210824423843636,537
scene0011_00,14,True,146524,76336,118354,17556,10861,32089,0.56884765625,0.6093749999999999,0.5927734374999998,228
scene0011_00,44,True,13043,4380,1171,1644,1511,430,0.1643981443715398,0.15485213480347548,0.15037608509883182,135
scene0011_00,49,True,591296,102706,49833,81047,29472,31786,0.266357421875,0.41845703124999994,0.35644531249999994,994
scene0011_00,58,True,6929,5554,4527,457,1177,1654,0.5602133109130145,0.5684708920064525,0.5358221973570848,879
scene0011_00,69,True,9505,458,18,1661,304,25,0.013288720244626283,0.036746154310082206,0.008058644779176857,343
scene0011_00,33,True,1303,381,32,276,122,17,0.0560733805235532,0.054283583019835185,0.02288825414732652,42
scene0011_00,62,True,27347,9603,8149,3258,1827,4240,0.5720214843749999,0.764404296875,0.675048828125,1901
scene0011_00,80,True,3519,326,28,904,243,52,0.06119894906501703,0.5242827265069756,0.08109807451362101,1293
scene0011_00,47,True,38165,17701,18000,5130,2877,5585,0.479736328125,0.5683593749999999,0.5583496093749999,214
scene0011_00,4,True,34527,15676,22889,4929,2799,5824,0.483154296875,0.48291015625,0.45068359375,354
scene0050_00,32,True,42165,35442,4587,7506,8109,1340,0.09667968749999999,0.08056640625000001,0.072509765625,235
scene0050_00,21,True,2520,2381,415,555,675,233,0.18346957622935925,0.19144969304114134,0.09801914777171655,537
scene0050_00,153,True,2528,1851,49,465,451,24,0.029797127435449395,0.021048255125565345,0.010583489057453849,48
scene0050_00,93,True,25027,9631,1687,4858,2930,874,0.09594726562500001,0.08422851562500001,0.04248046875000002,598
scene0050_00,196,True,391,1214,213,33,267,71,0.17859889760909545,0.12669151652739072,0.10665873163183134,54
scene0050_00,42,True,2470,2269,352,449,538,104,0.11601443128888163,0.10160246948249065,0.09312199142718917,109
scene0050_00,7,True,1054,816,2333,160,150,659,0.8146801774010044,0.8089905106109986,0.7072519030076404,432
scene0050_00,28,True,688,1614,1430,106,306,422,0.5815405917257322,0.4774892088133589,0.39677184683495853,300
scene0050_00,162,True,4130,1678,3492,708,333,879,0.5343801568713309,0.4963439452865676,0.45130332653510147,346
scene0050_00,40,True,1208,2205,4624,80,397,1287,0.7667968444881703,0.7719942920551448,0.7058719898255649,1359
scene0050_00,152,True,2001,3186,753,322,683,339,0.2934664471988875,0.25770642828021795,0.212441620817971,277
scene0050_00,30,True,14378,4378,11136,2673,553,2780,0.5800781250000001,0.5610351562500001,0.5441894531250001,197
scene0050_00,188,True,3094,6541,79,545,1610,44,0.011390086415707695,0.012132539703750897,0.0019909107834060144,337
scene0050_00,50,True,3045,2480,1723,545,461,467,0.3640941050928805,0.31031862731037235,0.27903955357295557,249
scene0050_00,172,True,1722,967,743,216,230,283,0.4511490294467125,0.38102933609994805,0.33589737122198954,134
scene0050_00,1,True,103508,43771,21189,17551,8702,6652,0.256591796875,0.249267578125,0.216064453125,292
