method,cohort,scene,role,representation,decision,geometry_conditioning
EV00_D2,replica8,office0,inherited,none,none,none
EV00_D2,replica8,office1,inherited,none,none,none
EV00_D2,replica8,office2,inherited,none,none,none
EV00_D2,replica8,office3,inherited,none,none,none
EV00_D2,replica8,office4,inherited,none,none,none
EV00_D2,replica8,room0,inherited,none,none,none
EV00_D2,replica8,room1,inherited,none,none,none
EV00_D2,replica8,room2,inherited,none,none,none
EV00_D2,scannet_cf18,scene0011_00,inherited,none,none,none
EV00_D2,scannet_cf18,scene0011_01,inherited,none,none,none
EV00_D2,scannet_cf18,scene0050_00,inherited,none,none,none
EV00_D2,scannet_cf18,scene0050_01,inherited,none,none,none
EV00_D2,scannet_cf18,scene0050_02,inherited,none,none,none
EV00_D2,scannet_cf18,scene0084_00,inherited,none,none,none
EV00_D2,scannet_cf18,scene0084_01,inherited,none,none,none
EV00_D2,scannet_cf18,scene0084_02,inherited,none,none,none
EV00_D2,scannet_cf18,scene0168_00,inherited,none,none,none
EV00_D2,scannet_cf18,scene0168_01,inherited,none,none,none
EV00_D2,scannet_cf18,scene0168_02,inherited,none,none,none
EV00_D2,scannet_cf18,scene0231_00,inherited,none,none,none
EV00_D2,scannet_cf18,scene0231_01,inherited,none,none,none
EV00_D2,scannet_cf18,scene0231_02,inherited,none,none,none
EV00_D2,scannet_cf18,scene0378_00,inherited,none,none,none
EV00_D2,scannet_cf18,scene0378_01,inherited,none,none,none
EV00_D2,scannet_cf18,scene0378_02,inherited,none,none,none
EV00_D2,scannet_cf18,scene0518_00,inherited,none,none,none
EV01_G1_V2,replica8,office0,inherited,v2,none,none
EV01_G1_V2,replica8,office1,inherited,v2,none,none
EV01_G1_V2,replica8,office2,inherited,v2,none,none
EV01_G1_V2,replica8,office3,inherited,v2,none,none
EV01_G1_V2,replica8,office4,inherited,v2,none,none
EV01_G1_V2,replica8,room0,inherited,v2,none,none
EV01_G1_V2,replica8,room1,inherited,v2,none,none
EV01_G1_V2,replica8,room2,inherited,v2,none,none
EV01_G1_V2,scannet_cf18,scene0011_00,inherited,v2,none,none
EV01_G1_V2,scannet_cf18,scene0011_01,inherited,v2,none,none
EV01_G1_V2,scannet_cf18,scene0050_00,inherited,v2,none,none
EV01_G1_V2,scannet_cf18,scene0050_01,inherited,v2,none,none
EV01_G1_V2,scannet_cf18,scene0050_02,inherited,v2,none,none
EV01_G1_V2,scannet_cf18,scene0084_00,inherited,v2,none,none
EV01_G1_V2,scannet_cf18,scene0084_01,inherited,v2,none,none
EV01_G1_V2,scannet_cf18,scene0084_02,inherited,v2,none,none
EV01_G1_V2,scannet_cf18,scene0168_00,inherited,v2,none,none
EV01_G1_V2,scannet_cf18,scene0168_01,inherited,v2,none,none
EV01_G1_V2,scannet_cf18,scene0168_02,inherited,v2,none,none
EV01_G1_V2,scannet_cf18,scene0231_00,inherited,v2,none,none
EV01_G1_V2,scannet_cf18,scene0231_01,inherited,v2,none,none
EV01_G1_V2,scannet_cf18,scene0231_02,inherited,v2,none,none
EV01_G1_V2,scannet_cf18,scene0378_00,inherited,v2,none,none
EV01_G1_V2,scannet_cf18,scene0378_01,inherited,v2,none,none
EV01_G1_V2,scannet_cf18,scene0378_02,inherited,v2,none,none
EV01_G1_V2,scannet_cf18,scene0518_00,inherited,v2,none,none
EV02_MARGIN,replica8,office0,control,v2,margin,none
EV02_MARGIN,replica8,office1,control,v2,margin,none
EV02_MARGIN,replica8,office2,control,v2,margin,none
EV02_MARGIN,replica8,office3,control,v2,margin,none
EV02_MARGIN,replica8,office4,control,v2,margin,none
EV02_MARGIN,replica8,room0,control,v2,margin,none
EV02_MARGIN,replica8,room1,control,v2,margin,none
EV02_MARGIN,replica8,room2,control,v2,margin,none
EV02_MARGIN,scannet_cf18,scene0011_00,control,v2,margin,none
EV02_MARGIN,scannet_cf18,scene0011_01,control,v2,margin,none
EV02_MARGIN,scannet_cf18,scene0050_00,control,v2,margin,none
EV02_MARGIN,scannet_cf18,scene0050_01,control,v2,margin,none
EV02_MARGIN,scannet_cf18,scene0050_02,control,v2,margin,none
EV02_MARGIN,scannet_cf18,scene0084_00,control,v2,margin,none
EV02_MARGIN,scannet_cf18,scene0084_01,control,v2,margin,none
EV02_MARGIN,scannet_cf18,scene0084_02,control,v2,margin,none
EV02_MARGIN,scannet_cf18,scene0168_00,control,v2,margin,none
EV02_MARGIN,scannet_cf18,scene0168_01,control,v2,margin,none
EV02_MARGIN,scannet_cf18,scene0168_02,control,v2,margin,none
EV02_MARGIN,scannet_cf18,scene0231_00,control,v2,margin,none
EV02_MARGIN,scannet_cf18,scene0231_01,control,v2,margin,none
EV02_MARGIN,scannet_cf18,scene0231_02,control,v2,margin,none
EV02_MARGIN,scannet_cf18,scene0378_00,control,v2,margin,none
EV02_MARGIN,scannet_cf18,scene0378_01,control,v2,margin,none
EV02_MARGIN,scannet_cf18,scene0378_02,control,v2,margin,none
EV02_MARGIN,scannet_cf18,scene0518_00,control,v2,margin,none
EV03_CONTRAST,replica8,office0,proposed,v2,contrast_margin,none
EV03_CONTRAST,replica8,office1,proposed,v2,contrast_margin,none
EV03_CONTRAST,replica8,office2,proposed,v2,contrast_margin,none
EV03_CONTRAST,replica8,office3,proposed,v2,contrast_margin,none
EV03_CONTRAST,replica8,office4,proposed,v2,contrast_margin,none
EV03_CONTRAST,replica8,room0,proposed,v2,contrast_margin,none
EV03_CONTRAST,replica8,room1,proposed,v2,contrast_margin,none
EV03_CONTRAST,replica8,room2,proposed,v2,contrast_margin,none
EV03_CONTRAST,scannet_cf18,scene0011_00,proposed,v2,contrast_margin,none
EV03_CONTRAST,scannet_cf18,scene0011_01,proposed,v2,contrast_margin,none
EV03_CONTRAST,scannet_cf18,scene0050_00,proposed,v2,contrast_margin,none
EV03_CONTRAST,scannet_cf18,scene0050_01,proposed,v2,contrast_margin,none
EV03_CONTRAST,scannet_cf18,scene0050_02,proposed,v2,contrast_margin,none
EV03_CONTRAST,scannet_cf18,scene0084_00,proposed,v2,contrast_margin,none
EV03_CONTRAST,scannet_cf18,scene0084_01,proposed,v2,contrast_margin,none
EV03_CONTRAST,scannet_cf18,scene0084_02,proposed,v2,contrast_margin,none
EV03_CONTRAST,scannet_cf18,scene0168_00,proposed,v2,contrast_margin,none
EV03_CONTRAST,scannet_cf18,scene0168_01,proposed,v2,contrast_margin,none
EV03_CONTRAST,scannet_cf18,scene0168_02,proposed,v2,contrast_margin,none
EV03_CONTRAST,scannet_cf18,scene0231_00,proposed,v2,contrast_margin,none
EV03_CONTRAST,scannet_cf18,scene0231_01,proposed,v2,contrast_margin,none
EV03_CONTRAST,scannet_cf18,scene0231_02,proposed,v2,contrast_margin,none
EV03_CONTRAST,scannet_cf18,scene0378_00,proposed,v2,contrast_margin,none
EV03_CONTRAST,scannet_cf18,scene0378_01,proposed,v2,contrast_margin,none
EV03_CONTRAST,scannet_cf18,scene0378_02,proposed,v2,contrast_margin,none
EV03_CONTRAST,scannet_cf18,scene0518_00,proposed,v2,contrast_margin,none
EV04_BILINEAR,replica8,office0,control,bilinear,none,none
EV04_BILINEAR,replica8,office1,control,bilinear,none,none
EV04_BILINEAR,replica8,office2,control,bilinear,none,none
EV04_BILINEAR,replica8,office3,control,bilinear,none,none
EV04_BILINEAR,replica8,office4,control,bilinear,none,none
EV04_BILINEAR,replica8,room0,control,bilinear,none,none
EV04_BILINEAR,replica8,room1,control,bilinear,none,none
EV04_BILINEAR,replica8,room2,control,bilinear,none,none
EV04_BILINEAR,scannet_cf18,scene0011_00,control,bilinear,none,none
EV04_BILINEAR,scannet_cf18,scene0011_01,control,bilinear,none,none
EV04_BILINEAR,scannet_cf18,scene0050_00,control,bilinear,none,none
EV04_BILINEAR,scannet_cf18,scene0050_01,control,bilinear,none,none
EV04_BILINEAR,scannet_cf18,scene0050_02,control,bilinear,none,none
EV04_BILINEAR,scannet_cf18,scene0084_00,control,bilinear,none,none
EV04_BILINEAR,scannet_cf18,scene0084_01,control,bilinear,none,none
EV04_BILINEAR,scannet_cf18,scene0084_02,control,bilinear,none,none
EV04_BILINEAR,scannet_cf18,scene0168_00,control,bilinear,none,none
EV04_BILINEAR,scannet_cf18,scene0168_01,control,bilinear,none,none
EV04_BILINEAR,scannet_cf18,scene0168_02,control,bilinear,none,none
EV04_BILINEAR,scannet_cf18,scene0231_00,control,bilinear,none,none
EV04_BILINEAR,scannet_cf18,scene0231_01,control,bilinear,none,none
EV04_BILINEAR,scannet_cf18,scene0231_02,control,bilinear,none,none
EV04_BILINEAR,scannet_cf18,scene0378_00,control,bilinear,none,none
EV04_BILINEAR,scannet_cf18,scene0378_01,control,bilinear,none,none
EV04_BILINEAR,scannet_cf18,scene0378_02,control,bilinear,none,none
EV04_BILINEAR,scannet_cf18,scene0518_00,control,bilinear,none,none
EV05_ANYUP,replica8,office0,control,anyup,none,none
EV05_ANYUP,replica8,office1,control,anyup,none,none
EV05_ANYUP,replica8,office2,control,anyup,none,none
EV05_ANYUP,replica8,office3,control,anyup,none,none
EV05_ANYUP,replica8,office4,control,anyup,none,none
EV05_ANYUP,replica8,room0,control,anyup,none,none
EV05_ANYUP,replica8,room1,control,anyup,none,none
EV05_ANYUP,replica8,room2,control,anyup,none,none
EV05_ANYUP,scannet_cf18,scene0011_00,control,anyup,none,none
EV05_ANYUP,scannet_cf18,scene0011_01,control,anyup,none,none
EV05_ANYUP,scannet_cf18,scene0050_00,control,anyup,none,none
EV05_ANYUP,scannet_cf18,scene0050_01,control,anyup,none,none
EV05_ANYUP,scannet_cf18,scene0050_02,control,anyup,none,none
EV05_ANYUP,scannet_cf18,scene0084_00,control,anyup,none,none
EV05_ANYUP,scannet_cf18,scene0084_01,control,anyup,none,none
EV05_ANYUP,scannet_cf18,scene0084_02,control,anyup,none,none
EV05_ANYUP,scannet_cf18,scene0168_00,control,anyup,none,none
EV05_ANYUP,scannet_cf18,scene0168_01,control,anyup,none,none
EV05_ANYUP,scannet_cf18,scene0168_02,control,anyup,none,none
EV05_ANYUP,scannet_cf18,scene0231_00,control,anyup,none,none
EV05_ANYUP,scannet_cf18,scene0231_01,control,anyup,none,none
EV05_ANYUP,scannet_cf18,scene0231_02,control,anyup,none,none
EV05_ANYUP,scannet_cf18,scene0378_00,control,anyup,none,none
EV05_ANYUP,scannet_cf18,scene0378_01,control,anyup,none,none
EV05_ANYUP,scannet_cf18,scene0378_02,control,anyup,none,none
EV05_ANYUP,scannet_cf18,scene0518_00,control,anyup,none,none
EV06_OWNER_ANYUP,replica8,office0,proposed,anyup,none,owner_depth
EV06_OWNER_ANYUP,replica8,office1,proposed,anyup,none,owner_depth
EV06_OWNER_ANYUP,replica8,office2,proposed,anyup,none,owner_depth
EV06_OWNER_ANYUP,replica8,office3,proposed,anyup,none,owner_depth
EV06_OWNER_ANYUP,replica8,office4,proposed,anyup,none,owner_depth
EV06_OWNER_ANYUP,replica8,room0,proposed,anyup,none,owner_depth
EV06_OWNER_ANYUP,replica8,room1,proposed,anyup,none,owner_depth
EV06_OWNER_ANYUP,replica8,room2,proposed,anyup,none,owner_depth
EV06_OWNER_ANYUP,scannet_cf18,scene0011_00,proposed,anyup,none,owner_depth
EV06_OWNER_ANYUP,scannet_cf18,scene0011_01,proposed,anyup,none,owner_depth
EV06_OWNER_ANYUP,scannet_cf18,scene0050_00,proposed,anyup,none,owner_depth
EV06_OWNER_ANYUP,scannet_cf18,scene0050_01,proposed,anyup,none,owner_depth
EV06_OWNER_ANYUP,scannet_cf18,scene0050_02,proposed,anyup,none,owner_depth
EV06_OWNER_ANYUP,scannet_cf18,scene0084_00,proposed,anyup,none,owner_depth
EV06_OWNER_ANYUP,scannet_cf18,scene0084_01,proposed,anyup,none,owner_depth
EV06_OWNER_ANYUP,scannet_cf18,scene0084_02,proposed,anyup,none,owner_depth
EV06_OWNER_ANYUP,scannet_cf18,scene0168_00,proposed,anyup,none,owner_depth
EV06_OWNER_ANYUP,scannet_cf18,scene0168_01,proposed,anyup,none,owner_depth
EV06_OWNER_ANYUP,scannet_cf18,scene0168_02,proposed,anyup,none,owner_depth
EV06_OWNER_ANYUP,scannet_cf18,scene0231_00,proposed,anyup,none,owner_depth
EV06_OWNER_ANYUP,scannet_cf18,scene0231_01,proposed,anyup,none,owner_depth
EV06_OWNER_ANYUP,scannet_cf18,scene0231_02,proposed,anyup,none,owner_depth
EV06_OWNER_ANYUP,scannet_cf18,scene0378_00,proposed,anyup,none,owner_depth
EV06_OWNER_ANYUP,scannet_cf18,scene0378_01,proposed,anyup,none,owner_depth
EV06_OWNER_ANYUP,scannet_cf18,scene0378_02,proposed,anyup,none,owner_depth
EV06_OWNER_ANYUP,scannet_cf18,scene0518_00,proposed,anyup,none,owner_depth
EV07_COMBINATION,replica8,office0,proposed,anyup,contrast_margin,owner_depth
EV07_COMBINATION,replica8,office1,proposed,anyup,contrast_margin,owner_depth
EV07_COMBINATION,replica8,office2,proposed,anyup,contrast_margin,owner_depth
EV07_COMBINATION,replica8,office3,proposed,anyup,contrast_margin,owner_depth
EV07_COMBINATION,replica8,office4,proposed,anyup,contrast_margin,owner_depth
EV07_COMBINATION,replica8,room0,proposed,anyup,contrast_margin,owner_depth
EV07_COMBINATION,replica8,room1,proposed,anyup,contrast_margin,owner_depth
EV07_COMBINATION,replica8,room2,proposed,anyup,contrast_margin,owner_depth
EV07_COMBINATION,scannet_cf18,scene0011_00,proposed,anyup,contrast_margin,owner_depth
EV07_COMBINATION,scannet_cf18,scene0011_01,proposed,anyup,contrast_margin,owner_depth
EV07_COMBINATION,scannet_cf18,scene0050_00,proposed,anyup,contrast_margin,owner_depth
EV07_COMBINATION,scannet_cf18,scene0050_01,proposed,anyup,contrast_margin,owner_depth
EV07_COMBINATION,scannet_cf18,scene0050_02,proposed,anyup,contrast_margin,owner_depth
EV07_COMBINATION,scannet_cf18,scene0084_00,proposed,anyup,contrast_margin,owner_depth
EV07_COMBINATION,scannet_cf18,scene0084_01,proposed,anyup,contrast_margin,owner_depth
EV07_COMBINATION,scannet_cf18,scene0084_02,proposed,anyup,contrast_margin,owner_depth
EV07_COMBINATION,scannet_cf18,scene0168_00,proposed,anyup,contrast_margin,owner_depth
EV07_COMBINATION,scannet_cf18,scene0168_01,proposed,anyup,contrast_margin,owner_depth
EV07_COMBINATION,scannet_cf18,scene0168_02,proposed,anyup,contrast_margin,owner_depth
EV07_COMBINATION,scannet_cf18,scene0231_00,proposed,anyup,contrast_margin,owner_depth
EV07_COMBINATION,scannet_cf18,scene0231_01,proposed,anyup,contrast_margin,owner_depth
EV07_COMBINATION,scannet_cf18,scene0231_02,proposed,anyup,contrast_margin,owner_depth
EV07_COMBINATION,scannet_cf18,scene0378_00,proposed,anyup,contrast_margin,owner_depth
EV07_COMBINATION,scannet_cf18,scene0378_01,proposed,anyup,contrast_margin,owner_depth
EV07_COMBINATION,scannet_cf18,scene0378_02,proposed,anyup,contrast_margin,owner_depth
EV07_COMBINATION,scannet_cf18,scene0518_00,proposed,anyup,contrast_margin,owner_depth
EV08_NO_DEPTH,replica8,office0,ablation,anyup,none,owner_only
EV08_NO_DEPTH,replica8,office1,ablation,anyup,none,owner_only
EV08_NO_DEPTH,replica8,office2,ablation,anyup,none,owner_only
EV08_NO_DEPTH,replica8,office3,ablation,anyup,none,owner_only
EV08_NO_DEPTH,replica8,office4,ablation,anyup,none,owner_only
EV08_NO_DEPTH,replica8,room0,ablation,anyup,none,owner_only
EV08_NO_DEPTH,replica8,room1,ablation,anyup,none,owner_only
EV08_NO_DEPTH,replica8,room2,ablation,anyup,none,owner_only
EV08_NO_DEPTH,scannet_cf18,scene0011_00,ablation,anyup,none,owner_only
EV08_NO_DEPTH,scannet_cf18,scene0011_01,ablation,anyup,none,owner_only
EV08_NO_DEPTH,scannet_cf18,scene0050_00,ablation,anyup,none,owner_only
EV08_NO_DEPTH,scannet_cf18,scene0050_01,ablation,anyup,none,owner_only
EV08_NO_DEPTH,scannet_cf18,scene0050_02,ablation,anyup,none,owner_only
EV08_NO_DEPTH,scannet_cf18,scene0084_00,ablation,anyup,none,owner_only
EV08_NO_DEPTH,scannet_cf18,scene0084_01,ablation,anyup,none,owner_only
EV08_NO_DEPTH,scannet_cf18,scene0084_02,ablation,anyup,none,owner_only
EV08_NO_DEPTH,scannet_cf18,scene0168_00,ablation,anyup,none,owner_only
EV08_NO_DEPTH,scannet_cf18,scene0168_01,ablation,anyup,none,owner_only
EV08_NO_DEPTH,scannet_cf18,scene0168_02,ablation,anyup,none,owner_only
EV08_NO_DEPTH,scannet_cf18,scene0231_00,ablation,anyup,none,owner_only
EV08_NO_DEPTH,scannet_cf18,scene0231_01,ablation,anyup,none,owner_only
EV08_NO_DEPTH,scannet_cf18,scene0231_02,ablation,anyup,none,owner_only
EV08_NO_DEPTH,scannet_cf18,scene0378_00,ablation,anyup,none,owner_only
EV08_NO_DEPTH,scannet_cf18,scene0378_01,ablation,anyup,none,owner_only
EV08_NO_DEPTH,scannet_cf18,scene0378_02,ablation,anyup,none,owner_only
EV08_NO_DEPTH,scannet_cf18,scene0518_00,ablation,anyup,none,owner_only
