Cohort,Comparison,ΔAPall_pp,ΔAP50_pp,ΔmIoU_pp,Accepted,Deferred,Relabelled,Lost_reference_TP50,Removed_reference_FP50,Lost_B1_TP50,Removed_B1_FP50
replica8,EV03_CONTRAST / EV02_MARGIN,0.0,0.0,0.0,22,20,0,0,0,0,1
replica8,EV05_ANYUP / EV04_BILINEAR,0.28935185185185314,0.520833333333337,0.20865621285537927,42,0,15,0,2,0,1
replica8,EV06_OWNER_ANYUP / EV05_ANYUP,-0.28935185185185314,-0.520833333333337,-0.18976038497599546,42,0,12,0,1,0,1
replica8,EV06_OWNER_ANYUP / EV08_NO_DEPTH,0.0,0.0,0.013625879401352181,42,0,12,0,1,0,1
replica8,EV07_COMBINATION / EV03_CONTRAST,0.0,0.0,0.045773991657999114,20,22,1,0,1,0,2
replica8,EV07_COMBINATION / EV06_OWNER_ANYUP,0.28935185185185314,0.520833333333337,0.1082170181601061,20,22,1,0,4,0,2
scannet_cf18,EV03_CONTRAST / EV02_MARGIN,-0.025839793281651202,-0.029069767441863847,-0.011994054806171994,77,55,0,0,3,0,17
scannet_cf18,EV05_ANYUP / EV04_BILINEAR,0.028734544238419313,0.044426933961816406,0.014794646493329622,132,0,50,0,8,0,17
scannet_cf18,EV06_OWNER_ANYUP / EV05_ANYUP,-0.027685492801771128,-0.04152823920265947,-0.0005961097042844754,132,0,44,0,2,0,15
scannet_cf18,EV06_OWNER_ANYUP / EV08_NO_DEPTH,0.0,0.0,0.0,132,0,44,0,0,0,15
scannet_cf18,EV07_COMBINATION / EV03_CONTRAST,0.025839793281651202,0.029069767441863847,0.024814164074052347,81,51,15,0,7,0,23
scannet_cf18,EV07_COMBINATION / EV06_OWNER_ANYUP,0.02818241190334081,0.04264630718119056,0.00444472698258036,81,51,15,0,18,0,23
