kind,scope,method,subset,condition,NLL,categories,classification_denominator,correlated_variants,families,macro_recall,original_objects,top1,variant_records,top1_drop_from_clean_pp,NLL_change_from_clean,requested_prefix,actual_view_histogram,missing_requested_prefix,repeated_padding_views,logical_object_conditions,valid_local_tokens,possible_local_tokens,MA_fallbacks,views_2,views_3_4,views_5_8,unavailable_local_fraction,no_op_original_objects,stage,seconds,peak_allocated_GiB,peak_reserved_GiB,source_receipt,memory_boundary,add_to_total,memory_missing_reason,timing_missing_reason,timing_boundary,source_receipts,derivation,conditional_on_cached_features,add_to_scientific_total,scientific_optimizer_updates,new_FC_image_encodings,seed,optimizer_updates,parameters,auxiliary_counts,timing_scope,CPU_workers,distinct_FC_image_tensors,actual_FC_image_encodings,image_budget_upper,new_NQ_encodings,new_segmentation_calls,new_AnyUp_calls,new_SAMV_calls,selected_for_science,scientific_updates,failure_reason,GPU_inference,scenes
H_CONTROLLED_CORRUPTION,PROPOSAL_RECOGNITION,LR02_FC_2,all,clean,4.419452710156733,23,200,True,4,0.4129054520358868,101,0.297029702970297,101,0.0,0.0,,,,,,,,,,,,,,,,,,,,,,,,,,,,,,,,,,,,,,,,,,,,,,,
H_CONTROLLED_CORRUPTION,PROPOSAL_RECOGNITION,LR02_FC_2,all,truncate,4.43821029864403,23,200,True,4,0.4198895790200137,101,0.32673267326732675,101,-2.970297029702973,0.018757588487297028,,,,,,,,,,,,,,,,,,,,,,,,,,,,,,,,,,,,,,,,,,,,,,,
H_CONTROLLED_CORRUPTION,PROPOSAL_RECOGNITION,LR02_FC_2,all,append,4.416102802110519,23,200,True,4,0.40679779158040025,101,0.297029702970297,101,0.0,-0.003349908046214267,,,,,,,,,,,,,,,,,,,,,,,,,,,,,,,,,,,,,,,,,,,,,,,
H_CONTROLLED_CORRUPTION,PROPOSAL_RECOGNITION,LR02_FC_2,all,truncate_append,4.429870180560838,23,200,True,4,0.4524982746721877,101,0.3465346534653465,101,-4.95049504950495,0.010417470404104456,,,,,,,,,,,,,,,,,,,,,,,,,,,,,,,,,,,,,,,,,,,,,,,
H_CONTROLLED_CORRUPTION,PROPOSAL_RECOGNITION,LR02_FC_2,base,clean,4.45320060629256,17,200,True,4,0.3968720821661998,79,0.22784810126582278,79,0.0,0.0,,,,,,,,,,,,,,,,,,,,,,,,,,,,,,,,,,,,,,,,,,,,,,,
H_CONTROLLED_CORRUPTION,PROPOSAL_RECOGNITION,LR02_FC_2,base,truncate,4.486245644370381,17,200,True,4,0.3945564892623716,79,0.25316455696202533,79,-2.5316455696202556,0.03304503807782133,,,,,,,,,,,,,,,,,,,,,,,,,,,,,,,,,,,,,,,,,,,,,,,
H_CONTROLLED_CORRUPTION,PROPOSAL_RECOGNITION,LR02_FC_2,base,append,4.442158796831584,17,200,True,4,0.40037348272642387,79,0.24050632911392406,79,-1.2658227848101278,-0.011041809460976104,,,,,,,,,,,,,,,,,,,,,,,,,,,,,,,,,,,,,,,,,,,,,,,
H_CONTROLLED_CORRUPTION,PROPOSAL_RECOGNITION,LR02_FC_2,base,truncate_append,4.467863112764418,17,200,True,4,0.4386741363211951,79,0.27848101265822783,79,-5.063291139240506,0.01466250647185774,,,,,,,,,,,,,,,,,,,,,,,,,,,,,,,,,,,,,,,,,,,,,,,
H_CONTROLLED_CORRUPTION,PROPOSAL_RECOGNITION,LR02_FC_2,heldout,clean,4.298267083123537,6,200,True,4,0.4583333333333333,22,0.5454545454545454,22,0.0,0.0,,,,,,,,,,,,,,,,,,,,,,,,,,,,,,,,,,,,,,,,,,,,,,,
H_CONTROLLED_CORRUPTION,PROPOSAL_RECOGNITION,LR02_FC_2,heldout,truncate,4.265719738990317,6,200,True,4,0.4916666666666667,22,0.5909090909090909,22,-4.545454545454552,-0.0325473441332198,,,,,,,,,,,,,,,,,,,,,,,,,,,,,,,,,,,,,,,,,,,,,,,
H_CONTROLLED_CORRUPTION,PROPOSAL_RECOGNITION,LR02_FC_2,heldout,append,4.322538093793965,6,200,True,4,0.425,22,0.5,22,4.545454545454541,0.024271010670428694,,,,,,,,,,,,,,,,,,,,,,,,,,,,,,,,,,,,,,,,,,,,,,,
H_CONTROLLED_CORRUPTION,PROPOSAL_RECOGNITION,LR02_FC_2,heldout,truncate_append,4.293441014920706,6,200,True,4,0.4916666666666667,22,0.5909090909090909,22,-4.545454545454552,-0.004826068202830491,,,,,,,,,,,,,,,,,,,,,,,,,,,,,,,,,,,,,,,,,,,,,,,
H_CONTROLLED_CORRUPTION,PROPOSAL_RECOGNITION,LR03_FC_4,all,clean,4.442163863618969,23,200,True,4,0.41766735679779154,101,0.297029702970297,101,0.0,0.0,,,,,,,,,,,,,,,,,,,,,,,,,,,,,,,,,,,,,,,,,,,,,,,
H_CONTROLLED_CORRUPTION,PROPOSAL_RECOGNITION,LR03_FC_4,all,truncate,4.464477993312802,23,200,True,4,0.41783988957902,101,0.3069306930693069,101,-0.990099009900991,0.022314129693833173,,,,,,,,,,,,,,,,,,,,,,,,,,,,,,,,,,,,,,,,,,,,,,,
H_CONTROLLED_CORRUPTION,PROPOSAL_RECOGNITION,LR03_FC_4,all,append,4.435176612466479,23,200,True,4,0.4224982746721877,101,0.3069306930693069,101,-0.990099009900991,-0.006987251152490437,,,,,,,,,,,,,,,,,,,,,,,,,,,,,,,,,,,,,,,,,,,,,,,
H_CONTROLLED_CORRUPTION,PROPOSAL_RECOGNITION,LR03_FC_4,all,truncate_append,4.4552354275006225,23,200,True,4,0.4250862663906142,101,0.31683168316831684,101,-1.980198019801982,0.013071563881653425,,,,,,,,,,,,,,,,,,,,,,,,,,,,,,,,,,,,,,,,,,,,,,,
H_CONTROLLED_CORRUPTION,PROPOSAL_RECOGNITION,LR03_FC_4,base,clean,4.46850181896708,17,200,True,4,0.41507936507936505,79,0.24050632911392406,79,0.0,0.0,,,,,,,,,,,,,,,,,,,,,,,,,,,,,,,,,,,,,,,,,,,,,,,
H_CONTROLLED_CORRUPTION,PROPOSAL_RECOGNITION,LR03_FC_4,base,truncate,4.503291200658685,17,200,True,4,0.4104108309990663,79,0.25316455696202533,79,-1.2658227848101278,0.03478938169160539,,,,,,,,,,,,,,,,,,,,,,,,,,,,,,,,,,,,,,,,,,,,,,,
H_CONTROLLED_CORRUPTION,PROPOSAL_RECOGNITION,LR03_FC_4,base,append,4.455938255725692,17,200,True,4,0.4216153127917834,79,0.25316455696202533,79,-1.2658227848101278,-0.012563563241387854,,,,,,,,,,,,,,,,,,,,,,,,,,,,,,,,,,,,,,,,,,,,,,,
H_CONTROLLED_CORRUPTION,PROPOSAL_RECOGNITION,LR03_FC_4,base,truncate_append,4.4878918110543315,17,200,True,4,0.42511671335200746,79,0.26582278481012656,79,-2.53164556962025,0.019389992087251784,,,,,,,,,,,,,,,,,,,,,,,,,,,,,,,,,,,,,,,,,,,,,,,
H_CONTROLLED_CORRUPTION,PROPOSAL_RECOGNITION,LR03_FC_4,heldout,clean,4.34758666032348,6,200,True,4,0.425,22,0.5,22,0.0,0.0,,,,,,,,,,,,,,,,,,,,,,,,,,,,,,,,,,,,,,,,,,,,,,,
H_CONTROLLED_CORRUPTION,PROPOSAL_RECOGNITION,LR03_FC_4,heldout,truncate,4.325103294207131,6,200,True,4,0.4388888888888889,22,0.5,22,0.0,-0.022483366116349046,,,,,,,,,,,,,,,,,,,,,,,,,,,,,,,,,,,,,,,,,,,,,,,
H_CONTROLLED_CORRUPTION,PROPOSAL_RECOGNITION,LR03_FC_4,heldout,append,4.36062343894476,6,200,True,4,0.425,22,0.5,22,0.0,0.013036778621279943,,,,,,,,,,,,,,,,,,,,,,,,,,,,,,,,,,,,,,,,,,,,,,,
H_CONTROLLED_CORRUPTION,PROPOSAL_RECOGNITION,LR03_FC_4,heldout,truncate_append,4.337969322921392,6,200,True,4,0.425,22,0.5,22,0.0,-0.009617337402088033,,,,,,,,,,,,,,,,,,,,,,,,,,,,,,,,,,,,,,,,,,,,,,,
H_CONTROLLED_CORRUPTION,PROPOSAL_RECOGNITION,LR04_FC_8,all,clean,4.473302269325667,23,200,True,4,0.4255693581780538,101,0.33663366336633666,101,0.0,0.0,,,,,,,,,,,,,,,,,,,,,,,,,,,,,,,,,,,,,,,,,,,,,,,
H_CONTROLLED_CORRUPTION,PROPOSAL_RECOGNITION,LR04_FC_8,all,truncate,4.488479538585013,23,200,True,4,0.45117322291235334,101,0.3465346534653465,101,-0.9900990099009854,0.015177269259345927,,,,,,,,,,,,,,,,,,,,,,,,,,,,,,,,,,,,,,,,,,,,,,,
H_CONTROLLED_CORRUPTION,PROPOSAL_RECOGNITION,LR04_FC_8,all,append,4.46842295396514,23,200,True,4,0.4266045548654244,101,0.32673267326732675,101,0.990099009900991,-0.004879315360526881,,,,,,,,,,,,,,,,,,,,,,,,,,,,,,,,,,,,,,,,,,,,,,,
H_CONTROLLED_CORRUPTION,PROPOSAL_RECOGNITION,LR04_FC_8,all,truncate_append,4.482430567678018,23,200,True,4,0.4386128364389234,101,0.33663366336633666,101,0.0,0.009128298352351294,,,,,,,,,,,,,,,,,,,,,,,,,,,,,,,,,,,,,,,,,,,,,,,
H_CONTROLLED_CORRUPTION,PROPOSAL_RECOGNITION,LR04_FC_8,base,clean,4.493673212734759,17,200,True,4,0.4110644257703081,79,0.27848101265822783,79,0.0,0.0,,,,,,,,,,,,,,,,,,,,,,,,,,,,,,,,,,,,,,,,,,,,,,,
H_CONTROLLED_CORRUPTION,PROPOSAL_RECOGNITION,LR04_FC_8,base,truncate,4.521429423838733,17,200,True,4,0.42217553688141923,79,0.26582278481012656,79,1.2658227848101278,0.027756211103974415,,,,,,,,,,,,,,,,,,,,,,,,,,,,,,,,,,,,,,,,,,,,,,,
H_CONTROLLED_CORRUPTION,PROPOSAL_RECOGNITION,LR04_FC_8,base,append,4.4849140989960254,17,200,True,4,0.41246498599439774,79,0.26582278481012656,79,1.2658227848101278,-0.008759113738733504,,,,,,,,,,,,,,,,,,,,,,,,,,,,,,,,,,,,,,,,,,,,,,,
H_CONTROLLED_CORRUPTION,PROPOSAL_RECOGNITION,LR04_FC_8,base,truncate_append,4.511286698164922,17,200,True,4,0.4169467787114846,79,0.26582278481012656,79,1.2658227848101278,0.017613485430162612,,,,,,,,,,,,,,,,,,,,,,,,,,,,,,,,,,,,,,,,,,,,,,,
H_CONTROLLED_CORRUPTION,PROPOSAL_RECOGNITION,LR04_FC_8,heldout,clean,4.400152063447562,6,200,True,4,0.4666666666666666,22,0.5454545454545454,22,0.0,0.0,,,,,,,,,,,,,,,,,,,,,,,,,,,,,,,,,,,,,,,,,,,,,,,
H_CONTROLLED_CORRUPTION,PROPOSAL_RECOGNITION,LR04_FC_8,heldout,truncate,4.370159496083016,6,200,True,4,0.5333333333333333,22,0.6363636363636364,22,-9.090909090909093,-0.029992567364546474,,,,,,,,,,,,,,,,,,,,,,,,,,,,,,,,,,,,,,,,,,,,,,,
H_CONTROLLED_CORRUPTION,PROPOSAL_RECOGNITION,LR04_FC_8,heldout,append,4.409204751354233,6,200,True,4,0.4666666666666666,22,0.5454545454545454,22,0.0,0.009052687906670798,,,,,,,,,,,,,,,,,,,,,,,,,,,,,,,,,,,,,,,,,,,,,,,
H_CONTROLLED_CORRUPTION,PROPOSAL_RECOGNITION,LR04_FC_8,heldout,truncate_append,4.37881082638414,6,200,True,4,0.5,22,0.5909090909090909,22,-4.545454545454552,-0.021341237063421836,,,,,,,,,,,,,,,,,,,,,,,,,,,,,,,,,,,,,,,,,,,,,,,
H_CONTROLLED_CORRUPTION,PROPOSAL_RECOGNITION,LR05_MA_8,all,clean,4.298798030169059,23,200,True,4,0.2743271221532091,101,0.2376237623762376,101,0.0,0.0,,,,,,,,,,,,,,,,,,,,,,,,,,,,,,,,,,,,,,,,,,,,,,,
H_CONTROLLED_CORRUPTION,PROPOSAL_RECOGNITION,LR05_MA_8,all,truncate,4.333921744081725,23,200,True,4,0.2634575569358178,101,0.22772277227722773,101,0.9900990099009882,0.03512371391266633,,,,,,,,,,,,,,,,,,,,,,,,,,,,,,,,,,,,,,,,,,,,,,,
H_CONTROLLED_CORRUPTION,PROPOSAL_RECOGNITION,LR05_MA_8,all,append,4.286275690013772,23,200,True,4,0.2743271221532091,101,0.2376237623762376,101,0.0,-0.012522340155286749,,,,,,,,,,,,,,,,,,,,,,,,,,,,,,,,,,,,,,,,,,,,,,,
H_CONTROLLED_CORRUPTION,PROPOSAL_RECOGNITION,LR05_MA_8,all,truncate_append,4.310431177431772,23,200,True,4,0.22867494824016563,101,0.22772277227722773,101,0.9900990099009882,0.011633147262712917,,,,,,,,,,,,,,,,,,,,,,,,,,,,,,,,,,,,,,,,,,,,,,,
H_CONTROLLED_CORRUPTION,PROPOSAL_RECOGNITION,LR05_MA_8,base,clean,4.3304116750517085,17,200,True,4,0.3182072829131653,79,0.25316455696202533,79,0.0,0.0,,,,,,,,,,,,,,,,,,,,,,,,,,,,,,,,,,,,,,,,,,,,,,,
H_CONTROLLED_CORRUPTION,PROPOSAL_RECOGNITION,LR05_MA_8,base,truncate,4.370499486167039,17,200,True,4,0.27703081232493,79,0.21518987341772153,79,3.7974683544303804,0.04008781111533022,,,,,,,,,,,,,,,,,,,,,,,,,,,,,,,,,,,,,,,,,,,,,,,
H_CONTROLLED_CORRUPTION,PROPOSAL_RECOGNITION,LR05_MA_8,base,append,4.314169934566188,17,200,True,4,0.3182072829131653,79,0.25316455696202533,79,0.0,-0.01624174048552085,,,,,,,,,,,,,,,,,,,,,,,,,,,,,,,,,,,,,,,,,,,,,,,
H_CONTROLLED_CORRUPTION,PROPOSAL_RECOGNITION,LR05_MA_8,base,truncate_append,4.341590879430413,17,200,True,4,0.2446778711484594,79,0.22784810126582278,79,2.5316455696202556,0.011179204378704455,,,,,,,,,,,,,,,,,,,,,,,,,,,,,,,,,,,,,,,,,,,,,,,
H_CONTROLLED_CORRUPTION,PROPOSAL_RECOGNITION,LR05_MA_8,heldout,clean,4.185276305363177,6,200,True,4,0.15,22,0.18181818181818182,22,0.0,0.0,,,,,,,,,,,,,,,,,,,,,,,,,,,,,,,,,,,,,,,,,,,,,,,
H_CONTROLLED_CORRUPTION,PROPOSAL_RECOGNITION,LR05_MA_8,heldout,truncate,4.202574397502643,6,200,True,4,0.225,22,0.2727272727272727,22,-9.090909090909088,0.017298092139465204,,,,,,,,,,,,,,,,,,,,,,,,,,,,,,,,,,,,,,,,,,,,,,,
H_CONTROLLED_CORRUPTION,PROPOSAL_RECOGNITION,LR05_MA_8,heldout,append,4.186109993666462,6,200,True,4,0.15,22,0.18181818181818182,22,0.0,0.0008336883032846742,,,,,,,,,,,,,,,,,,,,,,,,,,,,,,,,,,,,,,,,,,,,,,,
H_CONTROLLED_CORRUPTION,PROPOSAL_RECOGNITION,LR05_MA_8,heldout,truncate_append,4.198539520254837,6,200,True,4,0.18333333333333335,22,0.22727272727272727,22,-4.545454545454544,0.01326321489165938,,,,,,,,,,,,,,,,,,,,,,,,,,,,,,,,,,,,,,,,,,,,,,,
H_CONTROLLED_CORRUPTION,PROPOSAL_RECOGNITION,LR06_MV_VIEW,all,clean,4.210961329117838,23,200,True,4,0.27360248447204966,101,0.22772277227722773,101,0.0,0.0,,,,,,,,,,,,,,,,,,,,,,,,,,,,,,,,,,,,,,,,,,,,,,,
H_CONTROLLED_CORRUPTION,PROPOSAL_RECOGNITION,LR06_MV_VIEW,all,truncate,4.244021222198214,23,200,True,4,0.25596963423050384,101,0.2079207920792079,101,1.980198019801982,0.0330598930803756,,,,,,,,,,,,,,,,,,,,,,,,,,,,,,,,,,,,,,,,,,,,,,,
H_CONTROLLED_CORRUPTION,PROPOSAL_RECOGNITION,LR06_MV_VIEW,all,append,4.201583309815268,23,200,True,4,0.28616287094547965,101,0.2376237623762376,101,-0.9900990099009882,-0.009378019302570095,,,,,,,,,,,,,,,,,,,,,,,,,,,,,,,,,,,,,,,,,,,,,,,
H_CONTROLLED_CORRUPTION,PROPOSAL_RECOGNITION,LR06_MV_VIEW,all,truncate_append,4.221571979613931,23,200,True,4,0.29340924775707383,101,0.21782178217821782,101,0.990099009900991,0.010610650496093221,,,,,,,,,,,,,,,,,,,,,,,,,,,,,,,,,,,,,,,,,,,,,,,
H_CONTROLLED_CORRUPTION,PROPOSAL_RECOGNITION,LR06_MV_VIEW,base,clean,4.240267062065034,17,200,True,4,0.32605042016806723,79,0.25316455696202533,79,0.0,0.0,,,,,,,,,,,,,,,,,,,,,,,,,,,,,,,,,,,,,,,,,,,,,,,
H_CONTROLLED_CORRUPTION,PROPOSAL_RECOGNITION,LR06_MV_VIEW,base,truncate,4.2805579186198255,17,200,True,4,0.27866479925303456,79,0.20253164556962025,79,5.063291139240508,0.040290856554791254,,,,,,,,,,,,,,,,,,,,,,,,,,,,,,,,,,,,,,,,,,,,,,,
H_CONTROLLED_CORRUPTION,PROPOSAL_RECOGNITION,LR06_MV_VIEW,base,append,4.234076355834241,17,200,True,4,0.31951447245564896,79,0.24050632911392406,79,1.2658227848101278,-0.006190706230793097,,,,,,,,,,,,,,,,,,,,,,,,,,,,,,,,,,,,,,,,,,,,,,,
H_CONTROLLED_CORRUPTION,PROPOSAL_RECOGNITION,LR06_MV_VIEW,base,truncate_append,4.256473826443323,17,200,True,4,0.3293183940242764,79,0.21518987341772153,79,3.7974683544303804,0.01620676437828905,,,,,,,,,,,,,,,,,,,,,,,,,,,,,,,,,,,,,,,,,,,,,,,
H_CONTROLLED_CORRUPTION,PROPOSAL_RECOGNITION,LR06_MV_VIEW,heldout,clean,4.105727106261998,6,200,True,4,0.125,22,0.13636363636363635,22,0.0,0.0,,,,,,,,,,,,,,,,,,,,,,,,,,,,,,,,,,,,,,,,,,,,,,,
H_CONTROLLED_CORRUPTION,PROPOSAL_RECOGNITION,LR06_MV_VIEW,heldout,truncate,4.112821266866064,6,200,True,4,0.19166666666666665,22,0.22727272727272727,22,-9.090909090909092,0.007094160604065536,,,,,,,,,,,,,,,,,,,,,,,,,,,,,,,,,,,,,,,,,,,,,,,
H_CONTROLLED_CORRUPTION,PROPOSAL_RECOGNITION,LR06_MV_VIEW,heldout,append,4.084903735474412,6,200,True,4,0.19166666666666665,22,0.22727272727272727,22,-9.090909090909092,-0.020823370787586448,,,,,,,,,,,,,,,,,,,,,,,,,,,,,,,,,,,,,,,,,,,,,,,
H_CONTROLLED_CORRUPTION,PROPOSAL_RECOGNITION,LR06_MV_VIEW,heldout,truncate_append,4.096242620544748,6,200,True,4,0.19166666666666665,22,0.22727272727272727,22,-9.090909090909092,-0.009484485717250024,,,,,,,,,,,,,,,,,,,,,,,,,,,,,,,,,,,,,,,,,,,,,,,
H_CONTROLLED_CORRUPTION,PROPOSAL_RECOGNITION,LR07_MV_SURFACE,all,clean,4.214989255898978,23,200,True,4,0.2909937888198758,101,0.22772277227722773,101,0.0,0.0,,,,,,,,,,,,,,,,,,,,,,,,,,,,,,,,,,,,,,,,,,,,,,,
H_CONTROLLED_CORRUPTION,PROPOSAL_RECOGNITION,LR07_MV_SURFACE,all,truncate,4.251305289482107,23,200,True,4,0.30348516218081434,101,0.24752475247524752,101,-1.9801980198019793,0.0363160335831294,,,,,,,,,,,,,,,,,,,,,,,,,,,,,,,,,,,,,,,,,,,,,,,
H_CONTROLLED_CORRUPTION,PROPOSAL_RECOGNITION,LR07_MV_SURFACE,all,append,4.206504327802419,23,200,True,4,0.3115251897860593,101,0.25742574257425743,101,-2.9702970297029703,-0.008484928096558875,,,,,,,,,,,,,,,,,,,,,,,,,,,,,,,,,,,,,,,,,,,,,,,
H_CONTROLLED_CORRUPTION,PROPOSAL_RECOGNITION,LR07_MV_SURFACE,all,truncate_append,4.228321864504801,23,200,True,4,0.3216701173222912,101,0.24752475247524752,101,-1.9801980198019793,0.013332608605823637,,,,,,,,,,,,,,,,,,,,,,,,,,,,,,,,,,,,,,,,,,,,,,,
H_CONTROLLED_CORRUPTION,PROPOSAL_RECOGNITION,LR07_MV_SURFACE,base,clean,4.238137597935612,17,200,True,4,0.32605042016806723,79,0.22784810126582278,79,0.0,0.0,,,,,,,,,,,,,,,,,,,,,,,,,,,,,,,,,,,,,,,,,,,,,,,
H_CONTROLLED_CORRUPTION,PROPOSAL_RECOGNITION,LR07_MV_SURFACE,base,truncate,4.279717668179688,17,200,True,4,0.3311858076563959,79,0.24050632911392406,79,-1.2658227848101278,0.04158007024407606,,,,,,,,,,,,,,,,,,,,,,,,,,,,,,,,,,,,,,,,,,,,,,,
H_CONTROLLED_CORRUPTION,PROPOSAL_RECOGNITION,LR07_MV_SURFACE,base,append,4.228037501773905,17,200,True,4,0.33912231559290384,79,0.25316455696202533,79,-2.5316455696202556,-0.010100096161707484,,,,,,,,,,,,,,,,,,,,,,,,,,,,,,,,,,,,,,,,,,,,,,,
H_CONTROLLED_CORRUPTION,PROPOSAL_RECOGNITION,LR07_MV_SURFACE,base,truncate_append,4.255370775802194,17,200,True,4,0.35578898225957056,79,0.24050632911392406,79,-1.2658227848101278,0.01723317786658196,,,,,,,,,,,,,,,,,,,,,,,,,,,,,,,,,,,,,,,,,,,,,,,
H_CONTROLLED_CORRUPTION,PROPOSAL_RECOGNITION,LR07_MV_SURFACE,heldout,clean,4.1318656640401565,6,200,True,4,0.19166666666666665,22,0.22727272727272727,22,0.0,0.0,,,,,,,,,,,,,,,,,,,,,,,,,,,,,,,,,,,,,,,,,,,,,,,
H_CONTROLLED_CORRUPTION,PROPOSAL_RECOGNITION,LR07_MV_SURFACE,heldout,truncate,4.149279020522609,6,200,True,4,0.225,22,0.2727272727272727,22,-4.545454545454544,0.01741335648245279,,,,,,,,,,,,,,,,,,,,,,,,,,,,,,,,,,,,,,,,,,,,,,,
H_CONTROLLED_CORRUPTION,PROPOSAL_RECOGNITION,LR07_MV_SURFACE,heldout,append,4.129180657632082,6,200,True,4,0.2333333333333333,22,0.2727272727272727,22,-4.545454545454544,-0.002685006408074564,,,,,,,,,,,,,,,,,,,,,,,,,,,,,,,,,,,,,,,,,,,,,,,
H_CONTROLLED_CORRUPTION,PROPOSAL_RECOGNITION,LR07_MV_SURFACE,heldout,truncate_append,4.131191683027797,6,200,True,4,0.225,22,0.2727272727272727,22,-4.545454545454544,-0.0006739810123592704,,,,,,,,,,,,,,,,,,,,,,,,,,,,,,,,,,,,,,,,,,,,,,,
H_CONTROLLED_CORRUPTION,PROPOSAL_RECOGNITION,LR08_MV_AUX,all,clean,4.2184720846421575,23,200,True,4,0.26659765355417525,101,0.21782178217821782,101,0.0,0.0,,,,,,,,,,,,,,,,,,,,,,,,,,,,,,,,,,,,,,,,,,,,,,,
H_CONTROLLED_CORRUPTION,PROPOSAL_RECOGNITION,LR08_MV_AUX,all,truncate,4.234295031417813,23,200,True,4,0.2704623878536922,101,0.21782178217821782,101,0.0,0.01582294677565521,,,,,,,,,,,,,,,,,,,,,,,,,,,,,,,,,,,,,,,,,,,,,,,
H_CONTROLLED_CORRUPTION,PROPOSAL_RECOGNITION,LR08_MV_AUX,all,append,4.213840763029869,23,200,True,4,0.2909937888198758,101,0.24752475247524752,101,-2.9702970297029703,-0.00463132161228863,,,,,,,,,,,,,,,,,,,,,,,,,,,,,,,,,,,,,,,,,,,,,,,
H_CONTROLLED_CORRUPTION,PROPOSAL_RECOGNITION,LR08_MV_AUX,all,truncate_append,4.2197961840543865,23,200,True,4,0.29703243616287095,101,0.24752475247524752,101,-2.9702970297029703,0.0013240994122289962,,,,,,,,,,,,,,,,,,,,,,,,,,,,,,,,,,,,,,,,,,,,,,,
H_CONTROLLED_CORRUPTION,PROPOSAL_RECOGNITION,LR08_MV_AUX,base,clean,4.256980487930057,17,200,True,4,0.3048085901027078,79,0.22784810126582278,79,0.0,0.0,,,,,,,,,,,,,,,,,,,,,,,,,,,,,,,,,,,,,,,,,,,,,,,
H_CONTROLLED_CORRUPTION,PROPOSAL_RECOGNITION,LR08_MV_AUX,base,truncate,4.278754062288821,17,200,True,4,0.2982726423902895,79,0.21518987341772153,79,1.265822784810125,0.02177357435876459,,,,,,,,,,,,,,,,,,,,,,,,,,,,,,,,,,,,,,,,,,,,,,,
H_CONTROLLED_CORRUPTION,PROPOSAL_RECOGNITION,LR08_MV_AUX,base,append,4.2486894317572625,17,200,True,4,0.32605042016806723,79,0.25316455696202533,79,-2.5316455696202556,-0.008291056172794242,,,,,,,,,,,,,,,,,,,,,,,,,,,,,,,,,,,,,,,,,,,,,,,
H_CONTROLLED_CORRUPTION,PROPOSAL_RECOGNITION,LR08_MV_AUX,base,truncate_append,4.259269103260236,17,200,True,4,0.33422035480859014,79,0.25316455696202533,79,-2.5316455696202556,0.002288615330178878,,,,,,,,,,,,,,,,,,,,,,,,,,,,,,,,,,,,,,,,,,,,,,,
H_CONTROLLED_CORRUPTION,PROPOSAL_RECOGNITION,LR08_MV_AUX,heldout,clean,4.080191909199249,6,200,True,4,0.15833333333333333,22,0.18181818181818182,22,0.0,0.0,,,,,,,,,,,,,,,,,,,,,,,,,,,,,,,,,,,,,,,,,,,,,,,
H_CONTROLLED_CORRUPTION,PROPOSAL_RECOGNITION,LR08_MV_AUX,heldout,truncate,4.074646693290102,6,200,True,4,0.19166666666666665,22,0.22727272727272727,22,-4.545454545454544,-0.005545215909147139,,,,,,,,,,,,,,,,,,,,,,,,,,,,,,,,,,,,,,,,,,,,,,,
H_CONTROLLED_CORRUPTION,PROPOSAL_RECOGNITION,LR08_MV_AUX,heldout,append,4.088702361690587,6,200,True,4,0.19166666666666665,22,0.22727272727272727,22,-4.545454545454544,0.008510452491337972,,,,,,,,,,,,,,,,,,,,,,,,,,,,,,,,,,,,,,,,,,,,,,,
H_CONTROLLED_CORRUPTION,PROPOSAL_RECOGNITION,LR08_MV_AUX,heldout,truncate_append,4.078052519633382,6,200,True,4,0.19166666666666665,22,0.22727272727272727,22,-4.545454545454544,-0.0021393895658672335,,,,,,,,,,,,,,,,,,,,,,,,,,,,,,,,,,,,,,,,,,,,,,,
H_CONTROLLED_CORRUPTION,PROPOSAL_RECOGNITION,R29_LR05_MA_8,all,clean,4.288375201777287,23,200,True,4,0.24824016563146997,101,0.22772277227722773,101,0.0,0.0,,,,,,,,,,,,,,,,,,,,,,,,,,,,,,,,,,,,,,,,,,,,,,,
H_CONTROLLED_CORRUPTION,PROPOSAL_RECOGNITION,R29_LR05_MA_8,all,truncate,4.318355400942473,23,200,True,4,0.2699792960662526,101,0.2376237623762376,101,-0.9900990099009882,0.029980199165186683,,,,,,,,,,,,,,,,,,,,,,,,,,,,,,,,,,,,,,,,,,,,,,,
H_CONTROLLED_CORRUPTION,PROPOSAL_RECOGNITION,R29_LR05_MA_8,all,append,4.28301612424933,23,200,True,4,0.26611456176673565,101,0.2376237623762376,101,-0.9900990099009882,-0.005359077527956835,,,,,,,,,,,,,,,,,,,,,,,,,,,,,,,,,,,,,,,,,,,,,,,
H_CONTROLLED_CORRUPTION,PROPOSAL_RECOGNITION,R29_LR05_MA_8,all,truncate_append,4.305906363046111,23,200,True,4,0.26224982746721875,101,0.2376237623762376,101,-0.9900990099009882,0.017531161268824036,,,,,,,,,,,,,,,,,,,,,,,,,,,,,,,,,,,,,,,,,,,,,,,
H_CONTROLLED_CORRUPTION,PROPOSAL_RECOGNITION,R29_LR05_MA_8,base,clean,4.302079542209371,17,200,True,4,0.2593837535014006,79,0.21518987341772153,79,0.0,0.0,,,,,,,,,,,,,,,,,,,,,,,,,,,,,,,,,,,,,,,,,,,,,,,
H_CONTROLLED_CORRUPTION,PROPOSAL_RECOGNITION,R29_LR05_MA_8,base,truncate,4.3404367397466,17,200,True,4,0.28879551820728294,79,0.22784810126582278,79,-1.265822784810125,0.03835719753722966,,,,,,,,,,,,,,,,,,,,,,,,,,,,,,,,,,,,,,,,,,,,,,,
H_CONTROLLED_CORRUPTION,PROPOSAL_RECOGNITION,R29_LR05_MA_8,base,append,4.296380170677007,17,200,True,4,0.2953314659197012,79,0.24050632911392406,79,-2.531645569620253,-0.005699371532363884,,,,,,,,,,,,,,,,,,,,,,,,,,,,,,,,,,,,,,,,,,,,,,,
H_CONTROLLED_CORRUPTION,PROPOSAL_RECOGNITION,R29_LR05_MA_8,base,truncate_append,4.330124763768369,17,200,True,4,0.3018674136321195,79,0.25316455696202533,79,-3.7974683544303804,0.028045221558998357,,,,,,,,,,,,,,,,,,,,,,,,,,,,,,,,,,,,,,,,,,,,,,,
H_CONTROLLED_CORRUPTION,PROPOSAL_RECOGNITION,R29_LR05_MA_8,heldout,clean,4.239164161134802,6,200,True,4,0.21666666666666667,22,0.2727272727272727,22,0.0,0.0,,,,,,,,,,,,,,,,,,,,,,,,,,,,,,,,,,,,,,,,,,,,,,,
H_CONTROLLED_CORRUPTION,PROPOSAL_RECOGNITION,R29_LR05_MA_8,heldout,truncate,4.239063320691288,6,200,True,4,0.21666666666666667,22,0.2727272727272727,22,0.0,-0.00010084044351366117,,,,,,,,,,,,,,,,,,,,,,,,,,,,,,,,,,,,,,,,,,,,,,,
H_CONTROLLED_CORRUPTION,PROPOSAL_RECOGNITION,R29_LR05_MA_8,heldout,append,4.2350270484408545,6,200,True,4,0.18333333333333335,22,0.22727272727272727,22,4.545454545454544,-0.004137112693947564,,,,,,,,,,,,,,,,,,,,,,,,,,,,,,,,,,,,,,,,,,,,,,,
H_CONTROLLED_CORRUPTION,PROPOSAL_RECOGNITION,R29_LR05_MA_8,heldout,truncate_append,4.218940287725275,6,200,True,4,0.15,22,0.18181818181818182,22,9.090909090909088,-0.02022387340952747,,,,,,,,,,,,,,,,,,,,,,,,,,,,,,,,,,,,,,,,,,,,,,,
H_CONTROLLED_CORRUPTION,PROPOSAL_RECOGNITION,R29_LR08_MV_AUX,all,clean,4.195630542843724,23,200,True,4,0.27964113181504485,101,0.2376237623762376,101,0.0,0.0,,,,,,,,,,,,,,,,,,,,,,,,,,,,,,,,,,,,,,,,,,,,,,,
H_CONTROLLED_CORRUPTION,PROPOSAL_RECOGNITION,R29_LR08_MV_AUX,all,truncate,4.210947828470794,23,200,True,4,0.27915804002760525,101,0.2376237623762376,101,0.0,0.01531728562707002,,,,,,,,,,,,,,,,,,,,,,,,,,,,,,,,,,,,,,,,,,,,,,,
H_CONTROLLED_CORRUPTION,PROPOSAL_RECOGNITION,R29_LR08_MV_AUX,all,append,4.2053923132718785,23,200,True,4,0.2878536922015183,101,0.2376237623762376,101,0.0,0.009761770428154293,,,,,,,,,,,,,,,,,,,,,,,,,,,,,,,,,,,,,,,,,,,,,,,
H_CONTROLLED_CORRUPTION,PROPOSAL_RECOGNITION,R29_LR08_MV_AUX,all,truncate_append,4.215293424391637,23,200,True,4,0.30693581780538304,101,0.24752475247524752,101,-0.990099009900991,0.01966288154791318,,,,,,,,,,,,,,,,,,,,,,,,,,,,,,,,,,,,,,,,,,,,,,,
H_CONTROLLED_CORRUPTION,PROPOSAL_RECOGNITION,R29_LR08_MV_AUX,base,clean,4.227277995032324,17,200,True,4,0.30186741363211955,79,0.22784810126582278,79,0.0,0.0,,,,,,,,,,,,,,,,,,,,,,,,,,,,,,,,,,,,,,,,,,,,,,,
H_CONTROLLED_CORRUPTION,PROPOSAL_RECOGNITION,R29_LR08_MV_AUX,base,truncate,4.253752437772613,17,200,True,4,0.28356676003734826,79,0.21518987341772153,79,1.265822784810125,0.026474442740289206,,,,,,,,,,,,,,,,,,,,,,,,,,,,,,,,,,,,,,,,,,,,,,,
H_CONTROLLED_CORRUPTION,PROPOSAL_RECOGNITION,R29_LR08_MV_AUX,base,append,4.230444627508971,17,200,True,4,0.3100373482726424,79,0.22784810126582278,79,0.0,0.0031666324766472798,,,,,,,,,,,,,,,,,,,,,,,,,,,,,,,,,,,,,,,,,,,,,,,
H_CONTROLLED_CORRUPTION,PROPOSAL_RECOGNITION,R29_LR08_MV_AUX,base,truncate_append,4.256718235574225,17,200,True,4,0.3329131652661065,79,0.24050632911392406,79,-1.2658227848101278,0.029440240541901197,,,,,,,,,,,,,,,,,,,,,,,,,,,,,,,,,,,,,,,,,,,,,,,
H_CONTROLLED_CORRUPTION,PROPOSAL_RECOGNITION,R29_LR08_MV_AUX,heldout,clean,4.081987419075568,6,200,True,4,0.21666666666666667,22,0.2727272727272727,22,0.0,0.0,,,,,,,,,,,,,,,,,,,,,,,,,,,,,,,,,,,,,,,,,,,,,,,
H_CONTROLLED_CORRUPTION,PROPOSAL_RECOGNITION,R29_LR08_MV_AUX,heldout,truncate,4.05724036779608,6,200,True,4,0.26666666666666666,22,0.3181818181818182,22,-4.545454545454547,-0.02474705127948784,,,,,,,,,,,,,,,,,,,,,,,,,,,,,,,,,,,,,,,,,,,,,,,
H_CONTROLLED_CORRUPTION,PROPOSAL_RECOGNITION,R29_LR08_MV_AUX,heldout,append,4.115431730329592,6,200,True,4,0.225,22,0.2727272727272727,22,0.0,0.033444311254024583,,,,,,,,,,,,,,,,,,,,,,,,,,,,,,,,,,,,,,,,,,,,,,,
H_CONTROLLED_CORRUPTION,PROPOSAL_RECOGNITION,R29_LR08_MV_AUX,heldout,truncate_append,4.0665406933268855,6,200,True,4,0.2333333333333333,22,0.2727272727272727,22,0.0,-0.015446725748682333,,,,,,,,,,,,,,,,,,,,,,,,,,,,,,,,,,,,,,,,,,,,,,,
ACTUAL_H_VIEW_PREFIX,,LR02_FC_2,,,,,,,,,101,,404,,,2,"{""2"": 404}",0,0,,,,,,,,,,,,,,,,,,,,,,,,,,,,,,,,,,,,,,,,,,,
ACTUAL_H_VIEW_PREFIX,,LR03_FC_4,,,,,,,,,101,,404,,,4,"{""2"": 12, ""3"": 4, ""4"": 388}",16,0,,,,,,,,,,,,,,,,,,,,,,,,,,,,,,,,,,,,,,,,,,,
ACTUAL_H_VIEW_PREFIX,,LR04_FC_8,,,,,,,,,101,,404,,,8,"{""2"": 12, ""3"": 4, ""4"": 4, ""5"": 12, ""6"": 20, ""7"": 44, ""8"": 308}",96,0,,,,,,,,,,,,,,,,,,,,,,,,,,,,,,,,,,,,,,,,,,,
ACTUAL_H_VIEW_PREFIX,,LR05_MA_8,,,,,,,,,101,,404,,,8,"{""2"": 12, ""3"": 4, ""4"": 4, ""5"": 12, ""6"": 20, ""7"": 44, ""8"": 308}",96,0,,,,,,,,,,,,,,,,,,,,,,,,,,,,,,,,,,,,,,,,,,,
ACTUAL_H_VIEW_PREFIX,,LR06_MV_VIEW,,,,,,,,,101,,404,,,8,"{""2"": 12, ""3"": 4, ""4"": 4, ""5"": 12, ""6"": 20, ""7"": 44, ""8"": 308}",96,0,,,,,,,,,,,,,,,,,,,,,,,,,,,,,,,,,,,,,,,,,,,
ACTUAL_H_VIEW_PREFIX,,LR07_MV_SURFACE,,,,,,,,,101,,404,,,8,"{""2"": 12, ""3"": 4, ""4"": 4, ""5"": 12, ""6"": 20, ""7"": 44, ""8"": 308}",96,0,,,,,,,,,,,,,,,,,,,,,,,,,,,,,,,,,,,,,,,,,,,
ACTUAL_H_VIEW_PREFIX,,LR08_MV_AUX,,,,,,,,,101,,404,,,8,"{""2"": 12, ""3"": 4, ""4"": 4, ""5"": 12, ""6"": 20, ""7"": 44, ""8"": 308}",96,0,,,,,,,,,,,,,,,,,,,,,,,,,,,,,,,,,,,,,,,,,,,
ACTUAL_H_VIEW_PREFIX,,R29_LR05_MA_8,,,,,,,,,101,,404,,,8,"{""2"": 12, ""3"": 4, ""4"": 4, ""5"": 12, ""6"": 20, ""7"": 44, ""8"": 308}",96,0,,,,,,,,,,,,,,,,,,,,,,,,,,,,,,,,,,,,,,,,,,,
ACTUAL_H_VIEW_PREFIX,,R29_LR08_MV_AUX,,,,,,,,,101,,404,,,8,"{""2"": 12, ""3"": 4, ""4"": 4, ""5"": 12, ""6"": 20, ""7"": 44, ""8"": 308}",96,0,,,,,,,,,,,,,,,,,,,,,,,,,,,,,,,,,,,,,,,,,,,
LOCAL_AND_VIEW_COVERAGE,H,LR05_MA_8,,,,,,,,,,,,,,,,,,404,70925,192256,0,12,8,384,0.631090837217044,,,,,,,,,,,,,,,,,,,,,,,,,,,,,,,,,,,
LOCAL_AND_VIEW_COVERAGE,H,LR06_MV_VIEW,,,,,,,,,,,,,,,,,,404,70925,192256,0,12,8,384,0.631090837217044,,,,,,,,,,,,,,,,,,,,,,,,,,,,,,,,,,,
LOCAL_AND_VIEW_COVERAGE,H,LR07_MV_SURFACE,,,,,,,,,,,,,,,,,,404,70925,192256,0,12,8,384,0.631090837217044,,,,,,,,,,,,,,,,,,,,,,,,,,,,,,,,,,,
LOCAL_AND_VIEW_COVERAGE,H,LR08_MV_AUX,,,,,,,,,,,,,,,,,,404,70925,192256,0,12,8,384,0.631090837217044,,,,,,,,,,,,,,,,,,,,,,,,,,,,,,,,,,,
LOCAL_AND_VIEW_COVERAGE,H,R29_LR05_MA_8,,,,,,,,,,,,,,,,,,404,70925,192256,0,12,8,384,0.631090837217044,,,,,,,,,,,,,,,,,,,,,,,,,,,,,,,,,,,
LOCAL_AND_VIEW_COVERAGE,H,R29_LR08_MV_AUX,,,,,,,,,,,,,,,,,,404,70925,192256,0,12,8,384,0.631090837217044,,,,,,,,,,,,,,,,,,,,,,,,,,,,,,,,,,,
LOCAL_AND_VIEW_COVERAGE,EXPOSED_MAP,LR05_MA_8,,,,,,,,,,,,,,,,,,1436,235410,500544,0,187,382,867,0.5296916954353663,,,,,,,,,,,,,,,,,,,,,,,,,,,,,,,,,,,
LOCAL_AND_VIEW_COVERAGE,EXPOSED_MAP,LR06_MV_VIEW,,,,,,,,,,,,,,,,,,1436,235410,500544,0,187,382,867,0.5296916954353663,,,,,,,,,,,,,,,,,,,,,,,,,,,,,,,,,,,
LOCAL_AND_VIEW_COVERAGE,EXPOSED_MAP,LR07_MV_SURFACE,,,,,,,,,,,,,,,,,,1436,235410,500544,0,187,382,867,0.5296916954353663,,,,,,,,,,,,,,,,,,,,,,,,,,,,,,,,,,,
LOCAL_AND_VIEW_COVERAGE,EXPOSED_MAP,LR08_MV_AUX,,,,,,,,,,,,,,,,,,1436,235410,500544,0,187,382,867,0.5296916954353663,,,,,,,,,,,,,,,,,,,,,,,,,,,,,,,,,,,
LOCAL_AND_VIEW_COVERAGE,EXPOSED_MAP,R29_LR05_MA_8,,,,,,,,,,,,,,,,,,1436,235410,500544,0,187,382,867,0.5296916954353663,,,,,,,,,,,,,,,,,,,,,,,,,,,,,,,,,,,
LOCAL_AND_VIEW_COVERAGE,EXPOSED_MAP,R29_LR08_MV_AUX,,,,,,,,,,,,,,,,,,1436,235410,500544,0,187,382,867,0.5296916954353663,,,,,,,,,,,,,,,,,,,,,,,,,,,,,,,,,,,
PROPOSAL_VIEW_PREFIX,dev,,,,,,,,,,87,,,,,2,"{""2"": 87}",0,0,,,,,,,,,,,,,,,,,,,,,,,,,,,,,,,,,,,,,,,,,,,
PROPOSAL_VIEW_PREFIX,dev,,,,,,,,,,87,,,,,4,"{""2"": 3, ""3"": 5, ""4"": 79}",8,0,,,,,,,,,,,,,,,,,,,,,,,,,,,,,,,,,,,,,,,,,,,
PROPOSAL_VIEW_PREFIX,dev,,,,,,,,,,87,,,,,8,"{""2"": 3, ""3"": 5, ""4"": 8, ""5"": 3, ""6"": 5, ""7"": 4, ""8"": 59}",28,0,,,,,,,,,,,,,,,,,,,,,,,,,,,,,,,,,,,,,,,,,,,
FIXED_CORRUPTION_NO_OP,dev,,,truncate,,,,,,,87,,,,,,,,,,,,,,,,,0,,,,,,,,,,,,,,,,,,,,,,,,,,,,,,,,,,
FIXED_CORRUPTION_NO_OP,dev,,,append,,,,,,,87,,,,,,,,,,,,,,,,,1,,,,,,,,,,,,,,,,,,,,,,,,,,,,,,,,,,
FIXED_CORRUPTION_NO_OP,dev,,,truncate_append,,,,,,,87,,,,,,,,,,,,,,,,,0,,,,,,,,,,,,,,,,,,,,,,,,,,,,,,,,,,
PROPOSAL_VIEW_PREFIX,holdout,,,,,,,,,,101,,,,,2,"{""2"": 101}",0,0,,,,,,,,,,,,,,,,,,,,,,,,,,,,,,,,,,,,,,,,,,,
PROPOSAL_VIEW_PREFIX,holdout,,,,,,,,,,101,,,,,4,"{""2"": 3, ""3"": 1, ""4"": 97}",4,0,,,,,,,,,,,,,,,,,,,,,,,,,,,,,,,,,,,,,,,,,,,
PROPOSAL_VIEW_PREFIX,holdout,,,,,,,,,,101,,,,,8,"{""2"": 3, ""3"": 1, ""4"": 1, ""5"": 3, ""6"": 5, ""7"": 11, ""8"": 77}",24,0,,,,,,,,,,,,,,,,,,,,,,,,,,,,,,,,,,,,,,,,,,,
FIXED_CORRUPTION_NO_OP,holdout,,,truncate,,,,,,,101,,,,,,,,,,,,,,,,,0,,,,,,,,,,,,,,,,,,,,,,,,,,,,,,,,,,
FIXED_CORRUPTION_NO_OP,holdout,,,append,,,,,,,101,,,,,,,,,,,,,,,,,5,,,,,,,,,,,,,,,,,,,,,,,,,,,,,,,,,,
FIXED_CORRUPTION_NO_OP,holdout,,,truncate_append,,,,,,,101,,,,,,,,,,,,,,,,,0,,,,,,,,,,,,,,,,,,,,,,,,,,,,,,,,,,
PROPOSAL_VIEW_PREFIX,train,,,,,,,,,,785,,,,,2,"{""2"": 785}",0,0,,,,,,,,,,,,,,,,,,,,,,,,,,,,,,,,,,,,,,,,,,,
PROPOSAL_VIEW_PREFIX,train,,,,,,,,,,785,,,,,4,"{""2"": 25, ""3"": 27, ""4"": 733}",52,0,,,,,,,,,,,,,,,,,,,,,,,,,,,,,,,,,,,,,,,,,,,
PROPOSAL_VIEW_PREFIX,train,,,,,,,,,,785,,,,,8,"{""2"": 25, ""3"": 27, ""4"": 36, ""5"": 24, ""6"": 32, ""7"": 40, ""8"": 601}",184,0,,,,,,,,,,,,,,,,,,,,,,,,,,,,,,,,,,,,,,,,,,,
FIXED_CORRUPTION_NO_OP,train,,,truncate,,,,,,,785,,,,,,,,,,,,,,,,,0,,,,,,,,,,,,,,,,,,,,,,,,,,,,,,,,,,
FIXED_CORRUPTION_NO_OP,train,,,append,,,,,,,785,,,,,,,,,,,,,,,,,20,,,,,,,,,,,,,,,,,,,,,,,,,,,,,,,,,,
FIXED_CORRUPTION_NO_OP,train,,,truncate_append,,,,,,,785,,,,,,,,,,,,,,,,,0,,,,,,,,,,,,,,,,,,,,,,,,,,,,,,,,,,
STAGE_COST,,,,,,,,,,,,,,,,,,,,,,,,,,,,,SUPERVISED_DATA_GENERATION,983.3040351970121,,,data/generation_runtime.json,,True,,,,,,,,,,,,,,,,,,,,,,,,,,,
STAGE_COST,,,,,,,,,,,,,,,,,,,,,,,,,,,,,H_DATA_GENERATION,145.40983386710286,,,data/holdout_generation_runtime.json,,True,,,,,,,,,,,,,,,,,,,,,,,,,,,
STAGE_COST,,,,,,,,,,,,,,,,,,,,,,,,,,,,,REGRESSION_BANK_GENERATION,18938.268094757106,,,regression/generation_runtime.json,,True,,,,,,,,,,,,,,,,,,,,,,,,,,,
STAGE_COST,,,,,,,,,,,,,,,,,,,,,,,,,,,,,FC_TRAIN_DEV_CAPTURE,1160.1128756138496,1.7988910675048828,2.083984375,features/train-dev.json,,True,,,,,,,,,,,,,,,,,,,,,,,,,,,
STAGE_COST,,,,,,,,,,,,,,,,,,,,,,,,,,,,,FC_H_CAPTURE,152.2192571570631,1.7977728843688965,2.390625,features/holdout.json,,True,,,,,,,,,,,,,,,,,,,,,,,,,,,
NESTED_STAGE_COST,,,,,,,,,,,,,,,,,,,,,,,,,,,,,FC_MAP_CAPTURE,,,,features/regression.json,,False,NOT_RECORDED_BEFORE_READOUT_MEMORY_RESET,CAPTURE_CLOCK_NOT_RECORDED,LOCK_WAIT_MODEL_LOAD_AND_FEATURE_CAPTURE,,,,,,,,,,,,,,,,,,,,,,,,
STAGE_COST,,,,,,,,,,,,,,,,,,,,,,,,,,,,,DEV_SELECTED_INFERENCE,118.73139552515931,1.644343376159668,1.84375,recognition/dev_selected.json,,True,,,,,,,,,,,,,,,,,,,,,,,,,,,
STAGE_COST,,,,,,,,,,,,,,,,,,,,,,,,,,,,,H_INFERENCE,64.21311447094195,1.6433372497558594,2.390625,recognition/holdout.json,,True,,,,,,,,,,,,,,,,,,,,,,,,,,,
STAGE_COST,,,,,,,,,,,,,,,,,,,,,,,,,,,,,MAP_CAPTURE_AND_INFERENCE,804.935783272842,1.6954569816589355,2.271484375,recognition/regression.json,READOUT_ONLY_AFTER_CAPTURE,True,,,LOCK_WAIT_MODEL_LOAD_FEATURE_CAPTURE_AND_READOUT,,,,,,,,,,,,,,,,,,,,,,,,
NESTED_STAGE_COST,,,,,,,,,,,,,,,,,,,,,,,,,,,,,MAP_READOUT_AFTER_CAPTURE,,1.6954569816589355,2.271484375,,READOUT_ONLY_AFTER_CAPTURE,False,,CAPTURE_CLOCK_NOT_RECORDED,CACHED_GRIDS_HEAD_LOAD_FORWARD_AND_COMPACT_ARRAY_WRITES,"[""recognition/regression.json"", ""features/regression.json""]",,True,,,,,,,,,,,,,,,,,,,,,
CONDITIONAL_CACHE_ONLY_PROFILE,,,,,,,,,,,,,,,,,,,,,,,,,,,,,CACHE_ONLY_MAP_CAPTURE,55.195666937856004,1.3475251197814941,1.453125,runtime_profile/receipt.json,FROZEN_FC_LOAD_AND_CACHE_CAPTURE_NO_LEARNED_HEADS,,,,LOCK_WAIT_MODEL_LOAD_RGB_PREPROCESS_CACHE_VERIFY_AND_CAPTURE_RECEIPT,,,True,False,0,0,,,,,,,,,,,,,,,,,,
CONDITIONAL_CACHE_ONLY_PROFILE,,,,,,,,,,,,,,,,,,,,,,,,,,,,,CACHE_ONLY_MAP_READOUT,191.58204981405288,1.6982755661010742,1.99609375,runtime_profile/receipt.json,AFTER_HEAD_LOAD_RESET_ALL_SIX_HEADS_AND_FROZEN_FC_RESIDENT,,,,HEAD_LOAD_CACHED_GRIDS_FORWARD_ARRAY_EXPORT_AND_LOCK_RELEASE,,,True,False,0,0,,,,,,,,,,,,,,,,,,
STAGE_COST,,WARMUP,,,,,,,,,,,,,,,,,,,,,,,,,,,TRAINING_WITH_CHECKPOINT_DEV,4814.558166838018,2.22859525680542,2.453125,training/seed17/WARMUP/receipt.json,LAST_TRAINING_INVOCATION; EARLIER_RESUME_PEAKS_NOT_AGGREGATED,,,,ACCUMULATED_TRAINING_CHECKPOINT_AND_DEV_TIME_ACROSS_RESUMES,,,,,,,17,2000,1829540,"{""correspondence_pairs"": 0, ""negative_tokens"": 0, ""positive_tokens"": 0, ""unknown_tokens"": 0}",,,,,,,,,,,,,,
STAGE_COST,,LR05_MA_8,,,,,,,,,,,,,,,,,,,,,,,,,,,TRAINING_WITH_CHECKPOINT_DEV,4548.246378770098,2.22859525680542,2.455078125,training/seed17/LR05_MA_8/receipt.json,LAST_TRAINING_INVOCATION; EARLIER_RESUME_PEAKS_NOT_AGGREGATED,,,,ACCUMULATED_TRAINING_CHECKPOINT_AND_DEV_TIME_ACROSS_RESUMES,,,,,,,17,2000,1829540,"{""correspondence_pairs"": 0, ""negative_tokens"": 0, ""positive_tokens"": 0, ""unknown_tokens"": 0}",,,,,,,,,,,,,,
STAGE_COST,,LR06_MV_VIEW,,,,,,,,,,,,,,,,,,,,,,,,,,,TRAINING_WITH_CHECKPOINT_DEV,5182.530316556804,2.2399444580078125,2.462890625,training/seed17/LR06_MV_VIEW/receipt.json,LAST_TRAINING_INVOCATION; EARLIER_RESUME_PEAKS_NOT_AGGREGATED,,,,ACCUMULATED_TRAINING_CHECKPOINT_AND_DEV_TIME_ACROSS_RESUMES,,,,,,,17,2000,2127781,"{""correspondence_pairs"": 0, ""negative_tokens"": 0, ""positive_tokens"": 0, ""unknown_tokens"": 0}",,,,,,,,,,,,,,
STAGE_COST,,LR07_MV_SURFACE,,,,,,,,,,,,,,,,,,,,,,,,,,,TRAINING_WITH_CHECKPOINT_DEV,5159.825531319948,2.2405858039855957,2.462890625,training/seed17/LR07_MV_SURFACE/receipt.json,LAST_TRAINING_INVOCATION; EARLIER_RESUME_PEAKS_NOT_AGGREGATED,,,,ACCUMULATED_TRAINING_CHECKPOINT_AND_DEV_TIME_ACROSS_RESUMES,,,,,,,17,2000,2127781,"{""correspondence_pairs"": 0, ""negative_tokens"": 0, ""positive_tokens"": 0, ""unknown_tokens"": 0}",,,,,,,,,,,,,,
STAGE_COST,,LR08_MV_AUX,,,,,,,,,,,,,,,,,,,,,,,,,,,TRAINING_WITH_CHECKPOINT_DEV,7455.252641306957,2.2405872344970703,2.46484375,training/seed17/LR08_MV_AUX/receipt.json,LAST_TRAINING_INVOCATION; EARLIER_RESUME_PEAKS_NOT_AGGREGATED,,,,ACCUMULATED_TRAINING_CHECKPOINT_AND_DEV_TIME_ACROSS_RESUMES,,,,,,,17,2000,2127781,"{""correspondence_pairs"": 2698202, ""negative_tokens"": 1938411, ""positive_tokens"": 5962233, ""unknown_tokens"": 0}",,,,,,,,,,,,,,
STAGE_COST,,WARMUP,,,,,,,,,,,,,,,,,,,,,,,,,,,TRAINING_WITH_CHECKPOINT_DEV,4767.654811811168,2.2313175201416016,2.5546875,training/seed29/WARMUP/receipt.json,LAST_TRAINING_INVOCATION; EARLIER_RESUME_PEAKS_NOT_AGGREGATED,,,,ACCUMULATED_TRAINING_CHECKPOINT_AND_DEV_TIME_ACROSS_RESUMES,,,,,,,29,2000,1829540,"{""correspondence_pairs"": 0, ""negative_tokens"": 0, ""positive_tokens"": 0, ""unknown_tokens"": 0}",,,,,,,,,,,,,,
STAGE_COST,,LR05_MA_8,,,,,,,,,,,,,,,,,,,,,,,,,,,TRAINING_WITH_CHECKPOINT_DEV,4620.291057496099,2.2313175201416016,2.5546875,training/seed29/LR05_MA_8/receipt.json,LAST_TRAINING_INVOCATION; EARLIER_RESUME_PEAKS_NOT_AGGREGATED,,,,ACCUMULATED_TRAINING_CHECKPOINT_AND_DEV_TIME_ACROSS_RESUMES,,,,,,,29,2000,1829540,"{""correspondence_pairs"": 0, ""negative_tokens"": 0, ""positive_tokens"": 0, ""unknown_tokens"": 0}",,,,,,,,,,,,,,
STAGE_COST,,LR08_MV_AUX,,,,,,,,,,,,,,,,,,,,,,,,,,,TRAINING_WITH_CHECKPOINT_DEV,7703.89508211799,2.243309497833252,2.564453125,training/seed29/LR08_MV_AUX/receipt.json,LAST_TRAINING_INVOCATION; EARLIER_RESUME_PEAKS_NOT_AGGREGATED,,,,ACCUMULATED_TRAINING_CHECKPOINT_AND_DEV_TIME_ACROSS_RESUMES,,,,,,,29,2000,2127781,"{""correspondence_pairs"": 2697366, ""negative_tokens"": 1936518, ""positive_tokens"": 5955156, ""unknown_tokens"": 0}",,,,,,,,,,,,,,
CLI_INVOCATION_COST,,,,,,,,,,,,,,,,,,,,,,,,,,,,,FULL_MAP_PREDICT_INVOCATION,2211.3002286739647,,,phases/predict.json,,False,,,BANK_PREPARATION_ZERO_UPDATE_CHECK_FC_WORKER_AND_COMPLETE_CPU_PAYLOAD_RANK_CONSTRUCTION,,,,,,,,,,,LAST_PUBLIC_PREDICT_INVOCATION; MAY_REUSE_EARLIER_CAPTURE_AND_READOUT_RECEIPTS,,,,,,,,,,,,,
STAGE_COST,,,,,,,,,,,,,,,,,,,,,,,,,,,,,EVALUATION_INVOCATION,3.4086138049606234,,,,,,,,,,,,,,,,,,,,3,,,,,,,,,,,,
ACTUAL_SCIENCE_TOTAL,,,,,,,,,,,,,,,,,,,,,,,,,,,,,DISTINCT_FC_INPUTS,,,,,,,,,,,,,,,,,16000,,,,,2649,2102,3904,0,0,0,0,,,,,
ENGINEERING_EXCLUDED_FROM_SCIENCE,,,,,,,,,,,,,,,,,,,,,,,,,,,,,DISCARDED_FIT,15.5402976940386,,,,,,,,,,,,,,,,20,,,,,,,,,,,,False,,,,
ENGINEERING_EXCLUDED_FROM_SCIENCE,,,,,,,,,,,,,,,,,,,,,,,,,,,,,ENGINEERING_FEATURE_CAPTURE,22.926950538065284,,,,,,,,,,,,,,,,,,,,,,16,,,,,,False,,,,
FAILED_ENGINEERING_CHECK,,,,,,,,,,,,,,,,,,,,,,,,,,,,,failed_gpu_port_bitwise_001,,,,,,,,,,,,,,,,,0,,,,,,,,,,,,,0,CUDA identical numerical MA parameter-gradient calls differ by2.3283064365386963e-10; CPU real-input bitwise parity is used in addition to actual GPU frozen-phi backward,,
SUPERSEDED_GEOMETRY_BANK,office0,,,,,,,,,,,,,,,,,,,,,,,,,,,,REGRESSION_BANK_REBUILD,981.8308920110576,,,,,,,,,,,,,,,,,,,,,,,,,,,,False,,,0,
ENGINEERING_EXCLUDED_FROM_SCIENCE,,,,,,,,,,,,,,,,,,,,,,,,,,,,,REAL_ZERO_UPDATE_WHOLE_OUTPUT_PARITY,365.80529831466265,,,,,,,,,,,,,,,,0,,,,,,,,,,,,False,,,0,26
