cohort,method,seed,trained,parameters,apall,ap50,ap25,miou,macc
replica8,LR00_D2,,False,0,0.11741338226305202,0.24495210428669076,0.3797458622016501,0.296910848924658,0.37427869483346954
replica8,LR01_G1,,False,0,0.12386368952716137,0.26057090388986537,0.3975255000984755,0.30272532343176334,0.3840359451527324
replica8,LR02_FC_2,,False,0,0.11054239837118655,0.23795048675555933,0.3990755410696605,0.3051223778407451,0.37786328027759863
replica8,LR03_FC_4,,False,0,0.1079348572749251,0.24870073750146973,0.4119525807947448,0.31845475605920365,0.3900457092831062
replica8,LR04_FC_8,,False,0,0.11729921152230237,0.265709941598361,0.4147090560395698,0.31771445062892895,0.39298481940960467
replica8,LR05_MA_8,17,True,1829540,0.11356676606901035,0.22905633451224403,0.3557598788248204,0.2510521205271516,0.31761000166093173
replica8,LR06_MV_VIEW,17,True,2127781,0.1101081869074224,0.2318597346955351,0.34376755300880807,0.2553688507890377,0.32362258584992587
replica8,LR07_MV_SURFACE,17,True,2127781,0.1099507313643434,0.22465806314807932,0.3312311680600513,0.2500251933500577,0.318196038469983
replica8,LR08_MV_AUX,17,True,2127781,0.10978270629895409,0.2284719938038988,0.3357223545839518,0.24880928837588362,0.31720988167685105
scannet_cf18,LR00_D2,,False,0,0.08309185182632056,0.1796135985259656,0.24982823631951953,0.18997179844670278,0.28377972027446596
scannet_cf18,LR01_G1,,False,0,0.08232194837949772,0.17833990417630438,0.2475575520536056,0.19021902419388004,0.28492871974333267
scannet_cf18,LR02_FC_2,,False,0,0.08277836792312274,0.18098067969224296,0.25895504538183545,0.1999975915914712,0.2910110945657193
scannet_cf18,LR03_FC_4,,False,0,0.08501588238503807,0.18193307968940034,0.266700781784785,0.2046543143814736,0.2984202522912958
scannet_cf18,LR04_FC_8,,False,0,0.07994702489871112,0.17577711616892258,0.26022643542582463,0.20096838072942133,0.29250947012819106
scannet_cf18,LR05_MA_8,17,True,1829540,0.0686652653137918,0.14534028681940786,0.20746531623707035,0.15774907501793922,0.2551761407984806
scannet_cf18,LR06_MV_VIEW,17,True,2127781,0.07305723607716066,0.15730821235499523,0.224942796647238,0.17701484818125357,0.27702437756420867
scannet_cf18,LR07_MV_SURFACE,17,True,2127781,0.07741882312816627,0.1630045696852409,0.23436335016486703,0.17879726482924824,0.28345614588436047
scannet_cf18,LR08_MV_AUX,17,True,2127781,0.07548776853163396,0.16170482316997623,0.23083012054386903,0.1766311564314714,0.2792573675236112
