token	table	method	dataset	split	metric	direction	precision	source_json	json_pointer	status	note
T1_OPENFUSION_REPLICA8_MIOU	T1	OPENFUSION	Replica	replica_8_compat	REPLICA8_MIOU	higher	3	results/baselines/openfusion/replica/20260718-s10-200f/result.json	/metrics/replica_8_compat/semantic/miou	VERIFIED	Imported from verified run 20260718-openfusion-replica8-s10-200f.
T1_OPENFUSION_REPLICA8_MACC	T1	OPENFUSION	Replica	replica_8_compat	REPLICA8_MACC	higher	3	results/baselines/openfusion/replica/20260718-s10-200f/result.json	/metrics/replica_8_compat/semantic/macc	VERIFIED	Imported from verified run 20260718-openfusion-replica8-s10-200f.
T1_OPENFUSION_REPLICA8_FMIOU	T1	OPENFUSION	Replica	replica_8_compat	REPLICA8_FMIOU	higher	3	results/baselines/openfusion/replica/20260718-s10-200f/result.json	/metrics/replica_8_compat/semantic/f_miou	VERIFIED	Imported from verified run 20260718-openfusion-replica8-s10-200f.
T1_OPENFUSION_REPLICA7_MIOU	T1	OPENFUSION	Replica	replica_7_heldout	REPLICA7_MIOU	higher	3	results/baselines/openfusion/replica/20260718-s10-200f/result.json	/metrics/replica_7_heldout/semantic/miou	VERIFIED	Imported from verified run 20260718-openfusion-replica8-s10-200f.
T1_OPENFUSION_SCANNET5_MIOU	T1	OPENFUSION	ScanNet200	scannet200_5_heldout	SCANNET5_MIOU	higher	3			UNFILLED	Pending benchmark run.
T1_OPENFUSION_REPLICA8_AP25	T1	OPENFUSION	Replica	replica_8_compat	REPLICA8_AP25	higher	3			N/A	No native entity AP output.
T1_OPENFUSION_REPLICA8_AP50	T1	OPENFUSION	Replica	replica_8_compat	REPLICA8_AP50	higher	3			N/A	No native entity AP output.
T1_OPENFUSION_REPLICA8_F5	T1	OPENFUSION	Replica	replica_8_compat	REPLICA8_F5	higher	3	results/baselines/openfusion/replica/20260718-s10-200f/result.json	/metrics/replica_8_compat/geometry/f5	VERIFIED	Imported from verified run 20260718-openfusion-replica8-s10-200f.
T1_OPENFUSION_REPLICA7_AP50	T1	OPENFUSION	Replica	replica_7_heldout	REPLICA7_AP50	higher	3			N/A	No native entity AP output.
T1_OPENFUSION_SCANNET5_AP25	T1	OPENFUSION	ScanNet200	scannet200_5_heldout	SCANNET5_AP25	higher	3			N/A	No native entity AP output.
T1_OPENFUSION_SCANNET5_AP50	T1	OPENFUSION	ScanNet200	scannet200_5_heldout	SCANNET5_AP50	higher	3			N/A	No native entity AP output.
T1_OPENFUSION_SCANNET5_F5	T1	OPENFUSION	ScanNet200	scannet200_5_heldout	SCANNET5_F5	higher	3			UNFILLED	Pending benchmark run.
T1_OVIMAP_REPLICA8_MIOU	T1	OVIMAP	Replica	replica_8_compat	REPLICA8_MIOU	higher	3			UNFILLED	20260720 released semantic mIoU 0.2727 is verified diagnostic; token waits for complete paper audit.
T1_OVIMAP_REPLICA8_MACC	T1	OVIMAP	Replica	replica_8_compat	REPLICA8_MACC	higher	3			UNFILLED	20260720 released semantic mAcc 0.3268 is verified diagnostic; token waits for complete paper audit.
T1_OVIMAP_REPLICA8_FMIOU	T1	OVIMAP	Replica	replica_8_compat	REPLICA8_FMIOU	higher	3			UNFILLED	Not defined by the released OVI-MAP Replica protocol.
T1_OVIMAP_REPLICA7_MIOU	T1	OVIMAP	Replica	replica_7_heldout	REPLICA7_MIOU	higher	3			UNFILLED	Not evaluated by the paper's fixed Replica-8 protocol.
T1_OVIMAP_SCANNET5_MIOU	T1	OVIMAP	ScanNet200	scannet200_5_heldout	SCANNET5_MIOU	higher	3			UNFILLED	Pending benchmark run.
T1_OVIMAP_REPLICA8_AP25	T1	OVIMAP	Replica	replica_8_compat	REPLICA8_AP25	higher	3			UNFILLED	Released mP@25 is 0.7672 and matches the paper AP25 numerically, but metric equivalence is unconfirmed.
T1_OVIMAP_REPLICA8_AP50	T1	OVIMAP	Replica	replica_8_compat	REPLICA8_AP50	higher	3			UNFILLED	Released mP@50 is 0.5150 and matches the paper AP50 closely, but metric equivalence is unconfirmed.
T1_OVIMAP_REPLICA8_F5	T1	OVIMAP	Replica	replica_8_compat	REPLICA8_F5	higher	3			UNFILLED	Not defined by the released OVI-MAP Replica protocol.
T1_OVIMAP_REPLICA7_AP50	T1	OVIMAP	Replica	replica_7_heldout	REPLICA7_AP50	higher	3			UNFILLED	Not evaluated by the paper's fixed Replica-8 protocol.
T1_OVIMAP_SCANNET5_AP25	T1	OVIMAP	ScanNet200	scannet200_5_heldout	SCANNET5_AP25	higher	3			UNFILLED	Pending benchmark run.
T1_OVIMAP_SCANNET5_AP50	T1	OVIMAP	ScanNet200	scannet200_5_heldout	SCANNET5_AP50	higher	3			UNFILLED	Pending benchmark run.
T1_OVIMAP_SCANNET5_F5	T1	OVIMAP	ScanNet200	scannet200_5_heldout	SCANNET5_F5	higher	3			UNFILLED	Pending benchmark run.
T1_CONCEPTGRAPHS_REPLICA8_MIOU	T1	CONCEPTGRAPHS	Replica	replica_8_compat	REPLICA8_MIOU	higher	3	results/baselines/conceptgraphs/replica/20260719-s10-200f-sam-segment-all-canonical/result.json	/metrics/replica_8_compat/semantic/miou	VERIFIED	Imported from verified run 20260719-conceptgraphs-replica8-s10-200f-sam-segment-all-canonical.
T1_CONCEPTGRAPHS_REPLICA8_MACC	T1	CONCEPTGRAPHS	Replica	replica_8_compat	REPLICA8_MACC	higher	3	results/baselines/conceptgraphs/replica/20260719-s10-200f-sam-segment-all-canonical/result.json	/metrics/replica_8_compat/semantic/macc	VERIFIED	Imported from verified run 20260719-conceptgraphs-replica8-s10-200f-sam-segment-all-canonical.
T1_CONCEPTGRAPHS_REPLICA8_FMIOU	T1	CONCEPTGRAPHS	Replica	replica_8_compat	REPLICA8_FMIOU	higher	3	results/baselines/conceptgraphs/replica/20260719-s10-200f-sam-segment-all-canonical/result.json	/metrics/replica_8_compat/semantic/f_miou	VERIFIED	Imported from verified run 20260719-conceptgraphs-replica8-s10-200f-sam-segment-all-canonical.
T1_CONCEPTGRAPHS_REPLICA7_MIOU	T1	CONCEPTGRAPHS	Replica	replica_7_heldout	REPLICA7_MIOU	higher	3	results/baselines/conceptgraphs/replica/20260719-s10-200f-sam-segment-all-canonical/result.json	/metrics/replica_7_heldout/semantic/miou	VERIFIED	Imported from verified run 20260719-conceptgraphs-replica8-s10-200f-sam-segment-all-canonical.
T1_CONCEPTGRAPHS_SCANNET5_MIOU	T1	CONCEPTGRAPHS	ScanNet200	scannet200_5_heldout	SCANNET5_MIOU	higher	3			UNFILLED	Pending benchmark run.
T1_CONCEPTGRAPHS_REPLICA8_AP25	T1	CONCEPTGRAPHS	Replica	replica_8_compat	REPLICA8_AP25	higher	3	results/baselines/conceptgraphs/replica/20260719-s10-200f-sam-segment-all-canonical/result.json	/metrics/replica_8_compat/instance/ap25	VERIFIED	Imported from verified run 20260719-conceptgraphs-replica8-s10-200f-sam-segment-all-canonical.
T1_CONCEPTGRAPHS_REPLICA8_AP50	T1	CONCEPTGRAPHS	Replica	replica_8_compat	REPLICA8_AP50	higher	3	results/baselines/conceptgraphs/replica/20260719-s10-200f-sam-segment-all-canonical/result.json	/metrics/replica_8_compat/instance/ap50	VERIFIED	Imported from verified run 20260719-conceptgraphs-replica8-s10-200f-sam-segment-all-canonical.
T1_CONCEPTGRAPHS_REPLICA8_F5	T1	CONCEPTGRAPHS	Replica	replica_8_compat	REPLICA8_F5	higher	3	results/baselines/conceptgraphs/replica/20260719-s10-200f-sam-segment-all-canonical/result.json	/metrics/replica_8_compat/geometry/f5	VERIFIED	Imported from verified run 20260719-conceptgraphs-replica8-s10-200f-sam-segment-all-canonical.
T1_CONCEPTGRAPHS_REPLICA7_AP50	T1	CONCEPTGRAPHS	Replica	replica_7_heldout	REPLICA7_AP50	higher	3	results/baselines/conceptgraphs/replica/20260719-s10-200f-sam-segment-all-canonical/result.json	/metrics/replica_7_heldout/instance/ap50	VERIFIED	Imported from verified run 20260719-conceptgraphs-replica8-s10-200f-sam-segment-all-canonical.
T1_CONCEPTGRAPHS_SCANNET5_AP25	T1	CONCEPTGRAPHS	ScanNet200	scannet200_5_heldout	SCANNET5_AP25	higher	3			UNFILLED	Pending benchmark run.
T1_CONCEPTGRAPHS_SCANNET5_AP50	T1	CONCEPTGRAPHS	ScanNet200	scannet200_5_heldout	SCANNET5_AP50	higher	3			UNFILLED	Pending benchmark run.
T1_CONCEPTGRAPHS_SCANNET5_F5	T1	CONCEPTGRAPHS	ScanNet200	scannet200_5_heldout	SCANNET5_F5	higher	3			UNFILLED	Pending benchmark run.
T1_DUALMAP_REPLICA8_MIOU	T1	DUALMAP	Replica	replica_8_compat	REPLICA8_MIOU	higher	3	results/baselines/dualmap/replica/20260714-s10-200f/result.json	/metrics/replica_8_compat/semantic/miou	VERIFIED	Imported from verified run 20260714-dualmap-replica8-s10-200f.
T1_DUALMAP_REPLICA8_MACC	T1	DUALMAP	Replica	replica_8_compat	REPLICA8_MACC	higher	3	results/baselines/dualmap/replica/20260714-s10-200f/result.json	/metrics/replica_8_compat/semantic/macc	VERIFIED	Imported from verified run 20260714-dualmap-replica8-s10-200f.
T1_DUALMAP_REPLICA8_FMIOU	T1	DUALMAP	Replica	replica_8_compat	REPLICA8_FMIOU	higher	3	results/baselines/dualmap/replica/20260714-s10-200f/result.json	/metrics/replica_8_compat/semantic/f_miou	VERIFIED	Imported from verified run 20260714-dualmap-replica8-s10-200f.
T1_DUALMAP_REPLICA7_MIOU	T1	DUALMAP	Replica	replica_7_heldout	REPLICA7_MIOU	higher	3	results/baselines/dualmap/replica/20260714-s10-200f/result.json	/metrics/replica_7_heldout/semantic/miou	VERIFIED	Imported from verified run 20260714-dualmap-replica8-s10-200f.
T1_DUALMAP_SCANNET5_MIOU	T1	DUALMAP	ScanNet200	scannet200_5_heldout	SCANNET5_MIOU	higher	3			UNFILLED	Pending benchmark run.
T1_DUALMAP_REPLICA8_AP25	T1	DUALMAP	Replica	replica_8_compat	REPLICA8_AP25	higher	3	results/baselines/dualmap/replica/20260714-s10-200f/result.json	/metrics/replica_8_compat/instance/ap25	VERIFIED	Imported from verified run 20260714-dualmap-replica8-s10-200f.
T1_DUALMAP_REPLICA8_AP50	T1	DUALMAP	Replica	replica_8_compat	REPLICA8_AP50	higher	3	results/baselines/dualmap/replica/20260714-s10-200f/result.json	/metrics/replica_8_compat/instance/ap50	VERIFIED	Imported from verified run 20260714-dualmap-replica8-s10-200f.
T1_DUALMAP_REPLICA8_F5	T1	DUALMAP	Replica	replica_8_compat	REPLICA8_F5	higher	3	results/baselines/dualmap/replica/20260714-s10-200f/result.json	/metrics/replica_8_compat/geometry/f5	VERIFIED	Imported from verified run 20260714-dualmap-replica8-s10-200f.
T1_DUALMAP_REPLICA7_AP50	T1	DUALMAP	Replica	replica_7_heldout	REPLICA7_AP50	higher	3	results/baselines/dualmap/replica/20260714-s10-200f/result.json	/metrics/replica_7_heldout/instance/ap50	VERIFIED	Imported from verified run 20260714-dualmap-replica8-s10-200f.
T1_DUALMAP_SCANNET5_AP25	T1	DUALMAP	ScanNet200	scannet200_5_heldout	SCANNET5_AP25	higher	3			UNFILLED	Pending benchmark run.
T1_DUALMAP_SCANNET5_AP50	T1	DUALMAP	ScanNet200	scannet200_5_heldout	SCANNET5_AP50	higher	3			UNFILLED	Pending benchmark run.
T1_DUALMAP_SCANNET5_F5	T1	DUALMAP	ScanNet200	scannet200_5_heldout	SCANNET5_F5	higher	3			UNFILLED	Pending benchmark run.
T1_OVIV2_REPLICA8_MIOU	T1	OVIV2	Replica	replica_8_compat	REPLICA8_MIOU	higher	3	results/oviv2/replica/20260720-stage3-s10-200f/result.json	/metrics/replica_8_compat/semantic/miou	VERIFIED	Imported from verified run oviv2-replica8-20260720-stage3-s10-200f.
T1_OVIV2_REPLICA8_MACC	T1	OVIV2	Replica	replica_8_compat	REPLICA8_MACC	higher	3	results/oviv2/replica/20260720-stage3-s10-200f/result.json	/metrics/replica_8_compat/semantic/macc	VERIFIED	Imported from verified run oviv2-replica8-20260720-stage3-s10-200f.
T1_OVIV2_REPLICA8_FMIOU	T1	OVIV2	Replica	replica_8_compat	REPLICA8_FMIOU	higher	3	results/oviv2/replica/20260720-stage3-s10-200f/result.json	/metrics/replica_8_compat/semantic/f_miou	VERIFIED	Imported from verified run oviv2-replica8-20260720-stage3-s10-200f.
T1_OVIV2_REPLICA7_MIOU	T1	OVIV2	Replica	replica_7_heldout	REPLICA7_MIOU	higher	3	results/oviv2/replica/20260720-stage3-s10-200f/result.json	/metrics/replica_7_heldout/semantic/miou	VERIFIED	Imported from verified run oviv2-replica8-20260720-stage3-s10-200f.
T1_OVIV2_SCANNET5_MIOU	T1	OVIV2	ScanNet200	scannet200_5_heldout	SCANNET5_MIOU	higher	3	results/oviv2/scannet200/20260720-stage4-s10/result.json	/metrics/scannet200_5_heldout/semantic/miou	VERIFIED	Imported from verified run oviv2-scannet200-5-20260720-stage4-s10.
T1_OVIV2_REPLICA8_AP25	T1	OVIV2	Replica	replica_8_compat	REPLICA8_AP25	higher	3	results/oviv2/replica/20260720-stage3-s10-200f/result.json	/metrics/replica_8_compat/instance/ap25	VERIFIED	Imported from verified run oviv2-replica8-20260720-stage3-s10-200f.
T1_OVIV2_REPLICA8_AP50	T1	OVIV2	Replica	replica_8_compat	REPLICA8_AP50	higher	3	results/oviv2/replica/20260720-stage3-s10-200f/result.json	/metrics/replica_8_compat/instance/ap50	VERIFIED	Imported from verified run oviv2-replica8-20260720-stage3-s10-200f.
T1_OVIV2_REPLICA8_F5	T1	OVIV2	Replica	replica_8_compat	REPLICA8_F5	higher	3	results/oviv2/replica/20260720-stage3-s10-200f/result.json	/metrics/replica_8_compat/geometry/f5	VERIFIED	Imported from verified run oviv2-replica8-20260720-stage3-s10-200f.
T1_OVIV2_REPLICA7_AP50	T1	OVIV2	Replica	replica_7_heldout	REPLICA7_AP50	higher	3	results/oviv2/replica/20260720-stage3-s10-200f/result.json	/metrics/replica_7_heldout/instance/ap50	VERIFIED	Imported from verified run oviv2-replica8-20260720-stage3-s10-200f.
T1_OVIV2_SCANNET5_AP25	T1	OVIV2	ScanNet200	scannet200_5_heldout	SCANNET5_AP25	higher	3	results/oviv2/scannet200/20260720-stage4-s10/result.json	/metrics/scannet200_5_heldout/instance/ap25	VERIFIED	Imported from verified run oviv2-scannet200-5-20260720-stage4-s10.
T1_OVIV2_SCANNET5_AP50	T1	OVIV2	ScanNet200	scannet200_5_heldout	SCANNET5_AP50	higher	3	results/oviv2/scannet200/20260720-stage4-s10/result.json	/metrics/scannet200_5_heldout/instance/ap50	VERIFIED	Imported from verified run oviv2-scannet200-5-20260720-stage4-s10.
T1_OVIV2_SCANNET5_F5	T1	OVIV2	ScanNet200	scannet200_5_heldout	SCANNET5_F5	higher	3	results/oviv2/scannet200/20260720-stage4-s10/result.json	/metrics/scannet200_5_heldout/geometry/f5	VERIFIED	Imported from verified run oviv2-scannet200-5-20260720-stage4-s10.
T2_OVIMAP_FROZEN_APARTMENT_OBJECT_F1	T2	OVIMAP_FROZEN	TESSE-CD	apartment_test	APARTMENT_OBJECT_F1	higher	3			UNFILLED	Pending benchmark run.
T2_OVIMAP_FROZEN_APARTMENT_DYNAMIC_F1	T2	OVIMAP_FROZEN	TESSE-CD	apartment_test	APARTMENT_DYNAMIC_F1	higher	3			UNFILLED	Pending benchmark run.
T2_OVIMAP_FROZEN_APARTMENT_CHANGE_F1	T2	OVIMAP_FROZEN	TESSE-CD	apartment_test	APARTMENT_CHANGE_F1	higher	3			UNFILLED	Pending benchmark run.
T2_OVIMAP_FROZEN_OFFICE_OBJECT_F1	T2	OVIMAP_FROZEN	TESSE-CD	office_test	OFFICE_OBJECT_F1	higher	3			UNFILLED	Pending benchmark run.
T2_OVIMAP_FROZEN_OFFICE_DYNAMIC_F1	T2	OVIMAP_FROZEN	TESSE-CD	office_test	OFFICE_DYNAMIC_F1	higher	3			UNFILLED	Pending benchmark run.
T2_OVIMAP_FROZEN_OFFICE_CHANGE_F1	T2	OVIMAP_FROZEN	TESSE-CD	office_test	OFFICE_CHANGE_F1	higher	3			UNFILLED	Pending benchmark run.
T2_OVIMAP_FROZEN_CURRENT_MIOU	T2	OVIMAP_FROZEN	TESSE-CD	macro_test	CURRENT_MIOU	higher	3			UNFILLED	Pending benchmark run.
T2_OVIMAP_FROZEN_GHOST_RATE	T2	OVIMAP_FROZEN	TESSE-CD	macro_test	GHOST_RATE	lower	3			UNFILLED	Pending benchmark run.
T2_OVIMAP_FROZEN_BG_F5	T2	OVIMAP_FROZEN	TESSE-CD	macro_test	BG_F5	higher	3			UNFILLED	Pending benchmark run.
T2_OVIMAP_FROZEN_RECOVERY_FRAMES	T2	OVIMAP_FROZEN	TESSE-CD	macro_test	RECOVERY_FRAMES	lower	3			UNFILLED	Pending benchmark run.
T2_CONCEPTGRAPHS_FROZEN_APARTMENT_OBJECT_F1	T2	CONCEPTGRAPHS_FROZEN	TESSE-CD	apartment_test	APARTMENT_OBJECT_F1	higher	3			UNFILLED	Pending benchmark run.
T2_CONCEPTGRAPHS_FROZEN_APARTMENT_DYNAMIC_F1	T2	CONCEPTGRAPHS_FROZEN	TESSE-CD	apartment_test	APARTMENT_DYNAMIC_F1	higher	3			UNFILLED	Pending benchmark run.
T2_CONCEPTGRAPHS_FROZEN_APARTMENT_CHANGE_F1	T2	CONCEPTGRAPHS_FROZEN	TESSE-CD	apartment_test	APARTMENT_CHANGE_F1	higher	3			UNFILLED	Pending benchmark run.
T2_CONCEPTGRAPHS_FROZEN_OFFICE_OBJECT_F1	T2	CONCEPTGRAPHS_FROZEN	TESSE-CD	office_test	OFFICE_OBJECT_F1	higher	3			UNFILLED	Pending benchmark run.
T2_CONCEPTGRAPHS_FROZEN_OFFICE_DYNAMIC_F1	T2	CONCEPTGRAPHS_FROZEN	TESSE-CD	office_test	OFFICE_DYNAMIC_F1	higher	3			UNFILLED	Pending benchmark run.
T2_CONCEPTGRAPHS_FROZEN_OFFICE_CHANGE_F1	T2	CONCEPTGRAPHS_FROZEN	TESSE-CD	office_test	OFFICE_CHANGE_F1	higher	3			UNFILLED	Pending benchmark run.
T2_CONCEPTGRAPHS_FROZEN_CURRENT_MIOU	T2	CONCEPTGRAPHS_FROZEN	TESSE-CD	macro_test	CURRENT_MIOU	higher	3			UNFILLED	Pending benchmark run.
T2_CONCEPTGRAPHS_FROZEN_GHOST_RATE	T2	CONCEPTGRAPHS_FROZEN	TESSE-CD	macro_test	GHOST_RATE	lower	3			UNFILLED	Pending benchmark run.
T2_CONCEPTGRAPHS_FROZEN_BG_F5	T2	CONCEPTGRAPHS_FROZEN	TESSE-CD	macro_test	BG_F5	higher	3			UNFILLED	Pending benchmark run.
T2_CONCEPTGRAPHS_FROZEN_RECOVERY_FRAMES	T2	CONCEPTGRAPHS_FROZEN	TESSE-CD	macro_test	RECOVERY_FRAMES	lower	3			UNFILLED	Pending benchmark run.
T2_DUALMAP_APARTMENT_OBJECT_F1	T2	DUALMAP	TESSE-CD	apartment_test	APARTMENT_OBJECT_F1	higher	3			UNFILLED	Pending benchmark run.
T2_DUALMAP_APARTMENT_DYNAMIC_F1	T2	DUALMAP	TESSE-CD	apartment_test	APARTMENT_DYNAMIC_F1	higher	3			UNFILLED	Pending benchmark run.
T2_DUALMAP_APARTMENT_CHANGE_F1	T2	DUALMAP	TESSE-CD	apartment_test	APARTMENT_CHANGE_F1	higher	3			UNFILLED	Pending benchmark run.
T2_DUALMAP_OFFICE_OBJECT_F1	T2	DUALMAP	TESSE-CD	office_test	OFFICE_OBJECT_F1	higher	3			UNFILLED	Pending benchmark run.
T2_DUALMAP_OFFICE_DYNAMIC_F1	T2	DUALMAP	TESSE-CD	office_test	OFFICE_DYNAMIC_F1	higher	3			UNFILLED	Pending benchmark run.
T2_DUALMAP_OFFICE_CHANGE_F1	T2	DUALMAP	TESSE-CD	office_test	OFFICE_CHANGE_F1	higher	3			UNFILLED	Pending benchmark run.
T2_DUALMAP_CURRENT_MIOU	T2	DUALMAP	TESSE-CD	macro_test	CURRENT_MIOU	higher	3			UNFILLED	Pending benchmark run.
T2_DUALMAP_GHOST_RATE	T2	DUALMAP	TESSE-CD	macro_test	GHOST_RATE	lower	3			UNFILLED	Pending benchmark run.
T2_DUALMAP_BG_F5	T2	DUALMAP	TESSE-CD	macro_test	BG_F5	higher	3			UNFILLED	Pending benchmark run.
T2_DUALMAP_RECOVERY_FRAMES	T2	DUALMAP	TESSE-CD	macro_test	RECOVERY_FRAMES	lower	3			UNFILLED	Pending benchmark run.
T2_PANOPTIC_SHARED_APARTMENT_OBJECT_F1	T2	PANOPTIC_SHARED	TESSE-CD	apartment_test	APARTMENT_OBJECT_F1	higher	3			UNFILLED	Pending benchmark run.
T2_PANOPTIC_SHARED_APARTMENT_DYNAMIC_F1	T2	PANOPTIC_SHARED	TESSE-CD	apartment_test	APARTMENT_DYNAMIC_F1	higher	3			UNFILLED	Pending benchmark run.
T2_PANOPTIC_SHARED_APARTMENT_CHANGE_F1	T2	PANOPTIC_SHARED	TESSE-CD	apartment_test	APARTMENT_CHANGE_F1	higher	3			UNFILLED	Pending benchmark run.
T2_PANOPTIC_SHARED_OFFICE_OBJECT_F1	T2	PANOPTIC_SHARED	TESSE-CD	office_test	OFFICE_OBJECT_F1	higher	3			UNFILLED	Pending benchmark run.
T2_PANOPTIC_SHARED_OFFICE_DYNAMIC_F1	T2	PANOPTIC_SHARED	TESSE-CD	office_test	OFFICE_DYNAMIC_F1	higher	3			UNFILLED	Pending benchmark run.
T2_PANOPTIC_SHARED_OFFICE_CHANGE_F1	T2	PANOPTIC_SHARED	TESSE-CD	office_test	OFFICE_CHANGE_F1	higher	3			UNFILLED	Pending benchmark run.
T2_PANOPTIC_SHARED_CURRENT_MIOU	T2	PANOPTIC_SHARED	TESSE-CD	macro_test	CURRENT_MIOU	higher	3			UNFILLED	Pending benchmark run.
T2_PANOPTIC_SHARED_GHOST_RATE	T2	PANOPTIC_SHARED	TESSE-CD	macro_test	GHOST_RATE	lower	3			UNFILLED	Pending benchmark run.
T2_PANOPTIC_SHARED_BG_F5	T2	PANOPTIC_SHARED	TESSE-CD	macro_test	BG_F5	higher	3			UNFILLED	Pending benchmark run.
T2_PANOPTIC_SHARED_RECOVERY_FRAMES	T2	PANOPTIC_SHARED	TESSE-CD	macro_test	RECOVERY_FRAMES	lower	3			UNFILLED	Pending benchmark run.
T2_KHRONOS_OPEN_APARTMENT_OBJECT_F1	T2	KHRONOS_OPEN	TESSE-CD	apartment_test	APARTMENT_OBJECT_F1	higher	3			UNFILLED	Pending benchmark run.
T2_KHRONOS_OPEN_APARTMENT_DYNAMIC_F1	T2	KHRONOS_OPEN	TESSE-CD	apartment_test	APARTMENT_DYNAMIC_F1	higher	3			UNFILLED	Pending benchmark run.
T2_KHRONOS_OPEN_APARTMENT_CHANGE_F1	T2	KHRONOS_OPEN	TESSE-CD	apartment_test	APARTMENT_CHANGE_F1	higher	3			UNFILLED	Pending benchmark run.
T2_KHRONOS_OPEN_OFFICE_OBJECT_F1	T2	KHRONOS_OPEN	TESSE-CD	office_test	OFFICE_OBJECT_F1	higher	3			UNFILLED	Pending benchmark run.
T2_KHRONOS_OPEN_OFFICE_DYNAMIC_F1	T2	KHRONOS_OPEN	TESSE-CD	office_test	OFFICE_DYNAMIC_F1	higher	3			UNFILLED	Pending benchmark run.
T2_KHRONOS_OPEN_OFFICE_CHANGE_F1	T2	KHRONOS_OPEN	TESSE-CD	office_test	OFFICE_CHANGE_F1	higher	3			UNFILLED	Pending benchmark run.
T2_KHRONOS_OPEN_CURRENT_MIOU	T2	KHRONOS_OPEN	TESSE-CD	macro_test	CURRENT_MIOU	higher	3			UNFILLED	Pending benchmark run.
T2_KHRONOS_OPEN_GHOST_RATE	T2	KHRONOS_OPEN	TESSE-CD	macro_test	GHOST_RATE	lower	3			UNFILLED	Pending benchmark run.
T2_KHRONOS_OPEN_BG_F5	T2	KHRONOS_OPEN	TESSE-CD	macro_test	BG_F5	higher	3			UNFILLED	Pending benchmark run.
T2_KHRONOS_OPEN_RECOVERY_FRAMES	T2	KHRONOS_OPEN	TESSE-CD	macro_test	RECOVERY_FRAMES	lower	3			UNFILLED	Pending benchmark run.
T2_KHRONOS_ORACLE_APARTMENT_OBJECT_F1	T2	KHRONOS_ORACLE	TESSE-CD	apartment_test	APARTMENT_OBJECT_F1	higher	3			UNFILLED	Pending benchmark run.
T2_KHRONOS_ORACLE_APARTMENT_DYNAMIC_F1	T2	KHRONOS_ORACLE	TESSE-CD	apartment_test	APARTMENT_DYNAMIC_F1	higher	3			UNFILLED	Pending benchmark run.
T2_KHRONOS_ORACLE_APARTMENT_CHANGE_F1	T2	KHRONOS_ORACLE	TESSE-CD	apartment_test	APARTMENT_CHANGE_F1	higher	3			UNFILLED	Pending benchmark run.
T2_KHRONOS_ORACLE_OFFICE_OBJECT_F1	T2	KHRONOS_ORACLE	TESSE-CD	office_test	OFFICE_OBJECT_F1	higher	3			UNFILLED	Pending benchmark run.
T2_KHRONOS_ORACLE_OFFICE_DYNAMIC_F1	T2	KHRONOS_ORACLE	TESSE-CD	office_test	OFFICE_DYNAMIC_F1	higher	3			UNFILLED	Pending benchmark run.
T2_KHRONOS_ORACLE_OFFICE_CHANGE_F1	T2	KHRONOS_ORACLE	TESSE-CD	office_test	OFFICE_CHANGE_F1	higher	3			UNFILLED	Pending benchmark run.
T2_KHRONOS_ORACLE_CURRENT_MIOU	T2	KHRONOS_ORACLE	TESSE-CD	macro_test	CURRENT_MIOU	higher	3			UNFILLED	Pending benchmark run.
T2_KHRONOS_ORACLE_GHOST_RATE	T2	KHRONOS_ORACLE	TESSE-CD	macro_test	GHOST_RATE	lower	3			UNFILLED	Pending benchmark run.
T2_KHRONOS_ORACLE_BG_F5	T2	KHRONOS_ORACLE	TESSE-CD	macro_test	BG_F5	higher	3			UNFILLED	Pending benchmark run.
T2_KHRONOS_ORACLE_RECOVERY_FRAMES	T2	KHRONOS_ORACLE	TESSE-CD	macro_test	RECOVERY_FRAMES	lower	3			UNFILLED	Pending benchmark run.
T2_OVIOVO_APARTMENT_OBJECT_F1	T2	OVIOVO	TESSE-CD	apartment_test	APARTMENT_OBJECT_F1	higher	3			UNFILLED	Pending benchmark run.
T2_OVIOVO_APARTMENT_DYNAMIC_F1	T2	OVIOVO	TESSE-CD	apartment_test	APARTMENT_DYNAMIC_F1	higher	3			UNFILLED	Pending benchmark run.
T2_OVIOVO_APARTMENT_CHANGE_F1	T2	OVIOVO	TESSE-CD	apartment_test	APARTMENT_CHANGE_F1	higher	3			UNFILLED	Pending benchmark run.
T2_OVIOVO_OFFICE_OBJECT_F1	T2	OVIOVO	TESSE-CD	office_test	OFFICE_OBJECT_F1	higher	3			UNFILLED	Pending benchmark run.
T2_OVIOVO_OFFICE_DYNAMIC_F1	T2	OVIOVO	TESSE-CD	office_test	OFFICE_DYNAMIC_F1	higher	3			UNFILLED	Pending benchmark run.
T2_OVIOVO_OFFICE_CHANGE_F1	T2	OVIOVO	TESSE-CD	office_test	OFFICE_CHANGE_F1	higher	3			UNFILLED	Pending benchmark run.
T2_OVIOVO_CURRENT_MIOU	T2	OVIOVO	TESSE-CD	macro_test	CURRENT_MIOU	higher	3			UNFILLED	Pending benchmark run.
T2_OVIOVO_GHOST_RATE	T2	OVIOVO	TESSE-CD	macro_test	GHOST_RATE	lower	3			UNFILLED	Pending benchmark run.
T2_OVIOVO_BG_F5	T2	OVIOVO	TESSE-CD	macro_test	BG_F5	higher	3			UNFILLED	Pending benchmark run.
T2_OVIOVO_RECOVERY_FRAMES	T2	OVIOVO	TESSE-CD	macro_test	RECOVERY_FRAMES	lower	3			UNFILLED	Pending benchmark run.
T3_BASE_STATIC_MIOU	T3	BASE	Replica	replica_7_heldout	STATIC_MIOU	higher	3			UNFILLED	Pending benchmark run.
T3_BASE_CHANGE_F1	T3	BASE	TESSE-CD	macro_test	CHANGE_F1	higher	3			UNFILLED	Pending benchmark run.
T3_BASE_STALE_FP	T3	BASE	TESSE-CD	macro_test	STALE_FP	lower	3			UNFILLED	Pending benchmark run.
T3_BASE_GHOST_RATE	T3	BASE	TESSE-CD	macro_test	GHOST_RATE	lower	3			UNFILLED	Pending benchmark run.
T3_BASE_BG_F5	T3	BASE	TESSE-CD	macro_test	BG_F5	higher	3			UNFILLED	Pending benchmark run.
T3_BASE_IDSW	T3	BASE	3RScan	test	IDSW	lower	3			UNFILLED	Pending benchmark run.
T3_BASE_REACT_R1	T3	BASE	3RScan	test	REACT_R1	higher	3			UNFILLED	Pending benchmark run.
T3_BASE_NOT_FOUND_F1	T3	BASE	current_state_queries	test	NOT_FOUND_F1	higher	3			UNFILLED	Pending benchmark run.
T3_VIS_STATIC_MIOU	T3	VIS	Replica	replica_7_heldout	STATIC_MIOU	higher	3			UNFILLED	Pending benchmark run.
T3_VIS_CHANGE_F1	T3	VIS	TESSE-CD	macro_test	CHANGE_F1	higher	3			UNFILLED	Pending benchmark run.
T3_VIS_STALE_FP	T3	VIS	TESSE-CD	macro_test	STALE_FP	lower	3			UNFILLED	Pending benchmark run.
T3_VIS_GHOST_RATE	T3	VIS	TESSE-CD	macro_test	GHOST_RATE	lower	3			UNFILLED	Pending benchmark run.
T3_VIS_BG_F5	T3	VIS	TESSE-CD	macro_test	BG_F5	higher	3			UNFILLED	Pending benchmark run.
T3_VIS_IDSW	T3	VIS	3RScan	test	IDSW	lower	3			UNFILLED	Pending benchmark run.
T3_VIS_REACT_R1	T3	VIS	3RScan	test	REACT_R1	higher	3			UNFILLED	Pending benchmark run.
T3_VIS_NOT_FOUND_F1	T3	VIS	current_state_queries	test	NOT_FOUND_F1	higher	3			UNFILLED	Pending benchmark run.
T3_OWNER_STATIC_MIOU	T3	OWNER	Replica	replica_7_heldout	STATIC_MIOU	higher	3			UNFILLED	Pending benchmark run.
T3_OWNER_CHANGE_F1	T3	OWNER	TESSE-CD	macro_test	CHANGE_F1	higher	3			UNFILLED	Pending benchmark run.
T3_OWNER_STALE_FP	T3	OWNER	TESSE-CD	macro_test	STALE_FP	lower	3			UNFILLED	Pending benchmark run.
T3_OWNER_GHOST_RATE	T3	OWNER	TESSE-CD	macro_test	GHOST_RATE	lower	3			UNFILLED	Pending benchmark run.
T3_OWNER_BG_F5	T3	OWNER	TESSE-CD	macro_test	BG_F5	higher	3			UNFILLED	Pending benchmark run.
T3_OWNER_IDSW	T3	OWNER	3RScan	test	IDSW	lower	3			UNFILLED	Pending benchmark run.
T3_OWNER_REACT_R1	T3	OWNER	3RScan	test	REACT_R1	higher	3			UNFILLED	Pending benchmark run.
T3_OWNER_NOT_FOUND_F1	T3	OWNER	current_state_queries	test	NOT_FOUND_F1	higher	3			UNFILLED	Pending benchmark run.
T3_RECLAIM_STATIC_MIOU	T3	RECLAIM	Replica	replica_7_heldout	STATIC_MIOU	higher	3			UNFILLED	Pending benchmark run.
T3_RECLAIM_CHANGE_F1	T3	RECLAIM	TESSE-CD	macro_test	CHANGE_F1	higher	3			UNFILLED	Pending benchmark run.
T3_RECLAIM_STALE_FP	T3	RECLAIM	TESSE-CD	macro_test	STALE_FP	lower	3			UNFILLED	Pending benchmark run.
T3_RECLAIM_GHOST_RATE	T3	RECLAIM	TESSE-CD	macro_test	GHOST_RATE	lower	3			UNFILLED	Pending benchmark run.
T3_RECLAIM_BG_F5	T3	RECLAIM	TESSE-CD	macro_test	BG_F5	higher	3			UNFILLED	Pending benchmark run.
T3_RECLAIM_IDSW	T3	RECLAIM	3RScan	test	IDSW	lower	3			UNFILLED	Pending benchmark run.
T3_RECLAIM_REACT_R1	T3	RECLAIM	3RScan	test	REACT_R1	higher	3			UNFILLED	Pending benchmark run.
T3_RECLAIM_NOT_FOUND_F1	T3	RECLAIM	current_state_queries	test	NOT_FOUND_F1	higher	3			UNFILLED	Pending benchmark run.
T3_REID_STATIC_MIOU	T3	REID	Replica	replica_7_heldout	STATIC_MIOU	higher	3			UNFILLED	Pending benchmark run.
T3_REID_CHANGE_F1	T3	REID	TESSE-CD	macro_test	CHANGE_F1	higher	3			UNFILLED	Pending benchmark run.
T3_REID_STALE_FP	T3	REID	TESSE-CD	macro_test	STALE_FP	lower	3			UNFILLED	Pending benchmark run.
T3_REID_GHOST_RATE	T3	REID	TESSE-CD	macro_test	GHOST_RATE	lower	3			UNFILLED	Pending benchmark run.
T3_REID_BG_F5	T3	REID	TESSE-CD	macro_test	BG_F5	higher	3			UNFILLED	Pending benchmark run.
T3_REID_IDSW	T3	REID	3RScan	test	IDSW	lower	3			UNFILLED	Pending benchmark run.
T3_REID_REACT_R1	T3	REID	3RScan	test	REACT_R1	higher	3			UNFILLED	Pending benchmark run.
T3_REID_NOT_FOUND_F1	T3	REID	current_state_queries	test	NOT_FOUND_F1	higher	3			UNFILLED	Pending benchmark run.
T3_FULL_STATIC_MIOU	T3	FULL	Replica	replica_7_heldout	STATIC_MIOU	higher	3			UNFILLED	Pending benchmark run.
T3_FULL_CHANGE_F1	T3	FULL	TESSE-CD	macro_test	CHANGE_F1	higher	3			UNFILLED	Pending benchmark run.
T3_FULL_STALE_FP	T3	FULL	TESSE-CD	macro_test	STALE_FP	lower	3			UNFILLED	Pending benchmark run.
T3_FULL_GHOST_RATE	T3	FULL	TESSE-CD	macro_test	GHOST_RATE	lower	3			UNFILLED	Pending benchmark run.
T3_FULL_BG_F5	T3	FULL	TESSE-CD	macro_test	BG_F5	higher	3			UNFILLED	Pending benchmark run.
T3_FULL_IDSW	T3	FULL	3RScan	test	IDSW	lower	3			UNFILLED	Pending benchmark run.
T3_FULL_REACT_R1	T3	FULL	3RScan	test	REACT_R1	higher	3			UNFILLED	Pending benchmark run.
T3_FULL_NOT_FOUND_F1	T3	FULL	current_state_queries	test	NOT_FOUND_F1	higher	3			UNFILLED	Pending benchmark run.
T4_OVIMAP_FRONTEND_SPF	T4	OVIMAP	local_same_hardware	test	FRONTEND_SPF	lower	2	results/baselines/ovimap/local_same_hardware/20260718-room0-s10-200f/result.json	/metrics/frontend_spf	VERIFIED	Imported from verified run 20260718-ovimap-room0-s10-200f-t4.
T4_OVIMAP_BACKEND_SPF	T4	OVIMAP	local_same_hardware	test	BACKEND_SPF	lower	2	results/baselines/ovimap/local_same_hardware/20260718-room0-s10-200f/result.json	/metrics/backend_spf	VERIFIED	Imported from verified run 20260718-ovimap-room0-s10-200f-t4.
T4_OVIMAP_MAINT_SPF	T4	OVIMAP	local_same_hardware	test	MAINT_SPF	lower	2	results/baselines/ovimap/local_same_hardware/20260718-room0-s10-200f/result.json	/metrics/maintenance_spf	VERIFIED	Imported from verified run 20260718-ovimap-room0-s10-200f-t4.
T4_OVIMAP_TOTAL_SPF	T4	OVIMAP	local_same_hardware	test	TOTAL_SPF	lower	2	results/baselines/ovimap/local_same_hardware/20260718-room0-s10-200f/result.json	/metrics/total_spf	VERIFIED	Imported from verified run 20260718-ovimap-room0-s10-200f-t4.
T4_OVIMAP_HZ	T4	OVIMAP	local_same_hardware	test	HZ	higher	2	results/baselines/ovimap/local_same_hardware/20260718-room0-s10-200f/result.json	/metrics/hz	VERIFIED	Imported from verified run 20260718-ovimap-room0-s10-200f-t4.
T4_OVIMAP_FINAL_S	T4	OVIMAP	local_same_hardware	test	FINAL_S	lower	2	results/baselines/ovimap/local_same_hardware/20260718-room0-s10-200f/result.json	/metrics/finalization_s	VERIFIED	Imported from verified run 20260718-ovimap-room0-s10-200f-t4.
T4_OVIMAP_QUERY_P50_MS	T4	OVIMAP	local_same_hardware	test	QUERY_P50_MS	lower	2	results/baselines/ovimap/local_same_hardware/20260718-room0-s10-200f/result.json	/metrics/query_p50_ms	VERIFIED	Imported from verified run 20260718-ovimap-room0-s10-200f-t4.
T4_OVIMAP_QUERY_P95_MS	T4	OVIMAP	local_same_hardware	test	QUERY_P95_MS	lower	2	results/baselines/ovimap/local_same_hardware/20260718-room0-s10-200f/result.json	/metrics/query_p95_ms	VERIFIED	Imported from verified run 20260718-ovimap-room0-s10-200f-t4.
T4_OVIMAP_GPU_GB	T4	OVIMAP	local_same_hardware	test	GPU_GB	lower	2	results/baselines/ovimap/local_same_hardware/20260718-room0-s10-200f/result.json	/metrics/peak_gpu_gb	VERIFIED	Imported from verified run 20260718-ovimap-room0-s10-200f-t4.
T4_OVIMAP_RAM_GB	T4	OVIMAP	local_same_hardware	test	RAM_GB	lower	2	results/baselines/ovimap/local_same_hardware/20260718-room0-s10-200f/result.json	/metrics/peak_ram_gb	VERIFIED	Imported from verified run 20260718-ovimap-room0-s10-200f-t4.
T4_OVIMAP_MAP_MB	T4	OVIMAP	local_same_hardware	test	MAP_MB	lower	2	results/baselines/ovimap/local_same_hardware/20260718-room0-s10-200f/result.json	/metrics/final_map_mb	VERIFIED	Imported from verified run 20260718-ovimap-room0-s10-200f-t4.
T4_OVIMAP_EVAL_IO_S	T4	OVIMAP	local_same_hardware	test	EVAL_IO_S	lower	2	results/baselines/ovimap/local_same_hardware/20260718-room0-s10-200f/result.json	/metrics/evaluation_io_s	VERIFIED	Imported from verified run 20260718-ovimap-room0-s10-200f-t4.
T4_CONCEPTGRAPHS_FRONTEND_SPF	T4	CONCEPTGRAPHS	local_same_hardware	test	FRONTEND_SPF	lower	2	results/baselines/conceptgraphs/local_same_hardware/20260715-room0-s10-200f/result.json	/metrics/frontend_spf	VERIFIED	Imported from verified run 20260715-conceptgraphs-room0-s10-200f-t4.
T4_CONCEPTGRAPHS_BACKEND_SPF	T4	CONCEPTGRAPHS	local_same_hardware	test	BACKEND_SPF	lower	2	results/baselines/conceptgraphs/local_same_hardware/20260715-room0-s10-200f/result.json	/metrics/backend_spf	VERIFIED	Imported from verified run 20260715-conceptgraphs-room0-s10-200f-t4.
T4_CONCEPTGRAPHS_MAINT_SPF	T4	CONCEPTGRAPHS	local_same_hardware	test	MAINT_SPF	lower	2	results/baselines/conceptgraphs/local_same_hardware/20260715-room0-s10-200f/result.json	/metrics/maintenance_spf	VERIFIED	Imported from verified run 20260715-conceptgraphs-room0-s10-200f-t4.
T4_CONCEPTGRAPHS_TOTAL_SPF	T4	CONCEPTGRAPHS	local_same_hardware	test	TOTAL_SPF	lower	2	results/baselines/conceptgraphs/local_same_hardware/20260715-room0-s10-200f/result.json	/metrics/total_spf	VERIFIED	Imported from verified run 20260715-conceptgraphs-room0-s10-200f-t4.
T4_CONCEPTGRAPHS_HZ	T4	CONCEPTGRAPHS	local_same_hardware	test	HZ	higher	2	results/baselines/conceptgraphs/local_same_hardware/20260715-room0-s10-200f/result.json	/metrics/hz	VERIFIED	Imported from verified run 20260715-conceptgraphs-room0-s10-200f-t4.
T4_CONCEPTGRAPHS_FINAL_S	T4	CONCEPTGRAPHS	local_same_hardware	test	FINAL_S	lower	2	results/baselines/conceptgraphs/local_same_hardware/20260715-room0-s10-200f/result.json	/metrics/finalization_s	VERIFIED	Imported from verified run 20260715-conceptgraphs-room0-s10-200f-t4.
T4_CONCEPTGRAPHS_QUERY_P50_MS	T4	CONCEPTGRAPHS	local_same_hardware	test	QUERY_P50_MS	lower	2	results/baselines/conceptgraphs/local_same_hardware/20260715-room0-s10-200f/result.json	/metrics/query_p50_ms	VERIFIED	Imported from verified run 20260715-conceptgraphs-room0-s10-200f-t4.
T4_CONCEPTGRAPHS_QUERY_P95_MS	T4	CONCEPTGRAPHS	local_same_hardware	test	QUERY_P95_MS	lower	2	results/baselines/conceptgraphs/local_same_hardware/20260715-room0-s10-200f/result.json	/metrics/query_p95_ms	VERIFIED	Imported from verified run 20260715-conceptgraphs-room0-s10-200f-t4.
T4_CONCEPTGRAPHS_GPU_GB	T4	CONCEPTGRAPHS	local_same_hardware	test	GPU_GB	lower	2	results/baselines/conceptgraphs/local_same_hardware/20260715-room0-s10-200f/result.json	/metrics/peak_gpu_gb	VERIFIED	Imported from verified run 20260715-conceptgraphs-room0-s10-200f-t4.
T4_CONCEPTGRAPHS_RAM_GB	T4	CONCEPTGRAPHS	local_same_hardware	test	RAM_GB	lower	2	results/baselines/conceptgraphs/local_same_hardware/20260715-room0-s10-200f/result.json	/metrics/peak_ram_gb	VERIFIED	Imported from verified run 20260715-conceptgraphs-room0-s10-200f-t4.
T4_CONCEPTGRAPHS_MAP_MB	T4	CONCEPTGRAPHS	local_same_hardware	test	MAP_MB	lower	2	results/baselines/conceptgraphs/local_same_hardware/20260715-room0-s10-200f/result.json	/metrics/final_map_mb	VERIFIED	Imported from verified run 20260715-conceptgraphs-room0-s10-200f-t4.
T4_CONCEPTGRAPHS_EVAL_IO_S	T4	CONCEPTGRAPHS	local_same_hardware	test	EVAL_IO_S	lower	2	results/baselines/conceptgraphs/local_same_hardware/20260715-room0-s10-200f/result.json	/metrics/evaluation_io_s	VERIFIED	Imported from verified run 20260715-conceptgraphs-room0-s10-200f-t4.
T4_DUALMAP_FRONTEND_SPF	T4	DUALMAP	local_same_hardware	test	FRONTEND_SPF	lower	2	results/baselines/dualmap/local_same_hardware/20260714-room0-s10-200f/result.json	/metrics/frontend_spf	VERIFIED	Imported from verified run 20260714-dualmap-room0-s10-200f-t4.
T4_DUALMAP_BACKEND_SPF	T4	DUALMAP	local_same_hardware	test	BACKEND_SPF	lower	2	results/baselines/dualmap/local_same_hardware/20260714-room0-s10-200f/result.json	/metrics/backend_spf	VERIFIED	Imported from verified run 20260714-dualmap-room0-s10-200f-t4.
T4_DUALMAP_MAINT_SPF	T4	DUALMAP	local_same_hardware	test	MAINT_SPF	lower	2	results/baselines/dualmap/local_same_hardware/20260714-room0-s10-200f/result.json	/metrics/maintenance_spf	VERIFIED	Imported from verified run 20260714-dualmap-room0-s10-200f-t4.
T4_DUALMAP_TOTAL_SPF	T4	DUALMAP	local_same_hardware	test	TOTAL_SPF	lower	2	results/baselines/dualmap/local_same_hardware/20260714-room0-s10-200f/result.json	/metrics/total_spf	VERIFIED	Imported from verified run 20260714-dualmap-room0-s10-200f-t4.
T4_DUALMAP_HZ	T4	DUALMAP	local_same_hardware	test	HZ	higher	2	results/baselines/dualmap/local_same_hardware/20260714-room0-s10-200f/result.json	/metrics/hz	VERIFIED	Imported from verified run 20260714-dualmap-room0-s10-200f-t4.
T4_DUALMAP_FINAL_S	T4	DUALMAP	local_same_hardware	test	FINAL_S	lower	2	results/baselines/dualmap/local_same_hardware/20260714-room0-s10-200f/result.json	/metrics/finalization_s	VERIFIED	Imported from verified run 20260714-dualmap-room0-s10-200f-t4.
T4_DUALMAP_QUERY_P50_MS	T4	DUALMAP	local_same_hardware	test	QUERY_P50_MS	lower	2	results/baselines/dualmap/local_same_hardware/20260714-room0-s10-200f/result.json	/metrics/query_p50_ms	VERIFIED	Imported from verified run 20260714-dualmap-room0-s10-200f-t4.
T4_DUALMAP_QUERY_P95_MS	T4	DUALMAP	local_same_hardware	test	QUERY_P95_MS	lower	2	results/baselines/dualmap/local_same_hardware/20260714-room0-s10-200f/result.json	/metrics/query_p95_ms	VERIFIED	Imported from verified run 20260714-dualmap-room0-s10-200f-t4.
T4_DUALMAP_GPU_GB	T4	DUALMAP	local_same_hardware	test	GPU_GB	lower	2	results/baselines/dualmap/local_same_hardware/20260714-room0-s10-200f/result.json	/metrics/peak_gpu_gb	VERIFIED	Imported from verified run 20260714-dualmap-room0-s10-200f-t4.
T4_DUALMAP_RAM_GB	T4	DUALMAP	local_same_hardware	test	RAM_GB	lower	2	results/baselines/dualmap/local_same_hardware/20260714-room0-s10-200f/result.json	/metrics/peak_ram_gb	VERIFIED	Imported from verified run 20260714-dualmap-room0-s10-200f-t4.
T4_DUALMAP_MAP_MB	T4	DUALMAP	local_same_hardware	test	MAP_MB	lower	2	results/baselines/dualmap/local_same_hardware/20260714-room0-s10-200f/result.json	/metrics/final_map_mb	VERIFIED	Imported from verified run 20260714-dualmap-room0-s10-200f-t4.
T4_DUALMAP_EVAL_IO_S	T4	DUALMAP	local_same_hardware	test	EVAL_IO_S	lower	2	results/baselines/dualmap/local_same_hardware/20260714-room0-s10-200f/result.json	/metrics/evaluation_io_s	VERIFIED	Imported from verified run 20260714-dualmap-room0-s10-200f-t4.
T4_KHRONOS_FRONTEND_SPF	T4	KHRONOS	local_same_hardware	test	FRONTEND_SPF	lower	2			UNFILLED	Pending benchmark run.
T4_KHRONOS_BACKEND_SPF	T4	KHRONOS	local_same_hardware	test	BACKEND_SPF	lower	2			UNFILLED	Pending benchmark run.
T4_KHRONOS_MAINT_SPF	T4	KHRONOS	local_same_hardware	test	MAINT_SPF	lower	2			UNFILLED	Pending benchmark run.
T4_KHRONOS_TOTAL_SPF	T4	KHRONOS	local_same_hardware	test	TOTAL_SPF	lower	2			UNFILLED	Pending benchmark run.
T4_KHRONOS_HZ	T4	KHRONOS	local_same_hardware	test	HZ	higher	2			UNFILLED	Pending benchmark run.
T4_KHRONOS_FINAL_S	T4	KHRONOS	local_same_hardware	test	FINAL_S	lower	2			UNFILLED	Pending benchmark run.
T4_KHRONOS_QUERY_P50_MS	T4	KHRONOS	local_same_hardware	test	QUERY_P50_MS	lower	2			UNFILLED	Pending benchmark run.
T4_KHRONOS_QUERY_P95_MS	T4	KHRONOS	local_same_hardware	test	QUERY_P95_MS	lower	2			UNFILLED	Pending benchmark run.
T4_KHRONOS_GPU_GB	T4	KHRONOS	local_same_hardware	test	GPU_GB	lower	2			UNFILLED	Pending benchmark run.
T4_KHRONOS_RAM_GB	T4	KHRONOS	local_same_hardware	test	RAM_GB	lower	2			UNFILLED	Pending benchmark run.
T4_KHRONOS_MAP_MB	T4	KHRONOS	local_same_hardware	test	MAP_MB	lower	2			UNFILLED	Pending benchmark run.
T4_KHRONOS_EVAL_IO_S	T4	KHRONOS	local_same_hardware	test	EVAL_IO_S	lower	2			UNFILLED	Pending benchmark run.
T4_OVIOVO_STATIC_FRONTEND_SPF	T4	OVIOVO_STATIC	local_same_hardware	test	FRONTEND_SPF	lower	2			UNFILLED	Pending benchmark run.
T4_OVIOVO_STATIC_BACKEND_SPF	T4	OVIOVO_STATIC	local_same_hardware	test	BACKEND_SPF	lower	2			UNFILLED	Pending benchmark run.
T4_OVIOVO_STATIC_MAINT_SPF	T4	OVIOVO_STATIC	local_same_hardware	test	MAINT_SPF	lower	2			UNFILLED	Pending benchmark run.
T4_OVIOVO_STATIC_TOTAL_SPF	T4	OVIOVO_STATIC	local_same_hardware	test	TOTAL_SPF	lower	2			UNFILLED	Pending benchmark run.
T4_OVIOVO_STATIC_HZ	T4	OVIOVO_STATIC	local_same_hardware	test	HZ	higher	2			UNFILLED	Pending benchmark run.
T4_OVIOVO_STATIC_FINAL_S	T4	OVIOVO_STATIC	local_same_hardware	test	FINAL_S	lower	2			UNFILLED	Pending benchmark run.
T4_OVIOVO_STATIC_QUERY_P50_MS	T4	OVIOVO_STATIC	local_same_hardware	test	QUERY_P50_MS	lower	2			UNFILLED	Pending benchmark run.
T4_OVIOVO_STATIC_QUERY_P95_MS	T4	OVIOVO_STATIC	local_same_hardware	test	QUERY_P95_MS	lower	2			UNFILLED	Pending benchmark run.
T4_OVIOVO_STATIC_GPU_GB	T4	OVIOVO_STATIC	local_same_hardware	test	GPU_GB	lower	2			UNFILLED	Pending benchmark run.
T4_OVIOVO_STATIC_RAM_GB	T4	OVIOVO_STATIC	local_same_hardware	test	RAM_GB	lower	2			UNFILLED	Pending benchmark run.
T4_OVIOVO_STATIC_MAP_MB	T4	OVIOVO_STATIC	local_same_hardware	test	MAP_MB	lower	2			UNFILLED	Pending benchmark run.
T4_OVIOVO_STATIC_EVAL_IO_S	T4	OVIOVO_STATIC	local_same_hardware	test	EVAL_IO_S	lower	2			UNFILLED	Pending benchmark run.
T4_OVIOVO_FRONTEND_SPF	T4	OVIOVO	local_same_hardware	test	FRONTEND_SPF	lower	2			UNFILLED	Pending benchmark run.
T4_OVIOVO_BACKEND_SPF	T4	OVIOVO	local_same_hardware	test	BACKEND_SPF	lower	2			UNFILLED	Pending benchmark run.
T4_OVIOVO_MAINT_SPF	T4	OVIOVO	local_same_hardware	test	MAINT_SPF	lower	2			UNFILLED	Pending benchmark run.
T4_OVIOVO_TOTAL_SPF	T4	OVIOVO	local_same_hardware	test	TOTAL_SPF	lower	2			UNFILLED	Pending benchmark run.
T4_OVIOVO_HZ	T4	OVIOVO	local_same_hardware	test	HZ	higher	2			UNFILLED	Pending benchmark run.
T4_OVIOVO_FINAL_S	T4	OVIOVO	local_same_hardware	test	FINAL_S	lower	2			UNFILLED	Pending benchmark run.
T4_OVIOVO_QUERY_P50_MS	T4	OVIOVO	local_same_hardware	test	QUERY_P50_MS	lower	2			UNFILLED	Pending benchmark run.
T4_OVIOVO_QUERY_P95_MS	T4	OVIOVO	local_same_hardware	test	QUERY_P95_MS	lower	2			UNFILLED	Pending benchmark run.
T4_OVIOVO_GPU_GB	T4	OVIOVO	local_same_hardware	test	GPU_GB	lower	2			UNFILLED	Pending benchmark run.
T4_OVIOVO_RAM_GB	T4	OVIOVO	local_same_hardware	test	RAM_GB	lower	2			UNFILLED	Pending benchmark run.
T4_OVIOVO_MAP_MB	T4	OVIOVO	local_same_hardware	test	MAP_MB	lower	2			UNFILLED	Pending benchmark run.
T4_OVIOVO_EVAL_IO_S	T4	OVIOVO	local_same_hardware	test	EVAL_IO_S	lower	2			UNFILLED	Pending benchmark run.
S1_OVIMAP_FROZEN_VALIDATION_PRESENT_R1	S1	OVIMAP_FROZEN	current_state_queries	validation	VALIDATION_PRESENT_R1	higher	3			UNFILLED	Pending benchmark run.
S1_OVIMAP_FROZEN_VALIDATION_MOVED_R1	S1	OVIMAP_FROZEN	current_state_queries	validation	VALIDATION_MOVED_R1	higher	3			UNFILLED	Pending benchmark run.
S1_OVIMAP_FROZEN_VALIDATION_NEW_R1	S1	OVIMAP_FROZEN	current_state_queries	validation	VALIDATION_NEW_R1	higher	3			UNFILLED	Pending benchmark run.
S1_OVIMAP_FROZEN_VALIDATION_NOT_FOUND_F1	S1	OVIMAP_FROZEN	current_state_queries	validation	VALIDATION_NOT_FOUND_F1	higher	3			UNFILLED	Pending benchmark run.
S1_OVIMAP_FROZEN_VALIDATION_STALE_FP	S1	OVIMAP_FROZEN	current_state_queries	validation	VALIDATION_STALE_FP	lower	3			UNFILLED	Pending benchmark run.
S1_OVIMAP_FROZEN_VALIDATION_LOC_ERROR_M	S1	OVIMAP_FROZEN	current_state_queries	validation	VALIDATION_LOC_ERROR_M	lower	2			UNFILLED	Pending benchmark run.
S1_OVIMAP_FROZEN_VALIDATION_RECOVERY_FRAMES	S1	OVIMAP_FROZEN	current_state_queries	validation	VALIDATION_RECOVERY_FRAMES	lower	3			UNFILLED	Pending benchmark run.
S1_OVIMAP_FROZEN_TEST_PRESENT_R1	S1	OVIMAP_FROZEN	current_state_queries	test	TEST_PRESENT_R1	higher	3			UNFILLED	Pending benchmark run.
S1_OVIMAP_FROZEN_TEST_MOVED_R1	S1	OVIMAP_FROZEN	current_state_queries	test	TEST_MOVED_R1	higher	3			UNFILLED	Pending benchmark run.
S1_OVIMAP_FROZEN_TEST_NEW_R1	S1	OVIMAP_FROZEN	current_state_queries	test	TEST_NEW_R1	higher	3			UNFILLED	Pending benchmark run.
S1_OVIMAP_FROZEN_TEST_NOT_FOUND_F1	S1	OVIMAP_FROZEN	current_state_queries	test	TEST_NOT_FOUND_F1	higher	3			UNFILLED	Pending benchmark run.
S1_OVIMAP_FROZEN_TEST_STALE_FP	S1	OVIMAP_FROZEN	current_state_queries	test	TEST_STALE_FP	lower	3			UNFILLED	Pending benchmark run.
S1_OVIMAP_FROZEN_TEST_LOC_ERROR_M	S1	OVIMAP_FROZEN	current_state_queries	test	TEST_LOC_ERROR_M	lower	2			UNFILLED	Pending benchmark run.
S1_OVIMAP_FROZEN_TEST_RECOVERY_FRAMES	S1	OVIMAP_FROZEN	current_state_queries	test	TEST_RECOVERY_FRAMES	lower	3			UNFILLED	Pending benchmark run.
S1_CONCEPTGRAPHS_FROZEN_VALIDATION_PRESENT_R1	S1	CONCEPTGRAPHS_FROZEN	current_state_queries	validation	VALIDATION_PRESENT_R1	higher	3			UNFILLED	Pending benchmark run.
S1_CONCEPTGRAPHS_FROZEN_VALIDATION_MOVED_R1	S1	CONCEPTGRAPHS_FROZEN	current_state_queries	validation	VALIDATION_MOVED_R1	higher	3			UNFILLED	Pending benchmark run.
S1_CONCEPTGRAPHS_FROZEN_VALIDATION_NEW_R1	S1	CONCEPTGRAPHS_FROZEN	current_state_queries	validation	VALIDATION_NEW_R1	higher	3			UNFILLED	Pending benchmark run.
S1_CONCEPTGRAPHS_FROZEN_VALIDATION_NOT_FOUND_F1	S1	CONCEPTGRAPHS_FROZEN	current_state_queries	validation	VALIDATION_NOT_FOUND_F1	higher	3			UNFILLED	Pending benchmark run.
S1_CONCEPTGRAPHS_FROZEN_VALIDATION_STALE_FP	S1	CONCEPTGRAPHS_FROZEN	current_state_queries	validation	VALIDATION_STALE_FP	lower	3			UNFILLED	Pending benchmark run.
S1_CONCEPTGRAPHS_FROZEN_VALIDATION_LOC_ERROR_M	S1	CONCEPTGRAPHS_FROZEN	current_state_queries	validation	VALIDATION_LOC_ERROR_M	lower	2			UNFILLED	Pending benchmark run.
S1_CONCEPTGRAPHS_FROZEN_VALIDATION_RECOVERY_FRAMES	S1	CONCEPTGRAPHS_FROZEN	current_state_queries	validation	VALIDATION_RECOVERY_FRAMES	lower	3			UNFILLED	Pending benchmark run.
S1_CONCEPTGRAPHS_FROZEN_TEST_PRESENT_R1	S1	CONCEPTGRAPHS_FROZEN	current_state_queries	test	TEST_PRESENT_R1	higher	3			UNFILLED	Pending benchmark run.
S1_CONCEPTGRAPHS_FROZEN_TEST_MOVED_R1	S1	CONCEPTGRAPHS_FROZEN	current_state_queries	test	TEST_MOVED_R1	higher	3			UNFILLED	Pending benchmark run.
S1_CONCEPTGRAPHS_FROZEN_TEST_NEW_R1	S1	CONCEPTGRAPHS_FROZEN	current_state_queries	test	TEST_NEW_R1	higher	3			UNFILLED	Pending benchmark run.
S1_CONCEPTGRAPHS_FROZEN_TEST_NOT_FOUND_F1	S1	CONCEPTGRAPHS_FROZEN	current_state_queries	test	TEST_NOT_FOUND_F1	higher	3			UNFILLED	Pending benchmark run.
S1_CONCEPTGRAPHS_FROZEN_TEST_STALE_FP	S1	CONCEPTGRAPHS_FROZEN	current_state_queries	test	TEST_STALE_FP	lower	3			UNFILLED	Pending benchmark run.
S1_CONCEPTGRAPHS_FROZEN_TEST_LOC_ERROR_M	S1	CONCEPTGRAPHS_FROZEN	current_state_queries	test	TEST_LOC_ERROR_M	lower	2			UNFILLED	Pending benchmark run.
S1_CONCEPTGRAPHS_FROZEN_TEST_RECOVERY_FRAMES	S1	CONCEPTGRAPHS_FROZEN	current_state_queries	test	TEST_RECOVERY_FRAMES	lower	3			UNFILLED	Pending benchmark run.
S1_DUALMAP_VALIDATION_PRESENT_R1	S1	DUALMAP	current_state_queries	validation	VALIDATION_PRESENT_R1	higher	3			UNFILLED	Pending benchmark run.
S1_DUALMAP_VALIDATION_MOVED_R1	S1	DUALMAP	current_state_queries	validation	VALIDATION_MOVED_R1	higher	3			UNFILLED	Pending benchmark run.
S1_DUALMAP_VALIDATION_NEW_R1	S1	DUALMAP	current_state_queries	validation	VALIDATION_NEW_R1	higher	3			UNFILLED	Pending benchmark run.
S1_DUALMAP_VALIDATION_NOT_FOUND_F1	S1	DUALMAP	current_state_queries	validation	VALIDATION_NOT_FOUND_F1	higher	3			UNFILLED	Pending benchmark run.
S1_DUALMAP_VALIDATION_STALE_FP	S1	DUALMAP	current_state_queries	validation	VALIDATION_STALE_FP	lower	3			UNFILLED	Pending benchmark run.
S1_DUALMAP_VALIDATION_LOC_ERROR_M	S1	DUALMAP	current_state_queries	validation	VALIDATION_LOC_ERROR_M	lower	2			UNFILLED	Pending benchmark run.
S1_DUALMAP_VALIDATION_RECOVERY_FRAMES	S1	DUALMAP	current_state_queries	validation	VALIDATION_RECOVERY_FRAMES	lower	3			UNFILLED	Pending benchmark run.
S1_DUALMAP_TEST_PRESENT_R1	S1	DUALMAP	current_state_queries	test	TEST_PRESENT_R1	higher	3			UNFILLED	Pending benchmark run.
S1_DUALMAP_TEST_MOVED_R1	S1	DUALMAP	current_state_queries	test	TEST_MOVED_R1	higher	3			UNFILLED	Pending benchmark run.
S1_DUALMAP_TEST_NEW_R1	S1	DUALMAP	current_state_queries	test	TEST_NEW_R1	higher	3			UNFILLED	Pending benchmark run.
S1_DUALMAP_TEST_NOT_FOUND_F1	S1	DUALMAP	current_state_queries	test	TEST_NOT_FOUND_F1	higher	3			UNFILLED	Pending benchmark run.
S1_DUALMAP_TEST_STALE_FP	S1	DUALMAP	current_state_queries	test	TEST_STALE_FP	lower	3			UNFILLED	Pending benchmark run.
S1_DUALMAP_TEST_LOC_ERROR_M	S1	DUALMAP	current_state_queries	test	TEST_LOC_ERROR_M	lower	2			UNFILLED	Pending benchmark run.
S1_DUALMAP_TEST_RECOVERY_FRAMES	S1	DUALMAP	current_state_queries	test	TEST_RECOVERY_FRAMES	lower	3			UNFILLED	Pending benchmark run.
S1_KHRONOS_SHARED_VALIDATION_PRESENT_R1	S1	KHRONOS_SHARED	current_state_queries	validation	VALIDATION_PRESENT_R1	higher	3			UNFILLED	Pending benchmark run.
S1_KHRONOS_SHARED_VALIDATION_MOVED_R1	S1	KHRONOS_SHARED	current_state_queries	validation	VALIDATION_MOVED_R1	higher	3			UNFILLED	Pending benchmark run.
S1_KHRONOS_SHARED_VALIDATION_NEW_R1	S1	KHRONOS_SHARED	current_state_queries	validation	VALIDATION_NEW_R1	higher	3			UNFILLED	Pending benchmark run.
S1_KHRONOS_SHARED_VALIDATION_NOT_FOUND_F1	S1	KHRONOS_SHARED	current_state_queries	validation	VALIDATION_NOT_FOUND_F1	higher	3			UNFILLED	Pending benchmark run.
S1_KHRONOS_SHARED_VALIDATION_STALE_FP	S1	KHRONOS_SHARED	current_state_queries	validation	VALIDATION_STALE_FP	lower	3			UNFILLED	Pending benchmark run.
S1_KHRONOS_SHARED_VALIDATION_LOC_ERROR_M	S1	KHRONOS_SHARED	current_state_queries	validation	VALIDATION_LOC_ERROR_M	lower	2			UNFILLED	Pending benchmark run.
S1_KHRONOS_SHARED_VALIDATION_RECOVERY_FRAMES	S1	KHRONOS_SHARED	current_state_queries	validation	VALIDATION_RECOVERY_FRAMES	lower	3			UNFILLED	Pending benchmark run.
S1_KHRONOS_SHARED_TEST_PRESENT_R1	S1	KHRONOS_SHARED	current_state_queries	test	TEST_PRESENT_R1	higher	3			UNFILLED	Pending benchmark run.
S1_KHRONOS_SHARED_TEST_MOVED_R1	S1	KHRONOS_SHARED	current_state_queries	test	TEST_MOVED_R1	higher	3			UNFILLED	Pending benchmark run.
S1_KHRONOS_SHARED_TEST_NEW_R1	S1	KHRONOS_SHARED	current_state_queries	test	TEST_NEW_R1	higher	3			UNFILLED	Pending benchmark run.
S1_KHRONOS_SHARED_TEST_NOT_FOUND_F1	S1	KHRONOS_SHARED	current_state_queries	test	TEST_NOT_FOUND_F1	higher	3			UNFILLED	Pending benchmark run.
S1_KHRONOS_SHARED_TEST_STALE_FP	S1	KHRONOS_SHARED	current_state_queries	test	TEST_STALE_FP	lower	3			UNFILLED	Pending benchmark run.
S1_KHRONOS_SHARED_TEST_LOC_ERROR_M	S1	KHRONOS_SHARED	current_state_queries	test	TEST_LOC_ERROR_M	lower	2			UNFILLED	Pending benchmark run.
S1_KHRONOS_SHARED_TEST_RECOVERY_FRAMES	S1	KHRONOS_SHARED	current_state_queries	test	TEST_RECOVERY_FRAMES	lower	3			UNFILLED	Pending benchmark run.
S1_OVIOVO_VALIDATION_PRESENT_R1	S1	OVIOVO	current_state_queries	validation	VALIDATION_PRESENT_R1	higher	3			UNFILLED	Pending benchmark run.
S1_OVIOVO_VALIDATION_MOVED_R1	S1	OVIOVO	current_state_queries	validation	VALIDATION_MOVED_R1	higher	3			UNFILLED	Pending benchmark run.
S1_OVIOVO_VALIDATION_NEW_R1	S1	OVIOVO	current_state_queries	validation	VALIDATION_NEW_R1	higher	3			UNFILLED	Pending benchmark run.
S1_OVIOVO_VALIDATION_NOT_FOUND_F1	S1	OVIOVO	current_state_queries	validation	VALIDATION_NOT_FOUND_F1	higher	3			UNFILLED	Pending benchmark run.
S1_OVIOVO_VALIDATION_STALE_FP	S1	OVIOVO	current_state_queries	validation	VALIDATION_STALE_FP	lower	3			UNFILLED	Pending benchmark run.
S1_OVIOVO_VALIDATION_LOC_ERROR_M	S1	OVIOVO	current_state_queries	validation	VALIDATION_LOC_ERROR_M	lower	2			UNFILLED	Pending benchmark run.
S1_OVIOVO_VALIDATION_RECOVERY_FRAMES	S1	OVIOVO	current_state_queries	validation	VALIDATION_RECOVERY_FRAMES	lower	3			UNFILLED	Pending benchmark run.
S1_OVIOVO_TEST_PRESENT_R1	S1	OVIOVO	current_state_queries	test	TEST_PRESENT_R1	higher	3			UNFILLED	Pending benchmark run.
S1_OVIOVO_TEST_MOVED_R1	S1	OVIOVO	current_state_queries	test	TEST_MOVED_R1	higher	3			UNFILLED	Pending benchmark run.
S1_OVIOVO_TEST_NEW_R1	S1	OVIOVO	current_state_queries	test	TEST_NEW_R1	higher	3			UNFILLED	Pending benchmark run.
S1_OVIOVO_TEST_NOT_FOUND_F1	S1	OVIOVO	current_state_queries	test	TEST_NOT_FOUND_F1	higher	3			UNFILLED	Pending benchmark run.
S1_OVIOVO_TEST_STALE_FP	S1	OVIOVO	current_state_queries	test	TEST_STALE_FP	lower	3			UNFILLED	Pending benchmark run.
S1_OVIOVO_TEST_LOC_ERROR_M	S1	OVIOVO	current_state_queries	test	TEST_LOC_ERROR_M	lower	2			UNFILLED	Pending benchmark run.
S1_OVIOVO_TEST_RECOVERY_FRAMES	S1	OVIOVO	current_state_queries	test	TEST_RECOVERY_FRAMES	lower	3			UNFILLED	Pending benchmark run.
S2_ESAM_VISIT_STAGE_AP50	S2	ESAM_VISIT	3RScan	test	STAGE_AP50	higher	3			UNFILLED	Pending benchmark run.
S2_ESAM_VISIT_T_AP	S2	ESAM_VISIT	3RScan	test	T_AP	higher	3			UNFILLED	Pending benchmark run.
S2_ESAM_VISIT_T_REC	S2	ESAM_VISIT	3RScan	test	T_REC	higher	3			UNFILLED	Pending benchmark run.
S2_ESAM_VISIT_IDSW	S2	ESAM_VISIT	3RScan	test	IDSW	lower	3			UNFILLED	Pending benchmark run.
S2_ESAM_VISIT_REACT_R1	S2	ESAM_VISIT	3RScan	test	REACT_R1	higher	3			UNFILLED	Pending benchmark run.
S2_ESAM_VISIT_FALSE_REID	S2	ESAM_VISIT	3RScan	test	FALSE_REID	lower	3			UNFILLED	Pending benchmark run.
S2_KHRONOS_ADAPTED_STAGE_AP50	S2	KHRONOS_ADAPTED	3RScan	test	STAGE_AP50	higher	3			UNFILLED	Pending benchmark run.
S2_KHRONOS_ADAPTED_T_AP	S2	KHRONOS_ADAPTED	3RScan	test	T_AP	higher	3			UNFILLED	Pending benchmark run.
S2_KHRONOS_ADAPTED_T_REC	S2	KHRONOS_ADAPTED	3RScan	test	T_REC	higher	3			UNFILLED	Pending benchmark run.
S2_KHRONOS_ADAPTED_IDSW	S2	KHRONOS_ADAPTED	3RScan	test	IDSW	lower	3			UNFILLED	Pending benchmark run.
S2_KHRONOS_ADAPTED_REACT_R1	S2	KHRONOS_ADAPTED	3RScan	test	REACT_R1	higher	3			UNFILLED	Pending benchmark run.
S2_KHRONOS_ADAPTED_FALSE_REID	S2	KHRONOS_ADAPTED	3RScan	test	FALSE_REID	lower	3			UNFILLED	Pending benchmark run.
S2_RESCENE4D_STAGE_AP50	S2	RESCENE4D	3RScan	test	STAGE_AP50	higher	3			UNFILLED	Pending benchmark run.
S2_RESCENE4D_T_AP	S2	RESCENE4D	3RScan	test	T_AP	higher	3			UNFILLED	Pending benchmark run.
S2_RESCENE4D_T_REC	S2	RESCENE4D	3RScan	test	T_REC	higher	3			UNFILLED	Pending benchmark run.
S2_RESCENE4D_IDSW	S2	RESCENE4D	3RScan	test	IDSW	lower	3			UNFILLED	Pending benchmark run.
S2_RESCENE4D_REACT_R1	S2	RESCENE4D	3RScan	test	REACT_R1	higher	3			UNFILLED	Pending benchmark run.
S2_RESCENE4D_FALSE_REID	S2	RESCENE4D	3RScan	test	FALSE_REID	lower	3			UNFILLED	Pending benchmark run.
S2_OVIOVO_NO_REID_STAGE_AP50	S2	OVIOVO_NO_REID	3RScan	test	STAGE_AP50	higher	3			UNFILLED	Pending benchmark run.
S2_OVIOVO_NO_REID_T_AP	S2	OVIOVO_NO_REID	3RScan	test	T_AP	higher	3			UNFILLED	Pending benchmark run.
S2_OVIOVO_NO_REID_T_REC	S2	OVIOVO_NO_REID	3RScan	test	T_REC	higher	3			UNFILLED	Pending benchmark run.
S2_OVIOVO_NO_REID_IDSW	S2	OVIOVO_NO_REID	3RScan	test	IDSW	lower	3			UNFILLED	Pending benchmark run.
S2_OVIOVO_NO_REID_REACT_R1	S2	OVIOVO_NO_REID	3RScan	test	REACT_R1	higher	3			UNFILLED	Pending benchmark run.
S2_OVIOVO_NO_REID_FALSE_REID	S2	OVIOVO_NO_REID	3RScan	test	FALSE_REID	lower	3			UNFILLED	Pending benchmark run.
S2_OVIOVO_STAGE_AP50	S2	OVIOVO	3RScan	test	STAGE_AP50	higher	3			UNFILLED	Pending benchmark run.
S2_OVIOVO_T_AP	S2	OVIOVO	3RScan	test	T_AP	higher	3			UNFILLED	Pending benchmark run.
S2_OVIOVO_T_REC	S2	OVIOVO	3RScan	test	T_REC	higher	3			UNFILLED	Pending benchmark run.
S2_OVIOVO_IDSW	S2	OVIOVO	3RScan	test	IDSW	lower	3			UNFILLED	Pending benchmark run.
S2_OVIOVO_REACT_R1	S2	OVIOVO	3RScan	test	REACT_R1	higher	3			UNFILLED	Pending benchmark run.
S2_OVIOVO_FALSE_REID	S2	OVIOVO	3RScan	test	FALSE_REID	lower	3			UNFILLED	Pending benchmark run.
S3_DUALMAP_CAL_PRESENCE_AUROC	S3	DUALMAP_CAL	current_state_queries	test	PRESENCE_AUROC	higher	3			UNFILLED	Pending benchmark run.
S3_DUALMAP_CAL_NOT_FOUND_PREC	S3	DUALMAP_CAL	current_state_queries	test	NOT_FOUND_PREC	higher	3			UNFILLED	Pending benchmark run.
S3_DUALMAP_CAL_NOT_FOUND_REC	S3	DUALMAP_CAL	current_state_queries	test	NOT_FOUND_REC	higher	3			UNFILLED	Pending benchmark run.
S3_DUALMAP_CAL_NOT_FOUND_F1	S3	DUALMAP_CAL	current_state_queries	test	NOT_FOUND_F1	higher	3			UNFILLED	Pending benchmark run.
S3_DUALMAP_CAL_BINARY_ECE	S3	DUALMAP_CAL	current_state_queries	test	BINARY_ECE	lower	3			UNFILLED	Pending benchmark run.
S3_DUALMAP_CAL_RISK_COVERAGE_AUC	S3	DUALMAP_CAL	current_state_queries	test	RISK_COVERAGE_AUC	lower	3			UNFILLED	Pending benchmark run.
S3_CONCEPTGRAPHS_CAL_PRESENCE_AUROC	S3	CONCEPTGRAPHS_CAL	current_state_queries	test	PRESENCE_AUROC	higher	3			UNFILLED	Pending benchmark run.
S3_CONCEPTGRAPHS_CAL_NOT_FOUND_PREC	S3	CONCEPTGRAPHS_CAL	current_state_queries	test	NOT_FOUND_PREC	higher	3			UNFILLED	Pending benchmark run.
S3_CONCEPTGRAPHS_CAL_NOT_FOUND_REC	S3	CONCEPTGRAPHS_CAL	current_state_queries	test	NOT_FOUND_REC	higher	3			UNFILLED	Pending benchmark run.
S3_CONCEPTGRAPHS_CAL_NOT_FOUND_F1	S3	CONCEPTGRAPHS_CAL	current_state_queries	test	NOT_FOUND_F1	higher	3			UNFILLED	Pending benchmark run.
S3_CONCEPTGRAPHS_CAL_BINARY_ECE	S3	CONCEPTGRAPHS_CAL	current_state_queries	test	BINARY_ECE	lower	3			UNFILLED	Pending benchmark run.
S3_CONCEPTGRAPHS_CAL_RISK_COVERAGE_AUC	S3	CONCEPTGRAPHS_CAL	current_state_queries	test	RISK_COVERAGE_AUC	lower	3			UNFILLED	Pending benchmark run.
S3_KHRONOS_SHARED_CAL_PRESENCE_AUROC	S3	KHRONOS_SHARED_CAL	current_state_queries	test	PRESENCE_AUROC	higher	3			UNFILLED	Pending benchmark run.
S3_KHRONOS_SHARED_CAL_NOT_FOUND_PREC	S3	KHRONOS_SHARED_CAL	current_state_queries	test	NOT_FOUND_PREC	higher	3			UNFILLED	Pending benchmark run.
S3_KHRONOS_SHARED_CAL_NOT_FOUND_REC	S3	KHRONOS_SHARED_CAL	current_state_queries	test	NOT_FOUND_REC	higher	3			UNFILLED	Pending benchmark run.
S3_KHRONOS_SHARED_CAL_NOT_FOUND_F1	S3	KHRONOS_SHARED_CAL	current_state_queries	test	NOT_FOUND_F1	higher	3			UNFILLED	Pending benchmark run.
S3_KHRONOS_SHARED_CAL_BINARY_ECE	S3	KHRONOS_SHARED_CAL	current_state_queries	test	BINARY_ECE	lower	3			UNFILLED	Pending benchmark run.
S3_KHRONOS_SHARED_CAL_RISK_COVERAGE_AUC	S3	KHRONOS_SHARED_CAL	current_state_queries	test	RISK_COVERAGE_AUC	lower	3			UNFILLED	Pending benchmark run.
S3_OVIOVO_UNCAL_PRESENCE_AUROC	S3	OVIOVO_UNCAL	current_state_queries	test	PRESENCE_AUROC	higher	3			UNFILLED	Pending benchmark run.
S3_OVIOVO_UNCAL_NOT_FOUND_PREC	S3	OVIOVO_UNCAL	current_state_queries	test	NOT_FOUND_PREC	higher	3			UNFILLED	Pending benchmark run.
S3_OVIOVO_UNCAL_NOT_FOUND_REC	S3	OVIOVO_UNCAL	current_state_queries	test	NOT_FOUND_REC	higher	3			UNFILLED	Pending benchmark run.
S3_OVIOVO_UNCAL_NOT_FOUND_F1	S3	OVIOVO_UNCAL	current_state_queries	test	NOT_FOUND_F1	higher	3			UNFILLED	Pending benchmark run.
S3_OVIOVO_UNCAL_BINARY_ECE	S3	OVIOVO_UNCAL	current_state_queries	test	BINARY_ECE	lower	3			UNFILLED	Pending benchmark run.
S3_OVIOVO_UNCAL_RISK_COVERAGE_AUC	S3	OVIOVO_UNCAL	current_state_queries	test	RISK_COVERAGE_AUC	lower	3			UNFILLED	Pending benchmark run.
S3_OVIOVO_PRESENCE_AUROC	S3	OVIOVO	current_state_queries	test	PRESENCE_AUROC	higher	3			UNFILLED	Pending benchmark run.
S3_OVIOVO_NOT_FOUND_PREC	S3	OVIOVO	current_state_queries	test	NOT_FOUND_PREC	higher	3			UNFILLED	Pending benchmark run.
S3_OVIOVO_NOT_FOUND_REC	S3	OVIOVO	current_state_queries	test	NOT_FOUND_REC	higher	3			UNFILLED	Pending benchmark run.
S3_OVIOVO_NOT_FOUND_F1	S3	OVIOVO	current_state_queries	test	NOT_FOUND_F1	higher	3			UNFILLED	Pending benchmark run.
S3_OVIOVO_BINARY_ECE	S3	OVIOVO	current_state_queries	test	BINARY_ECE	lower	3			UNFILLED	Pending benchmark run.
S3_OVIOVO_RISK_COVERAGE_AUC	S3	OVIOVO	current_state_queries	test	RISK_COVERAGE_AUC	lower	3			UNFILLED	Pending benchmark run.
