id,title,venue,paper_or_primary_url,repository_url,readiness,relevance_and_limit,experiment
P01,SAM 3: Segment Anything with Concepts,ICLR 2026,https://proceedings.iclr.cc/paper_files/paper/2026/hash/e0982cbc81401df3430ee1ff780dc7a2-Abstract-Conference.html,https://github.com/facebookresearch/sam3,官方代码与受许可权重入口；本次未加载,概念条件分割与视觉提示；分别用于类别空间核验、二维ROI修复。不可无条件当成类无关CropFormer替代品。,"E02,E04,E10"
P02,Mitigating Objectness Bias and Region-to-Text Misalignment for Open-Vocabulary Panoptic Segmentation (OVRCOAT),CVPR 2026,https://openaccess.thecvf.com/content/CVPR2026/html/Kormushev_Mitigating_Objectness_Bias_and_Region-to-Text_Misalignment_for_Open-Vocabulary_Panoptic_Segmentation_CVPR_2026_paper.html,https://github.com/nickormushev/OVRCOAT,代码与权重链接已见；重点函数已读，未部署,将物体存在性与区域识别分开；首轮只移植外部mask区域分类，不将COAT强行套进固定owner分数。,"E03,E09"
P03,Zoo3D: Zero-Shot 3D Object Detection at Scene Level,CVPR 2026,https://arxiv.org/html/2511.20253v1,https://github.com/col14m/Zoo3D,Zoo3D_0代码已公开，run.py与semantics/open_voc.py已读,几何投影/遮挡筛选→合适视图→SAM区域修复→语言特征。其输出是3D框，不能直接冒充实例mask方法。,E02
P04,ReLaGS: Relational Language Gaussian Splatting,CVPR 2026,https://arxiv.org/html/2603.17605v1,https://github.com/dfki-av/ReLaGS,官方代码已公开；ROFA公式与默认值已核对,对象多视图异常特征过滤。默认3σ在当前3/8/10视图限制下不能直接发挥作用；需明确小样本适配。,E01
P05,Franca: Nested Matryoshka Clustering for Scalable Visual Representation Learning,CVPR 2026,https://valeoai.github.io/posts/cvpr-2026,https://github.com/valeoai/Franca,官方代码与骨干/RASA权重已见；视觉SSL模型,位置偏差解耦与多粒度视觉描述。用于区域纯度/对应关系，不是有现成文本塔的SigLIP替代品。,E05
P06,ELViS: Efficient Visual Similarity from Local Descriptors that Generalizes Across Domains,ICLR 2026,https://proceedings.iclr.cc/paper_files/paper/2026/hash/66178beae8f12fcd48699de95acc1152-Abstract-Conference.html,https://github.com/pavelsuma/ELViS,代码、demo与预训练头入口已见；描述子提取指南仍不完整,局部描述子对应及最优传输式匹配，用于同一物体视图质量/重复性判断，不输出类别。,E05
P07,Object-Centric Refinement for Enhanced Zero-Shot Segmentation (OC-ZSS),ICLR 2026,https://proceedings.iclr.cc/paper_files/paper/2026/hash/7db2ffcbfd0bd361d47b7fa612bd2ba2-Abstract-Conference.html,,主会论文已核实；本次未确认可直接使用的官方推理权重,SSL对象提示和对象—patch双阶段交互；需要真正的训练/权重，不等于手工平均patch。,E07
P08,Direct Segmentation without Logits Optimization for Training-Free Open-Vocabulary Semantic Segmentation,CVPR 2026,https://openaccess.thecvf.com/content/CVPR2026/html/Li_Direct_Segmentation_without_Logits_Optimization_for_Training-Free_Open-Vocabulary_Semantic_Segmentation_CVPR_2026_paper.html,,主会论文与方法HTML已见；官方可执行代码未确认,由分布差异直接构造分割表征；作为稠密特征读出后备，不宣称改温度就是复现。,E07
P09,ViTPrompt: Training-Free Prompt Refinement with Visual Tokens for Open-Vocabulary Detection,CVPR 2026,https://openaccess.thecvf.com/content/CVPR2026/html/Qin_ViTPrompt_Training-Free_Prompt_Refinement_with_Visual_Tokens_for_Open-Vocabulary_Detection_CVPR_2026_paper.html,,主会论文已核实；官方代码/权重未确认,初次检测的视觉实例token辅助第二次检测。高置信伪标签可能自强化；不能直接给SigLIP插token。,E04-reserve
P10,SRA-Det: Learning Omni-Grained Open-Vocabulary Detection Beyond Category Names,CVPR 2026,https://openaccess.thecvf.com/content/CVPR2026/html/Yang_SRA-Det_Learning_Omni-Grained_Open-Vocabulary_Detection_Beyond_Category_Names_CVPR_2026_paper.html,,主会论文已核实；官方代码/权重未确认,多语义属性检索与软AND匹配，启发细粒度类别对照；提示模板实验不是SRA-Det复现。,E06
P11,Bilateral Information-aware Test-time Adaptation for Vision-Language Models (BITTA),ICLR 2026,https://scholars.hkbu.edu.hk/en/publications/bilateral-information-aware-test-time-adaptation-for-vision-langu/,https://github.com/super-jw/BITTA,作者/机构主会确认，官方代码已见；需要测试时优化,同时利用不同熵输入，避免只对低熵错误过拟合。放在后期、按场景重置并计费。,E08
P12,Improving Calibration in Test-Time Prompt Tuning for Vision-Language Models via Data-Free Flatness-Aware Prompt Pretraining (FPP),CVPR 2026,https://openaccess.thecvf.com/content/CVPR2026/html/Jang_Improving_Calibration_in_Test-Time_Prompt_Tuning_for_Vision-Language_Models_via_CVPR_2026_paper.html,https://github.com/YonseiML/fpp,主会论文给出官方代码；未确认当前权重兼容性,平坦区域提示初始化。比较同骨干TPT与TPT+FPP；不能说比冻结A7没有额外成本。,E08
P13,SoC: Semantic Orthogonal Calibration for Test-Time Prompt Tuning,CVPR 2026,https://openaccess.thecvf.com/content/CVPR2026/html/Fillioux_SoC_Semantic_Orthogonal_Calibration_for_Test-Time_Prompt_Tuning_CVPR_2026_paper.html,https://github.com/leofillioux/SoC,主会论文给出官方代码；需梯度优化,平滑原型分离，保留近义类别结构；不是每个来源增加一个温度。,E08
P14,CompetitorFormer: Mitigating Query Conflicts for 3D Instance Segmentation via Competitive Strategy,CVPR 2026,https://openaccess.thecvf.com/content/CVPR2026/html/Wang_CompetitorFormer_Mitigating_Query_Conflicts_for_3D_Instance_Segmentation_via_Competitive_CVPR_2026_paper.html,https://github.com/DuanchuWang/CompetitorFormer,官方训练/推理代码已读；权重与训练场景需执行前绑定,解码器内查询竞争。作为重型3D候选对照；不把修改NMS称为复现。,E11
P15,OnlinePG: Online Open-Vocabulary Panoptic Mapping with 3D Gaussian Splatting,CVPR 2026,https://openaccess.thecvf.com/content/CVPR2026/html/Zhai_OnlinePG_Online_Open-Vocabulary_Panoptic_Mapping_with_3D_Gaussian_Splatting_CVPR_2026_paper.html,,主会论文已核实；本次未确认可用官方仓库,滑窗局部实例、双向局部—全局匹配。仅在候选形状确有缺口时研究后端接入。,E12
P16,GeoGuide: Hierarchical Geometric Guidance for Open-Vocabulary 3D Semantic Segmentation,CVPR 2026,https://openaccess.thecvf.com/content/CVPR2026/html/Tao_GeoGuide_Hierarchical_Geometric_Guidance_for_Open-Vocabulary_3D_Semantic_Segmentation_CVPR_2026_paper.html,,主会论文已核实；官方代码/权重未确认,超点、整实例与实例间几何语义约束。需要学习，不能退化成已失败的全图平滑。,E12
P17,LightSplat: Fast and Memory-Efficient Open-Vocabulary 3D Scene Understanding in Five Seconds,CVPR 2026,https://openaccess.thecvf.com/content/CVPR2026/html/Bang_LightSplat_Fast_and_Memory-Efficient_Open-Vocabulary_3D_Scene_Understanding_in_Five_CVPR_2026_paper.html,https://github.com/vision3d-lab/lightsplat,检查时官方仓库仍标代码待发布,语义索引压缩和相关mask聚类；用于效率后备，不直接当成熟可跑模型。,reserve-efficiency
P18,Ov3R: Open-Vocabulary Semantic 3D Reconstruction from RGB Videos,CVPR 2026,https://openaccess.thecvf.com/content/CVPR2026/html/Gong_Ov3R_Open-Vocabulary_Semantic_3D_Reconstruction_from_RGB_Videos_CVPR_2026_paper.html,,主会论文已核实；本次未核实官方完整运行包,语义融入RGB几何重建；与当前RGB-D/已知位姿设定不同，作为整系统对照而非小插件。,reserve-system
P19,EmbodiedSplat: Online Feed-Forward Semantic 3DGS for Open-Vocabulary 3D Scene Understanding,CVPR 2026,https://openaccess.thecvf.com/content/CVPR2026/html/Lee_EmbodiedSplat_Online_Feed-Forward_Semantic_3DGS_for_Open-Vocabulary_3D_Scene_Understanding_CVPR_2026_paper.html,,主会论文已核实；摘要称将公开代码，当前可运行状态未确认,稀疏系数/全局语言码本和3D几何特征；不与ICCV2025同名导航论文混淆。,reserve-system
P20,Efficient-SAM2: Accelerating SAM2 with Object-Aware Visual Encoding and Memory Retrieval,ICLR 2026,https://proceedings.iclr.cc/paper_files/paper/2026/hash/aaa0ac4253da75faf9b0dc0dda062612-Abstract-Conference.html,,主会论文已核实；代码/权重未确认,对象感知稀疏窗口与记忆检索；仅在SAM2修复有用后研究效率，不是精度首选。,reserve-efficiency
P21,AnyUp: Universal Feature Upsampling,ICLR 2026,https://wimmerth.github.io/anyup/,,官方项目确认ICLR2026；本项目已测试过相关分支,只在新的强稠密特征证明分辨率受限后复测，不重跑旧弱GLA分支。,old-control
P22,GeoPurify: A Data-Efficient Geometric Distillation Framework for Open-Vocabulary 3D Segmentation,ICLR 2026,https://proceedings.iclr.cc/paper_files/paper/2026/hash/039bc8e424e1fc196b4203555b54ebc4-Abstract-Conference.html,https://github.com/tj12323/GeoPurify,作者公开代码/检查点；以前轻量适配不等于完整方法,学生亲和网络与几何教师蒸馏，后期需学习条件；不将手工pooling负结果外推到完整方法。,"E12,old-control"
P23,Looking Beyond the Window: Global-Local Aligned CLIP for Training-free Open-Vocabulary Semantic Segmentation (GLA-CLIP),CVPR 2026,https://github.com/2btlFe/GLA-CLIP,https://github.com/2btlFe/GLA-CLIP,官方代码已检索；本项目相关稠密分支已负收益,全球/局部语义对齐；作为已测对照，不重复直接全局替换。,old-control
P24,WOW-Seg: A Word-Free Open World Segmentation Model,ICLR 2026,https://proceedings.iclr.cc/paper_files/paper/2026/hash/fc4fbc2c77d2150c4e61e0fca6c2e95a-Abstract-Conference.html,https://github.com/AAwcAA/WOW-Seg-Meta,官方代码/权重，且用户项目已有实测,区域生成式识别。现有跨场景排序反转，暂不重跑原样方案。,old-control
