table_id,row_id,column_id,metric,source_kind,display_unit,display,value_fraction,value_count,value_seconds,numerator,denominator,source_id,receipt_identity
table1,Mask3D + OpenMask3D,replica8.apall,apall,AUTHOR_REPORTED,percent,3.2,0.032,,,,,f6005caa9009bf63e37fcec2bd52645237c37767ec24d49f7d6bbe72181a8e75,
table1,Mask3D + OpenMask3D,replica8.ap50,ap50,AUTHOR_REPORTED,percent,4.5,0.045,,,,,366ac95df0bc4545888b4c7f0e1af4d73a293ce8637a314479ebde0f4654d1e5,
table1,Mask3D + OpenMask3D,replica8.miou,miou,AUTHOR_REPORTED,percent,18.7,0.187,,,,,63ea9a09cca983118ac4a7b652939fce32363db89008c292d46bb88c03af03a4,
table1,Mask3D + OpenMask3D,scannet_cf18.apall,apall,AUTHOR_REPORTED,percent,5.1,0.051,,,,,580379bb040ae2169beb175b17772fae23e919f745725835c0575c257ab8f8b7,
table1,Mask3D + OpenMask3D,scannet_cf18.ap50,ap50,AUTHOR_REPORTED,percent,8.0,0.08,,,,,2d5c730de5a97d0c1924b679112e67cc7446b4bece3024e73e1dff6178914bc7,
table1,Mask3D + OpenMask3D,scannet_cf18.miou,miou,AUTHOR_REPORTED,percent,8.6,0.086,,,,,756a0b98df015f9608426b5500113f723b3f08159f56fc4c5a8eed068b21047d,
table1,Segment3D + OpenMask3D,replica8.apall,apall,AUTHOR_REPORTED,percent,9.0,0.09,,,,,fbb0cba0808ea0bc6a57d83f8a8e164cb3256e4de7bbc153478e4c54678456f2,
table1,Segment3D + OpenMask3D,replica8.ap50,ap50,AUTHOR_REPORTED,percent,15.2,0.152,,,,,398133e41abef0a10c63ce9b9986808fe6b398ff8b854d4f06ed90047a639640,
table1,Segment3D + OpenMask3D,replica8.miou,miou,AUTHOR_REPORTED,percent,17.3,0.17300000000000001,,,,,21dd7708f417a0f3a77d38a93bb94d6d6ec6c36ffd2364613a8bf453bb5bb4d4,
table1,Segment3D + OpenMask3D,scannet_cf18.apall,apall,AUTHOR_REPORTED,percent,2.3,0.023,,,,,115f025d5111952cacd4da9b383e9e2a6174770a114be858febabd33ca3bc1e7,
table1,Segment3D + OpenMask3D,scannet_cf18.ap50,ap50,AUTHOR_REPORTED,percent,3.9,0.039,,,,,7186e62f7f4e8b0a3be4c44f12ae1ff319349c5994f2041d93833e9e3672a253,
table1,Segment3D + OpenMask3D,scannet_cf18.miou,miou,AUTHOR_REPORTED,percent,4.5,0.045,,,,,0a98a46225ca6c6356d92eb7b1edee489d4bdfa72dcebc97e8de97762c9fa5fd,
table1,OVO-SLAM,replica8.apall,apall,AUTHOR_REPORTED,percent,9.1,0.091,,,,,948c78feae4cc1c6511f7b5813fe588c772818e9dbc3a20bf8d8bf06a6faf95e,
table1,OVO-SLAM,replica8.ap50,ap50,AUTHOR_REPORTED,percent,17.5,0.175,,,,,19dc5d0d1cb881914a4689ff3e1d1c74a95768935391fab39302dd6e37fb19e7,
table1,OVO-SLAM,replica8.miou,miou,AUTHOR_REPORTED,percent,24.9,0.249,,,,,df6f7eb482dfbc195b5fda1236b9527d95f3d5d2653dc24350011a2c1c247836,
table1,OVO-SLAM,scannet_cf18.apall,apall,AUTHOR_REPORTED,percent,5.5,0.055,,,,,7d03574f0609136363c6f3db543e6f3d4f4c2ace3b9d8a158b102085346c35a0,
table1,OVO-SLAM,scannet_cf18.ap50,ap50,AUTHOR_REPORTED,percent,12.6,0.126,,,,,ed0e0c7aa3455c683d720e8005d4d3f25d2b781f786528189e014e3cee444719,
table1,OVO-SLAM,scannet_cf18.miou,miou,AUTHOR_REPORTED,percent,14.6,0.146,,,,,0d6d8c9e11d91037ccd6a1ca4edd8e923ff45d536a228077c6c0af09da3d77ba,
table1,CT_A0_NATIVE,replica8.apall,apall,MEASURED,percent,8.63,0.08626543924081388,,,,,2e97acc8d66f60e03ef0604eb7cb8e5ef7ce206e8fc0563ed8de326b58df9142,479426c2051e7ffac1c4c65d4ec68819a61283e45cb775903c13ee9d2233b324
table1,CT_A0_NATIVE,replica8.ap50,ap50,MEASURED,percent,21.48,0.2147686335604373,,,,,9a31bc0af5912013b95a9407d65169e8cb3e802982c03005ef613199acd2d07a,479426c2051e7ffac1c4c65d4ec68819a61283e45cb775903c13ee9d2233b324
table1,CT_A0_NATIVE,replica8.miou,miou,MEASURED,percent,27.24,0.2724018686568009,,,,,cec52bcdfbb27efe375528ed31be52af5b64718c8f2c115bae963eb120500775,479426c2051e7ffac1c4c65d4ec68819a61283e45cb775903c13ee9d2233b324
table1,CT_A0_NATIVE,scannet_cf18.apall,apall,MEASURED,percent,7.18,0.07181978757328591,,,,,fba7266e0af2d221d1b970b0165056cb3988643f9b777eae483f0b3d03c822f8,19b2a4d2aba55bc4784ea1251e6ca143e672c11b628d1033e469027a3aecdfc1
table1,CT_A0_NATIVE,scannet_cf18.ap50,ap50,MEASURED,percent,15.72,0.15719955383931053,,,,,0c219bdd6b081ba8ee2b1be5cc240305b599a3453687823ec8513707912479dd,19b2a4d2aba55bc4784ea1251e6ca143e672c11b628d1033e469027a3aecdfc1
table1,CT_A0_NATIVE,scannet_cf18.miou,miou,MEASURED,percent,16.38,0.16381949983105962,,,,,af0d3425b878b7ba6377eb79d719db1ab948e82a3a5cdd9de55bda0948a15272,19b2a4d2aba55bc4784ea1251e6ca143e672c11b628d1033e469027a3aecdfc1
table1,CT_A1_E,replica8.apall,apall,MEASURED,percent,11.74,0.11741338226305202,,,,,af8825fb6355ba3dddecd428d7096862e94c855590edbd35d5a5dab9127fbd54,74fdb33fce5e10719990af838923b28894d4af521bc9abf3a7084fcaf6e16d73
table1,CT_A1_E,replica8.ap50,ap50,MEASURED,percent,24.50,0.24495210428669076,,,,,1c6f2a82504061e611278a8d72af953cd96c03e472b5fd94d2333f6653224b6a,74fdb33fce5e10719990af838923b28894d4af521bc9abf3a7084fcaf6e16d73
table1,CT_A1_E,replica8.miou,miou,MEASURED,percent,29.69,0.296910848924658,,,,,1b7532ac1b99d0ba1e60ab4db3e9678bf9a95d7ec4931bba1b5d60b652888b67,74fdb33fce5e10719990af838923b28894d4af521bc9abf3a7084fcaf6e16d73
table1,CT_A1_E,scannet_cf18.apall,apall,MEASURED,percent,8.31,0.08309185182632056,,,,,cd498b6ce75f598f15f9572643915a2a42cabff9e221f975392b2982e2041cb0,f0a1fc2f1788a5908e96c33039d6bb8f258c98c6bd19a72619368547cd76d40d
table1,CT_A1_E,scannet_cf18.ap50,ap50,MEASURED,percent,17.96,0.1796135985259656,,,,,b0bc191592d140440558bd7c3319927377578b22e7682b73dc924b7b1313fdd7,f0a1fc2f1788a5908e96c33039d6bb8f258c98c6bd19a72619368547cd76d40d
table1,CT_A1_E,scannet_cf18.miou,miou,MEASURED,percent,19.00,0.18997179844670278,,,,,9129bd0c5657d21f45725a65840dd3933f8978beeb429a93e043dbcc9252e8e0,f0a1fc2f1788a5908e96c33039d6bb8f258c98c6bd19a72619368547cd76d40d
table1,CT_A3_ER,replica8.apall,apall,UNAVAILABLE,percent,--,,,,,,0a32ddb0592d4dc672f08a3c1d6c8d96f3b6ab41a48b5428311fa5c0040d92ea,cbf350eb12df107ea7e1bea4cb13fbfa97e1d04579832f9c6c6f2b40456b65fb
table1,CT_A3_ER,replica8.ap50,ap50,UNAVAILABLE,percent,--,,,,,,990c53ff98fedbea7bd37d06d53bcd349a46aa24d246d5693244299799e657d9,cbf350eb12df107ea7e1bea4cb13fbfa97e1d04579832f9c6c6f2b40456b65fb
table1,CT_A3_ER,replica8.miou,miou,UNAVAILABLE,percent,--,,,,,,d77458c46553673943564e4b10cdab29d7f1da7f7342dfba46d08233f8506c89,cbf350eb12df107ea7e1bea4cb13fbfa97e1d04579832f9c6c6f2b40456b65fb
table1,CT_A3_ER,scannet_cf18.apall,apall,MEASURED,percent,8.23,0.08232577386781934,,,,,c1cc91f7baab4360310dae9f31c8758bb3f124c352d6e285ac854129beaaee0a,d716bb5afb207555027b3912af4bc6677eada68b8a00d44ab5f051f38ed485a0
table1,CT_A3_ER,scannet_cf18.ap50,ap50,MEASURED,percent,17.84,0.1783743335711989,,,,,b46bd562aed703b36a01571bb7a642dfd2ccb6ca54ae52b77902c56be560a255,d716bb5afb207555027b3912af4bc6677eada68b8a00d44ab5f051f38ed485a0
table1,CT_A3_ER,scannet_cf18.miou,miou,MEASURED,percent,19.03,0.1902564485383666,,,,,d0737832618330c54391fc361733e43f482d10cdaafc306a69ff66b9d3919307,d716bb5afb207555027b3912af4bc6677eada68b8a00d44ab5f051f38ed485a0
table2,CT_A0_NATIVE,replica8.apall,apall,MEASURED,percent,8.63,0.08626543924081388,,,,,2e97acc8d66f60e03ef0604eb7cb8e5ef7ce206e8fc0563ed8de326b58df9142,479426c2051e7ffac1c4c65d4ec68819a61283e45cb775903c13ee9d2233b324
table2,CT_A0_NATIVE,replica8.ap50,ap50,MEASURED,percent,21.48,0.2147686335604373,,,,,9a31bc0af5912013b95a9407d65169e8cb3e802982c03005ef613199acd2d07a,479426c2051e7ffac1c4c65d4ec68819a61283e45cb775903c13ee9d2233b324
table2,CT_A0_NATIVE,replica8.miou,miou,MEASURED,percent,27.24,0.2724018686568009,,,,,cec52bcdfbb27efe375528ed31be52af5b64718c8f2c115bae963eb120500775,479426c2051e7ffac1c4c65d4ec68819a61283e45cb775903c13ee9d2233b324
table2,CT_A0_NATIVE,scannet_cf18.apall,apall,MEASURED,percent,7.18,0.07181978757328591,,,,,fba7266e0af2d221d1b970b0165056cb3988643f9b777eae483f0b3d03c822f8,19b2a4d2aba55bc4784ea1251e6ca143e672c11b628d1033e469027a3aecdfc1
table2,CT_A0_NATIVE,scannet_cf18.ap50,ap50,MEASURED,percent,15.72,0.15719955383931053,,,,,0c219bdd6b081ba8ee2b1be5cc240305b599a3453687823ec8513707912479dd,19b2a4d2aba55bc4784ea1251e6ca143e672c11b628d1033e469027a3aecdfc1
table2,CT_A0_NATIVE,scannet_cf18.miou,miou,MEASURED,percent,16.38,0.16381949983105962,,,,,af0d3425b878b7ba6377eb79d719db1ab948e82a3a5cdd9de55bda0948a15272,19b2a4d2aba55bc4784ea1251e6ca143e672c11b628d1033e469027a3aecdfc1
table2,CT_A1_E,replica8.apall,apall,MEASURED,percent,11.74,0.11741338226305202,,,,,af8825fb6355ba3dddecd428d7096862e94c855590edbd35d5a5dab9127fbd54,74fdb33fce5e10719990af838923b28894d4af521bc9abf3a7084fcaf6e16d73
table2,CT_A1_E,replica8.ap50,ap50,MEASURED,percent,24.50,0.24495210428669076,,,,,1c6f2a82504061e611278a8d72af953cd96c03e472b5fd94d2333f6653224b6a,74fdb33fce5e10719990af838923b28894d4af521bc9abf3a7084fcaf6e16d73
table2,CT_A1_E,replica8.miou,miou,MEASURED,percent,29.69,0.296910848924658,,,,,1b7532ac1b99d0ba1e60ab4db3e9678bf9a95d7ec4931bba1b5d60b652888b67,74fdb33fce5e10719990af838923b28894d4af521bc9abf3a7084fcaf6e16d73
table2,CT_A1_E,scannet_cf18.apall,apall,MEASURED,percent,8.31,0.08309185182632056,,,,,cd498b6ce75f598f15f9572643915a2a42cabff9e221f975392b2982e2041cb0,f0a1fc2f1788a5908e96c33039d6bb8f258c98c6bd19a72619368547cd76d40d
table2,CT_A1_E,scannet_cf18.ap50,ap50,MEASURED,percent,17.96,0.1796135985259656,,,,,b0bc191592d140440558bd7c3319927377578b22e7682b73dc924b7b1313fdd7,f0a1fc2f1788a5908e96c33039d6bb8f258c98c6bd19a72619368547cd76d40d
table2,CT_A1_E,scannet_cf18.miou,miou,MEASURED,percent,19.00,0.18997179844670278,,,,,9129bd0c5657d21f45725a65840dd3933f8978beeb429a93e043dbcc9252e8e0,f0a1fc2f1788a5908e96c33039d6bb8f258c98c6bd19a72619368547cd76d40d
table2,CT_A2_R,replica8.apall,apall,UNAVAILABLE,percent,--,,,,,,269bb0f5e7350a1f5d19f605fb14dc049d491953d693e868fd4a2f3faa02197b,cbf350eb12df107ea7e1bea4cb13fbfa97e1d04579832f9c6c6f2b40456b65fb
table2,CT_A2_R,replica8.ap50,ap50,UNAVAILABLE,percent,--,,,,,,875b09ae04d63588d87ae6424d447ede9599a7a6eb6db87492c07419d1f6c07e,cbf350eb12df107ea7e1bea4cb13fbfa97e1d04579832f9c6c6f2b40456b65fb
table2,CT_A2_R,replica8.miou,miou,UNAVAILABLE,percent,--,,,,,,26daaaea01d64e145cb305dde5a380ad024ebba9ad2ef98f8f297be50990fbf0,cbf350eb12df107ea7e1bea4cb13fbfa97e1d04579832f9c6c6f2b40456b65fb
table2,CT_A2_R,scannet_cf18.apall,apall,MEASURED,percent,7.12,0.07116017650606618,,,,,e776c606e9648665c778d0932e61f2ee49c07d4cc5734a825d7f93cf23d0d5f5,5bf9f3c9ce08b40f9c967baee53d65bee25b251c16b8d1e7a46473e592496858
table2,CT_A2_R,scannet_cf18.ap50,ap50,MEASURED,percent,15.61,0.15612887077460125,,,,,6955a2f7b639c4c6d29e6ce3c5114888a5815f06b49e6ad959db7e6f72420808,5bf9f3c9ce08b40f9c967baee53d65bee25b251c16b8d1e7a46473e592496858
table2,CT_A2_R,scannet_cf18.miou,miou,MEASURED,percent,16.42,0.1642487818827007,,,,,78c84419e03fcdfeac0a74c22da5bfb96ce37b18da38bc94a6160621341db15d,5bf9f3c9ce08b40f9c967baee53d65bee25b251c16b8d1e7a46473e592496858
table2,CT_A3_ER,replica8.apall,apall,UNAVAILABLE,percent,--,,,,,,0a32ddb0592d4dc672f08a3c1d6c8d96f3b6ab41a48b5428311fa5c0040d92ea,cbf350eb12df107ea7e1bea4cb13fbfa97e1d04579832f9c6c6f2b40456b65fb
table2,CT_A3_ER,replica8.ap50,ap50,UNAVAILABLE,percent,--,,,,,,990c53ff98fedbea7bd37d06d53bcd349a46aa24d246d5693244299799e657d9,cbf350eb12df107ea7e1bea4cb13fbfa97e1d04579832f9c6c6f2b40456b65fb
table2,CT_A3_ER,replica8.miou,miou,UNAVAILABLE,percent,--,,,,,,d77458c46553673943564e4b10cdab29d7f1da7f7342dfba46d08233f8506c89,cbf350eb12df107ea7e1bea4cb13fbfa97e1d04579832f9c6c6f2b40456b65fb
table2,CT_A3_ER,scannet_cf18.apall,apall,MEASURED,percent,8.23,0.08232577386781934,,,,,c1cc91f7baab4360310dae9f31c8758bb3f124c352d6e285ac854129beaaee0a,d716bb5afb207555027b3912af4bc6677eada68b8a00d44ab5f051f38ed485a0
table2,CT_A3_ER,scannet_cf18.ap50,ap50,MEASURED,percent,17.84,0.1783743335711989,,,,,b46bd562aed703b36a01571bb7a642dfd2ccb6ca54ae52b77902c56be560a255,d716bb5afb207555027b3912af4bc6677eada68b8a00d44ab5f051f38ed485a0
table2,CT_A3_ER,scannet_cf18.miou,miou,MEASURED,percent,19.03,0.1902564485383666,,,,,d0737832618330c54391fc361733e43f482d10cdaafc306a69ff66b9d3919307,d716bb5afb207555027b3912af4bc6677eada68b8a00d44ab5f051f38ed485a0
table2,CT_A4_NATIVE_RECOVERY,replica8.apall,apall,MEASURED,percent,11.74,0.11741338226305202,,,,,9bd3c3b970a7ca44451439e56e5d394e40ba4b02c5ae18f987a970956cfdcd3c,34fe5ff27106599ae87948ed53ba56ee2b81e38e937e3c5c9dcf0432b7dc60dc
table2,CT_A4_NATIVE_RECOVERY,replica8.ap50,ap50,MEASURED,percent,24.50,0.24495210428669076,,,,,5bc8396331048332946b9c11283dc7c5c48c0dc9f809b262cc670a1c6306aa13,34fe5ff27106599ae87948ed53ba56ee2b81e38e937e3c5c9dcf0432b7dc60dc
table2,CT_A4_NATIVE_RECOVERY,replica8.miou,miou,MEASURED,percent,29.82,0.2981737787786195,,,,,91ae3a140fab4ef462d64712eb954a58d63e3b7af9fad399bf229de9545a4c61,34fe5ff27106599ae87948ed53ba56ee2b81e38e937e3c5c9dcf0432b7dc60dc
table2,CT_A4_NATIVE_RECOVERY,scannet_cf18.apall,apall,MEASURED,percent,8.30,0.08302805114527968,,,,,7ba9b43a46005aea61df7b01ea99fd7ef30d659ccce46825e9420ba9dc019478,76a086fff65e2fef249e27c4643264d23a7e33c8430a6ae1d65f1d73c930bfc9
table2,CT_A4_NATIVE_RECOVERY,scannet_cf18.ap50,ap50,MEASURED,percent,17.93,0.17934619475423685,,,,,7e2971b5f442c8560536da6144f706e4a0908b3ac2ffa5d80b70072786097356,76a086fff65e2fef249e27c4643264d23a7e33c8430a6ae1d65f1d73c930bfc9
table2,CT_A4_NATIVE_RECOVERY,scannet_cf18.miou,miou,MEASURED,percent,18.99,0.1898604785832367,,,,,1095338b7306912bf420128f9441c20fd12fead57d0a8e713d1e357bc1e608b9,76a086fff65e2fef249e27c4643264d23a7e33c8430a6ae1d65f1d73c930bfc9
table2,CT_A5_FC_ONLY,replica8.apall,apall,UNAVAILABLE,percent,--,,,,,,baee4f6015571e9c4a69f271b7d1a245c959ecebb946211b105c5f64043ec021,cbf350eb12df107ea7e1bea4cb13fbfa97e1d04579832f9c6c6f2b40456b65fb
table2,CT_A5_FC_ONLY,replica8.ap50,ap50,UNAVAILABLE,percent,--,,,,,,84d66ec4542954e8c6c74481e0d7f200ced6f2c0c30eb0ef41f737b3795c6e39,cbf350eb12df107ea7e1bea4cb13fbfa97e1d04579832f9c6c6f2b40456b65fb
table2,CT_A5_FC_ONLY,replica8.miou,miou,UNAVAILABLE,percent,--,,,,,,cd5034a1cf9b7c46fda9156b51165748dc51d9ca9db6ebf7dd7cfd743893f7d5,cbf350eb12df107ea7e1bea4cb13fbfa97e1d04579832f9c6c6f2b40456b65fb
table2,CT_A5_FC_ONLY,scannet_cf18.apall,apall,MEASURED,percent,8.34,0.08338090453473301,,,,,26748a8b6fb66686fdba435e2d53352abf70d264f066b296ab03b966ff9e8833,e4f2b762cf8926f34575872b60ec8aace8cad108e7c879e0c7c0a5c8dd83da33
table2,CT_A5_FC_ONLY,scannet_cf18.ap50,ap50,MEASURED,percent,17.47,0.17465729324666732,,,,,6b857b7aa9a8e871cdc14aaa496a153498727d84d399ae3b4f324b3588da781b,e4f2b762cf8926f34575872b60ec8aace8cad108e7c879e0c7c0a5c8dd83da33
table2,CT_A5_FC_ONLY,scannet_cf18.miou,miou,MEASURED,percent,17.97,0.1797157411112183,,,,,aef41f8ebd730e0f17bfa7a2b731aa7a3670a60b9743254dc55aa55a702e7a0a,e4f2b762cf8926f34575872b60ec8aace8cad108e7c879e0c7c0a5c8dd83da33
table3,CT_A1_E,max_views,max_views,EXACT_REUSE,count,0,,0,,,,792296a836013b7df8e7c0c60019ab45df7639e17a2090dc3d012c46f44d6812,62fb947c66b2cb8f3857a3a45a56da53f3adb849689007ee0da3150278067785
table3,CT_A1_E,recovered_n_over_N,recovered_n_over_N,MEASURED,count_ratio,$0/53$,,,,0,53,4349adc3f53e23ad25c588293b3f6773cff3bea42462402bf831b8b716c3db46,6355f4ccde54a5bbecdbb5646ebbc70a9992fa7ca2c2e52754f047615997e7ae
table3,CT_A1_E,added_tp50_entries,added_tp50_entries,MEASURED,count,0,,0,,,,8cbbc9009f81300d138a232919f1af885fa1dd094bdf06a780e2e7e6fbd75279,6355f4ccde54a5bbecdbb5646ebbc70a9992fa7ca2c2e52754f047615997e7ae
table3,CT_A1_E,added_fp50_entries,added_fp50_entries,MEASURED,count,0,,0,,,,e1bd6e4e08f6fa40aa505327cb3bf85805cb01d60db6640bcdc8f3ad715da7d1,6355f4ccde54a5bbecdbb5646ebbc70a9992fa7ca2c2e52754f047615997e7ae
table3,CT_A1_E,replica8.apall,apall,MEASURED,percent,11.74,0.11741338226305202,,,,,af8825fb6355ba3dddecd428d7096862e94c855590edbd35d5a5dab9127fbd54,74fdb33fce5e10719990af838923b28894d4af521bc9abf3a7084fcaf6e16d73
table3,CT_A1_E,replica8.miou,miou,MEASURED,percent,29.69,0.296910848924658,,,,,1b7532ac1b99d0ba1e60ab4db3e9678bf9a95d7ec4931bba1b5d60b652888b67,74fdb33fce5e10719990af838923b28894d4af521bc9abf3a7084fcaf6e16d73
table3,CT_A1_E,cold_feature_incremental_seconds_mean,cold_feature_incremental_seconds_mean,EXACT_REUSE,seconds_per_scene,0,,,0.0,,,773d6ffb9a24315834e48b6ad5fb8a4c4ade65b85633875c90590a9bce16725b,d31ad9f1cba10b538ce255b510d6df553cacb4654f3630b7574ea1d5ed14b8bb
table3,CT_H_U2,max_views,max_views,EXACT_REUSE,count,1,,1,,,,3110cefcec9aad5729e79faa71b350cbbc5067f1a0d26f59743c8e38b38ca1ee,62fb947c66b2cb8f3857a3a45a56da53f3adb849689007ee0da3150278067785
table3,CT_H_U2,recovered_n_over_N,recovered_n_over_N,MEASURED,count_ratio,$9/53$,,,,9,53,7eecde35797adda57f3500688d7b1d64dfe04266c3b5702f5412993c55591569,6355f4ccde54a5bbecdbb5646ebbc70a9992fa7ca2c2e52754f047615997e7ae
table3,CT_H_U2,added_tp50_entries,added_tp50_entries,MEASURED,count,3,,3,,,,ad0fb5b53a02636297c375722b2c3641e558d63511fb86e5816f2078f86f3a55,6355f4ccde54a5bbecdbb5646ebbc70a9992fa7ca2c2e52754f047615997e7ae
table3,CT_H_U2,added_fp50_entries,added_fp50_entries,MEASURED,count,2,,2,,,,be68a2943b1bc7c106652ddf1dddd0aca4b0d725a24bae125ed1a651ce065de8,6355f4ccde54a5bbecdbb5646ebbc70a9992fa7ca2c2e52754f047615997e7ae
table3,CT_H_U2,replica8.apall,apall,MEASURED,percent,12.39,0.12386368952716137,,,,,cda1ca42463e6653233a8c681e66adaf637ded15c2b29b8c7c273aa82bc5c691,c45ed8b2e6215bf5fff88c20203f76079de2c9e90df24ffe2bde81e0eda16320
table3,CT_H_U2,replica8.miou,miou,MEASURED,percent,30.17,0.30165227443211173,,,,,2b09c91bc8b4eba5a3e10b54b8fa6e5ad3f2c6f9a1019dcb787e8d3aa0b85bb1,c45ed8b2e6215bf5fff88c20203f76079de2c9e90df24ffe2bde81e0eda16320
table3,CT_H_U2,cold_feature_incremental_seconds_mean,cold_feature_incremental_seconds_mean,MEASURED,seconds_per_scene,6.61,,,6.614763293619035,,,0a282ce1a64c1870999caa35cc2fca2910fc96ff1666d6572d8bbf84a0560a27,d31ad9f1cba10b538ce255b510d6df553cacb4654f3630b7574ea1d5ed14b8bb
table3,CT_A3_ER,max_views,max_views,EXACT_REUSE,count,1,,1,,,,6aa2859cc27c4c41a3931cf175d700583fb39639536b6db6943cb92a4c136b03,62fb947c66b2cb8f3857a3a45a56da53f3adb849689007ee0da3150278067785
table3,CT_A3_ER,recovered_n_over_N,recovered_n_over_N,UNAVAILABLE,count_ratio,--,,,,,53,da9b2d24dc8884ff480d643c3f0d8a3d68391736639c56ea8e0d253eed287695,6355f4ccde54a5bbecdbb5646ebbc70a9992fa7ca2c2e52754f047615997e7ae
table3,CT_A3_ER,added_tp50_entries,added_tp50_entries,UNAVAILABLE,count,--,,,,,,4324c820369b77e3e76af92e291d5ecc3be3acf1f936a6b18d9db2bc80cf5b9b,6355f4ccde54a5bbecdbb5646ebbc70a9992fa7ca2c2e52754f047615997e7ae
table3,CT_A3_ER,added_fp50_entries,added_fp50_entries,UNAVAILABLE,count,--,,,,,,f3a2524e95c5da668b583f23041e1854f33142c04426d05b00cbc6bfeef8bae1,6355f4ccde54a5bbecdbb5646ebbc70a9992fa7ca2c2e52754f047615997e7ae
table3,CT_A3_ER,replica8.apall,apall,UNAVAILABLE,percent,--,,,,,,0a32ddb0592d4dc672f08a3c1d6c8d96f3b6ab41a48b5428311fa5c0040d92ea,cbf350eb12df107ea7e1bea4cb13fbfa97e1d04579832f9c6c6f2b40456b65fb
table3,CT_A3_ER,replica8.miou,miou,UNAVAILABLE,percent,--,,,,,,d77458c46553673943564e4b10cdab29d7f1da7f7342dfba46d08233f8506c89,cbf350eb12df107ea7e1bea4cb13fbfa97e1d04579832f9c6c6f2b40456b65fb
table3,CT_A3_ER,cold_feature_incremental_seconds_mean,cold_feature_incremental_seconds_mean,UNAVAILABLE,seconds_per_scene,--,,,,,,58c62a3ab0bdc5097c9bd3bf3b57fb715f3b30fc8d573e3ab440f031f9485d12,d31ad9f1cba10b538ce255b510d6df553cacb4654f3630b7574ea1d5ed14b8bb
table3,CT_G3,max_views,max_views,EXACT_REUSE,count,3,,3,,,,a7617548ddb64b211306739728e32d722fa2eaf3f337ad395e1d75a22664e6c4,62fb947c66b2cb8f3857a3a45a56da53f3adb849689007ee0da3150278067785
table3,CT_G3,recovered_n_over_N,recovered_n_over_N,UNAVAILABLE,count_ratio,--,,,,,53,f89595aab72b323917dc72d0bb2e17a989fdfd8e5c0b59e8fd34778b183f58a7,6355f4ccde54a5bbecdbb5646ebbc70a9992fa7ca2c2e52754f047615997e7ae
table3,CT_G3,added_tp50_entries,added_tp50_entries,UNAVAILABLE,count,--,,,,,,a5ce9680ed1944d791c01500b61836e6d7b05a300156178f599801dcfca94801,6355f4ccde54a5bbecdbb5646ebbc70a9992fa7ca2c2e52754f047615997e7ae
table3,CT_G3,added_fp50_entries,added_fp50_entries,UNAVAILABLE,count,--,,,,,,1be30a3937fcdd54eadcb2669be0c683eb8cbce2576fb9bf624105ac759ecc1e,6355f4ccde54a5bbecdbb5646ebbc70a9992fa7ca2c2e52754f047615997e7ae
table3,CT_G3,replica8.apall,apall,UNAVAILABLE,percent,--,,,,,,3b703392d23aa1b5dad468cfcda19655ebf912571b7d89c393a60587a72fc008,cbf350eb12df107ea7e1bea4cb13fbfa97e1d04579832f9c6c6f2b40456b65fb
table3,CT_G3,replica8.miou,miou,UNAVAILABLE,percent,--,,,,,,cf7c28ef3752c8a5d135a63034f52f2ebf38f4d750d2539a07559fdeb0a7f98e,cbf350eb12df107ea7e1bea4cb13fbfa97e1d04579832f9c6c6f2b40456b65fb
table3,CT_G3,cold_feature_incremental_seconds_mean,cold_feature_incremental_seconds_mean,UNAVAILABLE,seconds_per_scene,--,,,,,,4b1c4e9072c6cbcc41d1fc70291078c8032833dd2519295dc73de585e83f5fd0,d31ad9f1cba10b538ce255b510d6df553cacb4654f3630b7574ea1d5ed14b8bb
