scene,method,apall,uap,ap25,ap50,miou,macc
room0,N0,0.15811471193415638,0.15811471193415638,0.39336557539682543,0.33217592592592593,0.33414587498406906,0.37174921350943196
room0,Q_GAIN,0.14996999314128945,0.14996999314128945,0.35189180996472663,0.29205246913580246,0.2861836919178523,0.3326789854201325
room0,S_SIGLIP2_AREA,0.140625,0.140625,0.335495205026455,0.2824074074074074,0.25700197528667656,0.3419377251548421
room0,CP_M2_EQUAL_RAW,0.1735468106995885,0.1735468106995885,0.3956803902116402,0.3425925925925926,0.3186365320198941,0.3771498482318817
room0,CP_M2_EQUAL_CAL,0.1874356995884774,0.1874356995884774,0.4373470568783069,0.3842592592592593,0.3349125209124537,0.4013422377775543
room0,CP_M4_GAIN_S2,0.15750845091122867,0.15750845091122867,0.35996610449735456,0.30241402116402116,0.3036573078390414,0.3577758828062269
room1,N0,0.0913394597605124,0.0913394597605124,0.36466165413533835,0.16290726817042608,0.2895245419583922,0.3142119408328508
room1,Q_GAIN,0.09307992202729044,0.09307992202729044,0.3389724310776942,0.16353383458646617,0.2813726009053442,0.3297884699253286
room1,S_SIGLIP2_AREA,0.1099693678641047,0.1099693678641047,0.4472431077694235,0.18583959899749372,0.2917184131057415,0.37643024940062936
room1,CP_M2_EQUAL_RAW,0.10721247563352826,0.10721247563352826,0.443609022556391,0.1817042606516291,0.3596387569969437,0.4065520756635523
room1,CP_M2_EQUAL_CAL,0.10721247563352826,0.10721247563352826,0.443609022556391,0.1817042606516291,0.3596387569969437,0.4065520756635523
room1,CP_M4_GAIN_S2,0.04556530214424951,0.04556530214424951,0.2863408521303258,0.11090225563909775,0.2400078337312325,0.3282359322527694
room2,N0,0.1785300925925926,0.1785300925925926,0.4015625,0.32968749999999997,0.3459715804710899,0.37326891877097623
room2,Q_GAIN,0.15516493055555555,0.15516493055555555,0.3421875,0.2802083333333333,0.32154685810997236,0.3516398233640907
room2,S_SIGLIP2_AREA,0.1345486111111111,0.1345486111111111,0.301171875,0.2546875,0.24748359380344695,0.3288158825985506
room2,CP_M2_EQUAL_RAW,0.19046585648148148,0.19046585648148148,0.4015625,0.35312499999999997,0.3857788495824453,0.42125370832612413
room2,CP_M2_EQUAL_CAL,0.20261863425925924,0.20261863425925924,0.4171875,0.36874999999999997,0.39344282701715644,0.42940449769301353
room2,CP_M4_GAIN_S2,0.19502314814814814,0.19502314814814814,0.41666666666666663,0.34010416666666665,0.38336623057371294,0.42097337195557827
office0,N0,0.09097222222222222,0.09097222222222222,0.3125,0.15,0.16971201870645314,0.2947586204449209
office0,Q_GAIN,0.09097222222222222,0.09097222222222222,0.3125,0.15,0.1840339912539034,0.2818652886176491
office0,S_SIGLIP2_AREA,0.08263888888888889,0.08263888888888889,0.4,0.175,0.22963590979038453,0.34723627351446557
office0,CP_M2_EQUAL_RAW,0.09097222222222222,0.09097222222222222,0.3125,0.15,0.18986838932297276,0.3210677102116444
office0,CP_M2_EQUAL_CAL,0.09097222222222222,0.09097222222222222,0.3125,0.15,0.19704258116233728,0.3291804240587943
office0,CP_M4_GAIN_S2,0.09375,0.09375,0.3375,0.175,0.2208445175349865,0.34609210506457666
office1,N0,0.08333333333333333,0.08333333333333333,0.25,0.25,0.14324454930572106,0.1872093117714056
office1,Q_GAIN,0.08006535947712418,0.08006535947712418,0.19117647058823528,0.19117647058823528,0.1263826279561523,0.16721207442216937
office1,S_SIGLIP2_AREA,0.042483660130718956,0.042483660130718956,0.20588235294117646,0.08823529411764706,0.15892161849698772,0.17176689701721123
office1,CP_M2_EQUAL_RAW,0.08006535947712418,0.08006535947712418,0.25,0.19117647058823528,0.20221685858593066,0.24638813723687578
office1,CP_M2_EQUAL_CAL,0.08006535947712418,0.08006535947712418,0.25,0.19117647058823528,0.17099598273628036,0.2255135773057047
office1,CP_M4_GAIN_S2,0.042483660130718956,0.042483660130718956,0.14705882352941177,0.14705882352941177,0.12385637304201175,0.1685206054227295
office2,N0,0.09558823529411764,0.09558823529411764,0.4490196078431372,0.29166666666666663,0.3521483614040163,0.40095273970543394
office2,Q_GAIN,0.10049019607843138,0.10049019607843138,0.4372549019607843,0.3151960784313725,0.35956829847893135,0.4097514198725924
office2,S_SIGLIP2_AREA,0.08360566448801744,0.08360566448801744,0.4029411764705882,0.23284313725490197,0.32082405503145695,0.35837294739384057
office2,CP_M2_EQUAL_RAW,0.09449891067538127,0.09449891067538127,0.4568627450980392,0.2867647058823529,0.34559347991243594,0.39785356224841467
office2,CP_M2_EQUAL_CAL,0.09449891067538127,0.09449891067538127,0.4568627450980392,0.2867647058823529,0.3456059099236252,0.39785356224841467
office2,CP_M4_GAIN_S2,0.07924836601307189,0.07924836601307189,0.36470588235294116,0.2426470588235294,0.2697247712220422,0.33547329177461005
office3,N0,0.06642512077294685,0.06642512077294685,0.28695652173913044,0.14891304347826087,0.2864870382070811,0.30123357622774105
office3,Q_GAIN,0.07028985507246377,0.07028985507246377,0.2826086956521739,0.18804347826086956,0.2642866085800046,0.2873127145720002
office3,S_SIGLIP2_AREA,0.06135265700483091,0.06135265700483091,0.2608695652173913,0.14347826086956522,0.22950562518843462,0.25560333123537776
office3,CP_M2_EQUAL_RAW,0.06352657004830918,0.06352657004830918,0.26956521739130435,0.1532608695652174,0.2592773329680733,0.2852579332454248
office3,CP_M2_EQUAL_CAL,0.07318840579710145,0.07318840579710145,0.3130434782608696,0.1967391304347826,0.2817249848129402,0.3052166208127864
office3,CP_M4_GAIN_S2,0.07125603864734299,0.07125603864734299,0.30434782608695654,0.1923913043478261,0.24472980717711404,0.26487843202026745
office4,N0,0.1581196581196581,0.1581196581196581,0.46153846153846156,0.2692307692307692,0.38674188343116134,0.43960383977485623
office4,Q_GAIN,0.1581196581196581,0.1581196581196581,0.4601282051282051,0.2692307692307692,0.3807026449778518,0.4342515087424101
office4,S_SIGLIP2_AREA,0.11965811965811966,0.11965811965811966,0.4,0.23076923076923078,0.3757828072247766,0.42615063732279224
office4,CP_M2_EQUAL_RAW,0.1581196581196581,0.1581196581196581,0.43846153846153846,0.2692307692307692,0.42773781304102954,0.48170790834040733
office4,CP_M2_EQUAL_CAL,0.1581196581196581,0.1581196581196581,0.4502747252747253,0.2692307692307692,0.4309002137982215,0.4849002738861606
office4,CP_M4_GAIN_S2,0.11965811965811966,0.11965811965811966,0.405448717948718,0.23076923076923078,0.28078964650116073,0.36962820856758327
