dataset,scene,method,rank_mode,aggregation,uap,ap25,ap50,miou,macc,apall
ScanNet,,N0,FROZEN_N0,SCENE_MACRO,0.03443540383546649,0.2871606202903195,0.13698716827241264,0.20656820912285878,0.2713479447567267,0.03443540383546649
ScanNet,,N0,OFFICIAL_CURRENT_CLASS,SCENE_MACRO,0.03443540383546649,0.2871606202903195,0.13698716827241264,0.20656820912285878,0.2713479447567267,0.03443540383546649
ScanNet,,Q_GAIN,FROZEN_N0,SCENE_MACRO,0.03320150022322119,0.23276714843914093,0.1355263157894737,0.19023274918430963,0.2343882838538925,0.03320150022322119
ScanNet,,Q_GAIN,OFFICIAL_CURRENT_CLASS,SCENE_MACRO,0.030873512669800263,0.2266720395832238,0.13151741676765172,0.19023274918430963,0.2343882838538925,0.030873512669800263
ScanNet,,S_SIGLIP2_AREA,FROZEN_N0,SCENE_MACRO,0.03731758297861054,0.272042208696344,0.13838092254445636,0.22198393910377862,0.2890832602993664,0.03731758297861054
ScanNet,,S_SIGLIP2_AREA,OFFICIAL_CURRENT_CLASS,SCENE_MACRO,0.04001529949211653,0.2769033198074552,0.16266037116601026,0.22198393910377862,0.2890832602993664,0.04001529949211653
ScanNet,,CP_M2_EQUAL_RAW,FROZEN_N0,SCENE_MACRO,0.03665012765302552,0.2695658886330879,0.1400122401355954,0.23452605121363185,0.29684669749106385,0.03665012765302552
ScanNet,,CP_M2_EQUAL_RAW,OFFICIAL_CURRENT_CLASS,SCENE_MACRO,0.03682314028100368,0.27721292431113864,0.1582931257860769,0.23452605121363185,0.29684669749106385,0.03682314028100368
ScanNet,,CP_M2_EQUAL_CAL,FROZEN_N0,SCENE_MACRO,0.03665012765302552,0.27191551269323827,0.1400122401355954,0.23444966273475054,0.2889919184545944,0.03665012765302552
ScanNet,,CP_M2_EQUAL_CAL,OFFICIAL_CURRENT_CLASS,SCENE_MACRO,0.03682314028100368,0.2689892401006123,0.1582931257860769,0.23444966273475054,0.2889919184545944,0.03682314028100368
ScanNet,,RV_A1_NQ,FROZEN_N0,SCENE_MACRO,0.03320150022322119,0.23276714843914093,0.1355263157894737,0.19023274918430963,0.2343882838538925,0.03320150022322119
ScanNet,,RV_A1_NQ,OFFICIAL_CURRENT_CLASS,SCENE_MACRO,0.030873512669800263,0.2266720395832238,0.13151741676765172,0.19023274918430963,0.2343882838538925,0.030873512669800263
ScanNet,,RV_A2_NS2,FROZEN_N0,SCENE_MACRO,0.037274278619829994,0.2758533859450213,0.1382108545172455,0.2247557012584046,0.29202797061781466,0.037274278619829994
ScanNet,,RV_A2_NS2,OFFICIAL_CURRENT_CLASS,SCENE_MACRO,0.04001529949211653,0.27902723755637293,0.16266037116601026,0.2247557012584046,0.29202797061781466,0.04001529949211653
ScanNet,,RV_A3_QS2,FROZEN_N0,SCENE_MACRO,0.03665012765302552,0.27191551269323827,0.1400122401355954,0.23444966273475054,0.2889919184545944,0.03665012765302552
ScanNet,,RV_A3_QS2,OFFICIAL_CURRENT_CLASS,SCENE_MACRO,0.03682314028100368,0.2689892401006123,0.1582931257860769,0.23444966273475054,0.2889919184545944,0.03682314028100368
ScanNet,,RV_A4_HARD,FROZEN_N0,SCENE_MACRO,0.03437099789308436,0.26485406171731357,0.13676593613153765,0.2035069167438207,0.2570256917451244,0.03437099789308436
ScanNet,,RV_A4_HARD,OFFICIAL_CURRENT_CLASS,SCENE_MACRO,0.03437099789308436,0.26418702955357093,0.13676593613153765,0.2035069167438207,0.2570256917451244,0.03437099789308436
ScanNet,,RV_A5_T001,FROZEN_N0,SCENE_MACRO,0.03665012765302552,0.27191551269323827,0.1400122401355954,0.22591236870168216,0.2840640995667767,0.03665012765302552
ScanNet,,RV_A5_T001,OFFICIAL_CURRENT_CLASS,SCENE_MACRO,0.03682314028100368,0.2689892401006123,0.1582931257860769,0.22591236870168216,0.2840640995667767,0.03682314028100368
ScanNet,,RV_A6_SHARED_T,FROZEN_N0,SCENE_MACRO,0.03665012765302552,0.27191551269323827,0.1400122401355954,0.22591236870168216,0.2840640995667767,0.03665012765302552
ScanNet,,RV_A6_SHARED_T,OFFICIAL_CURRENT_CLASS,SCENE_MACRO,0.03682314028100368,0.2689892401006123,0.1582931257860769,0.22591236870168216,0.2840640995667767,0.03682314028100368
ScanNet,,RV_A7_COS_FIXED,FROZEN_N0,SCENE_MACRO,0.032533499276528724,0.29141723590736746,0.12927837422080843,0.22072704155356448,0.2938023860043896,0.032533499276528724
ScanNet,,RV_A7_COS_FIXED,OFFICIAL_CURRENT_CLASS,SCENE_MACRO,0.0308950740008854,0.27560455765342984,0.13157873937361717,0.22072704155356448,0.2938023860043896,0.0308950740008854
ScanNet,,RV_A7_COS_REFIT,FROZEN_N0,SCENE_MACRO,0.031541435784465235,0.28248866447879606,0.120349802792237,0.2186527120629523,0.2965161713814916,0.031541435784465235
ScanNet,,RV_A7_COS_REFIT,OFFICIAL_CURRENT_CLASS,SCENE_MACRO,0.0308950740008854,0.27560455765342984,0.13157873937361717,0.2186527120629523,0.2965161713814916,0.0308950740008854
Replica,,N0,FROZEN_N0,SCENE_MACRO,0.11530285425369245,0.3649505400816116,0.24182264668400608,0.288496981058498,0.33537352012970206,0.11530285425369245
Replica,,N0,OFFICIAL_CURRENT_CLASS,SCENE_MACRO,0.11530285425369245,0.3649505400816116,0.24182264668400608,0.288496981058498,0.33537352012970206,0.11530285425369245
Replica,,Q_GAIN,FROZEN_N0,SCENE_MACRO,0.1122690170867544,0.3395900017964774,0.23118017919585604,0.27550966527250154,0.32431253561704665,0.1122690170867544
Replica,,Q_GAIN,OFFICIAL_CURRENT_CLASS,SCENE_MACRO,0.11278079407374991,0.33717381091194776,0.23180674561189618,0.27550966527250154,0.32431253561704665,0.11278079407374991
Replica,,S_SIGLIP2_AREA,FROZEN_N0,SCENE_MACRO,0.09686024614322397,0.3442004103031293,0.19915755367703078,0.2638592497409882,0.3257892429547137,0.09686024614322397
Replica,,S_SIGLIP2_AREA,OFFICIAL_CURRENT_CLASS,SCENE_MACRO,0.09922623396135316,0.34679315518617027,0.2021280812520959,0.2638592497409882,0.3257892429547137,0.09922623396135316
Replica,,CP_M2_EQUAL_RAW,FROZEN_N0,SCENE_MACRO,0.11980098291966165,0.37103017671486416,0.24098183356384956,0.3110935015537157,0.36715386043804066,0.11980098291966165
Replica,,CP_M2_EQUAL_RAW,OFFICIAL_CURRENT_CLASS,SCENE_MACRO,0.11911144872239357,0.37103017671486416,0.2404980874338186,0.3110935015537157,0.36715386043804066,0.11911144872239357
Replica,,CP_M2_EQUAL_CAL,FROZEN_N0,SCENE_MACRO,0.12426392072159402,0.3851030660085415,0.25357807450587855,0.3142829721699948,0.3724954086807476,0.12426392072159402
Replica,,CP_M2_EQUAL_CAL,OFFICIAL_CURRENT_CLASS,SCENE_MACRO,0.12357438652432594,0.38554949457997006,0.25309432837584755,0.3142829721699948,0.3724954086807476,0.12357438652432594
Replica,,RV_A1_NQ,FROZEN_N0,SCENE_MACRO,0.11574123930897662,0.3488730900317715,0.23899267919585604,0.28006194031359677,0.32918437862002226,0.11574123930897662
Replica,,RV_A1_NQ,OFFICIAL_CURRENT_CLASS,SCENE_MACRO,0.11625301629597214,0.34645689914724187,0.23961924561189613,0.28006194031359677,0.32918437862002226,0.11625301629597214
Replica,,RV_A2_NS2,FROZEN_N0,SCENE_MACRO,0.10558209447232418,0.3624000895225453,0.21756869906186035,0.2727300192423594,0.338924888175124,0.10558209447232418
Replica,,RV_A2_NS2,OFFICIAL_CURRENT_CLASS,SCENE_MACRO,0.1079620059885876,0.3649928344055863,0.2205392266369255,0.2727300192423594,0.338924888175124,0.1079620059885876
Replica,,RV_A3_QS2,FROZEN_N0,SCENE_MACRO,0.11905558738826069,0.3762466099645855,0.24576557450587855,0.30875837177239274,0.3674935013360058,0.11905558738826069
Replica,,RV_A3_QS2,OFFICIAL_CURRENT_CLASS,SCENE_MACRO,0.1183660531909926,0.3767754561184316,0.2452818283758476,0.30875837177239274,0.3674935013360058,0.1183660531909926
Replica,,RV_A4_HARD,FROZEN_N0,SCENE_MACRO,0.1134511314898348,0.36626116158421723,0.23712640319805336,0.28999670672361316,0.34064903032730337,0.1134511314898348
Replica,,RV_A4_HARD,OFFICIAL_CURRENT_CLASS,SCENE_MACRO,0.1134511314898348,0.36626116158421723,0.23712640319805336,0.28999670672361316,0.34064903032730337,0.1134511314898348
Replica,,RV_A5_T001,FROZEN_N0,SCENE_MACRO,0.11905558738826069,0.3762466099645855,0.24576557450587855,0.30802083262231367,0.366780179435859,0.11905558738826069
Replica,,RV_A5_T001,OFFICIAL_CURRENT_CLASS,SCENE_MACRO,0.1183660531909926,0.3767754561184316,0.2452818283758476,0.30802083262231367,0.366780179435859,0.1183660531909926
Replica,,RV_A6_SHARED_T,FROZEN_N0,SCENE_MACRO,0.11905558738826069,0.3762466099645855,0.24576557450587855,0.30802083262231367,0.366780179435859,0.11905558738826069
Replica,,RV_A6_SHARED_T,OFFICIAL_CURRENT_CLASS,SCENE_MACRO,0.1183660531909926,0.3767754561184316,0.2452818283758476,0.30802083262231367,0.366780179435859,0.1183660531909926
Replica,,RV_A7_COS_FIXED,FROZEN_N0,SCENE_MACRO,0.12216738888273762,0.3894526034530446,0.25202471193277914,0.3162793226422037,0.37101866363384317,0.12216738888273762
Replica,,RV_A7_COS_FIXED,OFFICIAL_CURRENT_CLASS,SCENE_MACRO,0.12233068119619077,0.3894526034530446,0.25263745703081836,0.3162793226422037,0.37101866363384317,0.12233068119619077
Replica,,RV_A7_COS_REFIT,FROZEN_N0,SCENE_MACRO,0.12236029011730551,0.38488587639990457,0.25289276748833467,0.313437564514977,0.36950028217040215,0.12236029011730551
Replica,,RV_A7_COS_REFIT,OFFICIAL_CURRENT_CLASS,SCENE_MACRO,0.12252358243075867,0.38488587639990457,0.2535055125863739,0.313437564514977,0.36950028217040215,0.12252358243075867
