dataset,aggregation,rank,mode,metric,mean,std_population,min,max
ScanNet,RELEASED_DATASET_POOL,FROZEN_N0,STANDALONE,ap25,20.19427017883808,2.3510920946196134,17.616664885183404,23.30197751494048
ScanNet,RELEASED_DATASET_POOL,FROZEN_N0,STANDALONE,ap50,9.228640015677053,2.782043203454374,5.404908877131099,11.942974720752499
ScanNet,RELEASED_DATASET_POOL,FROZEN_N0,STANDALONE,apall,3.582369847801946,0.5704088408027693,2.9353648180808674,4.323110588542687
ScanNet,RELEASED_DATASET_POOL,FROZEN_N0,STANDALONE,macc,23.84734598358168,2.0041427541786425,21.12381128398039,25.888562613123582
ScanNet,RELEASED_DATASET_POOL,FROZEN_N0,STANDALONE,miou,18.09927615848107,2.678897572598885,14.32373931107856,20.258576241742862
ScanNet,RELEASED_DATASET_POOL,FROZEN_N0,STANDALONE,uap,3.582369847801946,0.5704088408027693,2.9353648180808674,4.323110588542687
ScanNet,RELEASED_DATASET_POOL,FROZEN_N0,RAW,ap25,26.433096224762892,2.9062038198954436,24.062783923895033,30.526042887154
ScanNet,RELEASED_DATASET_POOL,FROZEN_N0,RAW,ap50,15.253937163659383,0.8446775797366983,14.061581422692532,15.912853864242754
ScanNet,RELEASED_DATASET_POOL,FROZEN_N0,RAW,apall,4.625853081785866,0.06934530172132818,4.571547279880614,4.723725967295926
ScanNet,RELEASED_DATASET_POOL,FROZEN_N0,RAW,macc,32.516195715821745,0.8075268743724754,31.437954364231395,33.38119393002842
ScanNet,RELEASED_DATASET_POOL,FROZEN_N0,RAW,miou,25.2074842426593,0.45977972040593984,24.62902894530247,25.75388535160279
ScanNet,RELEASED_DATASET_POOL,FROZEN_N0,RAW,uap,4.625853081785866,0.06934530172132818,4.571547279880614,4.723725967295926
ScanNet,RELEASED_DATASET_POOL,FROZEN_N0,CAL,ap25,28.821623050018108,1.0724140160105846,28.025058788947675,30.337591078331815
ScanNet,RELEASED_DATASET_POOL,FROZEN_N0,CAL,ap50,15.415931804820692,1.0184665572645726,13.975602586713698,16.13609641387419
ScanNet,RELEASED_DATASET_POOL,FROZEN_N0,CAL,apall,4.740267163106669,0.01616613582959657,4.7174047945652875,4.75169834737736
ScanNet,RELEASED_DATASET_POOL,FROZEN_N0,CAL,macc,32.24074786976578,1.3659715589468775,30.931883031304608,34.12561601497219
ScanNet,RELEASED_DATASET_POOL,FROZEN_N0,CAL,miou,25.16880871859282,0.8366076156532872,24.00660492185118,25.941822588927625
ScanNet,RELEASED_DATASET_POOL,FROZEN_N0,CAL,uap,4.740267163106669,0.01616613582959657,4.7174047945652875,4.75169834737736
ScanNet,RELEASED_DATASET_POOL,OFFICIAL_CURRENT_CLASS,STANDALONE,ap25,19.527852548685885,3.408022938125612,15.324630787593751,23.6719192159007
ScanNet,RELEASED_DATASET_POOL,OFFICIAL_CURRENT_CLASS,STANDALONE,ap50,9.241500097981579,2.7845348622721433,5.417768959435626,11.968694885361552
ScanNet,RELEASED_DATASET_POOL,OFFICIAL_CURRENT_CLASS,STANDALONE,apall,3.5855134234763866,0.5721771636605725,2.93822261414854,4.329683519498335
ScanNet,RELEASED_DATASET_POOL,OFFICIAL_CURRENT_CLASS,STANDALONE,macc,23.84734598358168,2.0041427541786425,21.12381128398039,25.888562613123582
ScanNet,RELEASED_DATASET_POOL,OFFICIAL_CURRENT_CLASS,STANDALONE,miou,18.09927615848107,2.678897572598885,14.32373931107856,20.258576241742862
ScanNet,RELEASED_DATASET_POOL,OFFICIAL_CURRENT_CLASS,STANDALONE,uap,3.5855134234763866,0.5721771636605725,2.93822261414854,4.329683519498335
ScanNet,RELEASED_DATASET_POOL,OFFICIAL_CURRENT_CLASS,RAW,ap25,27.42867414935316,2.7375181388772942,25.31970944007981,31.294776896628747
ScanNet,RELEASED_DATASET_POOL,OFFICIAL_CURRENT_CLASS,RAW,ap50,17.659109152164707,0.9945845982292318,16.25569517930629,18.442177678288786
ScanNet,RELEASED_DATASET_POOL,OFFICIAL_CURRENT_CLASS,RAW,apall,4.899541997021422,0.0527882757948816,4.85257483714274,4.973279606767261
ScanNet,RELEASED_DATASET_POOL,OFFICIAL_CURRENT_CLASS,RAW,macc,32.516195715821745,0.8075268743724754,31.437954364231395,33.38119393002842
ScanNet,RELEASED_DATASET_POOL,OFFICIAL_CURRENT_CLASS,RAW,miou,25.2074842426593,0.45977972040593984,24.62902894530247,25.75388535160279
ScanNet,RELEASED_DATASET_POOL,OFFICIAL_CURRENT_CLASS,RAW,uap,4.899541997021422,0.0527882757948816,4.85257483714274,4.973279606767261
ScanNet,RELEASED_DATASET_POOL,OFFICIAL_CURRENT_CLASS,CAL,ap25,29.770960064169937,0.7930256758744059,29.08766901822457,30.882780628150996
ScanNet,RELEASED_DATASET_POOL,OFFICIAL_CURRENT_CLASS,CAL,ap50,17.80839702135998,1.1700711960469223,16.153733098177543,18.64858906525573
ScanNet,RELEASED_DATASET_POOL,OFFICIAL_CURRENT_CLASS,CAL,apall,5.009866200709823,0.033987621239897216,4.961950486641845,5.037110523221634
ScanNet,RELEASED_DATASET_POOL,OFFICIAL_CURRENT_CLASS,CAL,macc,32.24074786976578,1.3659715589468775,30.931883031304608,34.12561601497219
ScanNet,RELEASED_DATASET_POOL,OFFICIAL_CURRENT_CLASS,CAL,miou,25.16880871859282,0.8366076156532872,24.00660492185118,25.941822588927625
ScanNet,RELEASED_DATASET_POOL,OFFICIAL_CURRENT_CLASS,CAL,uap,5.009866200709823,0.033987621239897216,4.961950486641845,5.037110523221634
ScanNet,SCENE_MACRO,FROZEN_N0,STANDALONE,ap25,20.719061437263196,3.2616284978411967,16.799053685801805,24.784412103491054
ScanNet,SCENE_MACRO,FROZEN_N0,STANDALONE,ap50,9.065085829653498,3.674753867889809,3.9587435851533592,12.454723117317101
ScanNet,SCENE_MACRO,FROZEN_N0,STANDALONE,apall,3.0562103008844863,0.7916985716217939,2.1343454535810427,4.067418877882536
ScanNet,SCENE_MACRO,FROZEN_N0,STANDALONE,macc,23.655169312275678,2.815881020385235,19.90062539300192,26.681931963537348
ScanNet,SCENE_MACRO,FROZEN_N0,STANDALONE,miou,18.32280650552753,3.338429566455371,13.639992614211117,21.184894255273626
ScanNet,SCENE_MACRO,FROZEN_N0,STANDALONE,uap,3.0562103008844863,0.7916985716217939,2.1343454535810427,4.067418877882536
ScanNet,SCENE_MACRO,FROZEN_N0,RAW,ap25,25.933090249349643,3.1405533100628436,23.4150429509922,30.360582139247548
ScanNet,SCENE_MACRO,FROZEN_N0,RAW,ap50,13.523898889852838,0.05794435502271488,13.481061284162788,13.605815850294235
ScanNet,SCENE_MACRO,FROZEN_N0,RAW,apall,3.7963676113303655,0.33587298739714816,3.553710761182565,4.271326118979105
ScanNet,SCENE_MACRO,FROZEN_N0,RAW,macc,31.119692829361618,0.6466031671509598,30.257320879217666,31.814278592508995
ScanNet,SCENE_MACRO,FROZEN_N0,RAW,miou,24.263463998281654,0.800443040647346,23.524048820371,25.375473741341136
ScanNet,SCENE_MACRO,FROZEN_N0,RAW,uap,3.7963676113303655,0.33587298739714816,3.553710761182565,4.271326118979105
ScanNet,SCENE_MACRO,FROZEN_N0,CAL,ap25,28.260044426241166,1.3564521509482064,27.287108124749103,30.178291146336257
ScanNet,SCENE_MACRO,FROZEN_N0,CAL,ap50,13.680108008115525,0.19937221274056743,13.398153120897483,13.82108545172455
ScanNet,SCENE_MACRO,FROZEN_N0,CAL,apall,3.906695475461139,0.25352269027504326,3.7274278619829992,4.265230702417419
ScanNet,SCENE_MACRO,FROZEN_N0,CAL,macc,30.78522174452571,0.9241809735148556,29.839608490147395,32.039390891655735
ScanNet,SCENE_MACRO,FROZEN_N0,CAL,miou,24.129766047893245,1.0636564481373942,22.657572825547533,25.133319004206566
ScanNet,SCENE_MACRO,FROZEN_N0,CAL,uap,3.906695475461139,0.25352269027504326,3.7274278619829992,4.265230702417419
ScanNet,SCENE_MACRO,OFFICIAL_CURRENT_CLASS,STANDALONE,ap25,20.250055547870396,4.020399273115325,15.356421808489479,25.203798242449558
ScanNet,SCENE_MACRO,OFFICIAL_CURRENT_CLASS,STANDALONE,ap50,9.077486623304292,3.6766491494898053,3.9711443788041527,12.479524704618688
ScanNet,SCENE_MACRO,OFFICIAL_CURRENT_CLASS,STANDALONE,apall,3.0592416059991248,0.7933300513700741,2.137101185503441,4.073757061304054
ScanNet,SCENE_MACRO,OFFICIAL_CURRENT_CLASS,STANDALONE,macc,23.655169312275678,2.815881020385235,19.90062539300192,26.681931963537348
ScanNet,SCENE_MACRO,OFFICIAL_CURRENT_CLASS,STANDALONE,miou,18.32280650552753,3.338429566455371,13.639992614211117,21.184894255273626
ScanNet,SCENE_MACRO,OFFICIAL_CURRENT_CLASS,STANDALONE,uap,3.0592416059991248,0.7933300513700741,2.137101185503441,4.073757061304054
ScanNet,SCENE_MACRO,OFFICIAL_CURRENT_CLASS,RAW,ap25,26.169725973923967,2.6841335046486328,24.094217099386274,29.95994406943655
ScanNet,SCENE_MACRO,OFFICIAL_CURRENT_CLASS,RAW,ap50,15.691751661558992,0.45928858859928934,15.048568221148106,16.09179915218449
ScanNet,SCENE_MACRO,OFFICIAL_CURRENT_CLASS,RAW,apall,4.04345745387151,0.28832177143487553,3.8299230067713776,4.451050949132089
ScanNet,SCENE_MACRO,OFFICIAL_CURRENT_CLASS,RAW,macc,31.119692829361618,0.6466031671509598,30.257320879217666,31.814278592508995
ScanNet,SCENE_MACRO,OFFICIAL_CURRENT_CLASS,RAW,miou,24.263463998281654,0.800443040647346,23.524048820371,25.375473741341136
ScanNet,SCENE_MACRO,OFFICIAL_CURRENT_CLASS,RAW,uap,4.04345745387151,0.28832177143487553,3.8299230067713776,4.451050949132089
ScanNet,SCENE_MACRO,OFFICIAL_CURRENT_CLASS,CAL,ap25,28.442815567658926,0.8171873971110438,27.76117275059944,29.591854252333572
ScanNet,SCENE_MACRO,OFFICIAL_CURRENT_CLASS,CAL,ap50,15.835707821140153,0.6261967609293676,14.950247642916814,16.29083870390261
ScanNet,SCENE_MACRO,OFFICIAL_CURRENT_CLASS,CAL,apall,4.1498415074281825,0.2052787533938626,4.001529949211653,4.440126440439723
ScanNet,SCENE_MACRO,OFFICIAL_CURRENT_CLASS,CAL,macc,30.78522174452571,0.9241809735148556,29.839608490147395,32.039390891655735
ScanNet,SCENE_MACRO,OFFICIAL_CURRENT_CLASS,CAL,miou,24.129766047893245,1.0636564481373942,22.657572825547533,25.133319004206566
ScanNet,SCENE_MACRO,OFFICIAL_CURRENT_CLASS,CAL,uap,4.1498415074281825,0.2052787533938626,4.001529949211653,4.440126440439723
Replica,RELEASED_DATASET_POOL,FROZEN_N0,STANDALONE,ap25,29.0598047980358,0.05394448287888516,28.987946379890843,29.117921540902824
Replica,RELEASED_DATASET_POOL,FROZEN_N0,STANDALONE,ap50,17.79304742928599,0.916703210142754,16.713635506904488,18.954581010958936
Replica,RELEASED_DATASET_POOL,FROZEN_N0,STANDALONE,apall,8.094351752207944,0.4910146442918253,7.587129694502799,8.758678509389199
Replica,RELEASED_DATASET_POOL,FROZEN_N0,STANDALONE,macc,29.151179008600796,0.2672602971117769,28.77356458288491,29.354043558932695
Replica,RELEASED_DATASET_POOL,FROZEN_N0,STANDALONE,miou,23.62623865264141,0.7674603338741366,22.545078528792413,24.249357408851793
Replica,RELEASED_DATASET_POOL,FROZEN_N0,STANDALONE,uap,8.094351752207944,0.4910146442918253,7.587129694502799,8.758678509389199
Replica,RELEASED_DATASET_POOL,FROZEN_N0,RAW,ap25,34.09601733904468,0.4861201580479774,33.75224271383956,34.78349505825862
Replica,RELEASED_DATASET_POOL,FROZEN_N0,RAW,ap50,19.778767888188597,0.4547137287723216,19.184394895003432,20.28852771666955
Replica,RELEASED_DATASET_POOL,FROZEN_N0,RAW,apall,8.880894790411388,0.14072351723756366,8.738652202752496,9.072556314652275
Replica,RELEASED_DATASET_POOL,FROZEN_N0,RAW,macc,32.75685823988044,0.6234277513831966,32.24565629946891,33.63455058109345
Replica,RELEASED_DATASET_POOL,FROZEN_N0,RAW,miou,24.536162136926954,0.5248619788453152,23.79391128025655,24.91151776445022
Replica,RELEASED_DATASET_POOL,FROZEN_N0,RAW,uap,8.880894790411388,0.14072351723756366,8.738652202752496,9.072556314652275
Replica,RELEASED_DATASET_POOL,FROZEN_N0,CAL,ap25,34.237584145144154,0.7090850491458672,33.609525313472695,35.22863570858873
Replica,RELEASED_DATASET_POOL,FROZEN_N0,CAL,ap50,19.77807590134435,0.6076498916441344,19.18625840652406,20.613587860236017
Replica,RELEASED_DATASET_POOL,FROZEN_N0,CAL,apall,8.715751132318255,0.27768429096979064,8.475919955789925,9.104968787508893
Replica,RELEASED_DATASET_POOL,FROZEN_N0,CAL,macc,32.57362864142308,0.5151382199543015,32.06257437930059,33.278787548898485
Replica,RELEASED_DATASET_POOL,FROZEN_N0,CAL,miou,24.397398735795463,0.6090382363145787,23.53608892778815,24.828702417543745
Replica,RELEASED_DATASET_POOL,FROZEN_N0,CAL,uap,8.715751132318255,0.27768429096979064,8.475919955789925,9.104968787508893
Replica,RELEASED_DATASET_POOL,OFFICIAL_CURRENT_CLASS,STANDALONE,ap25,28.938267188540223,0.37323434608380945,28.419205679015363,29.280786964517773
Replica,RELEASED_DATASET_POOL,OFFICIAL_CURRENT_CLASS,STANDALONE,ap50,17.608951231455848,1.1539945761982706,16.479718489704393,19.19395002282886
Replica,RELEASED_DATASET_POOL,OFFICIAL_CURRENT_CLASS,STANDALONE,apall,7.9470240312888745,0.6258300564860948,7.425690021295425,8.827088345708392
Replica,RELEASED_DATASET_POOL,OFFICIAL_CURRENT_CLASS,STANDALONE,macc,29.151179008600796,0.2672602971117769,28.77356458288491,29.354043558932695
Replica,RELEASED_DATASET_POOL,OFFICIAL_CURRENT_CLASS,STANDALONE,miou,23.62623865264141,0.7674603338741366,22.545078528792413,24.249357408851793
Replica,RELEASED_DATASET_POOL,OFFICIAL_CURRENT_CLASS,STANDALONE,uap,7.9470240312888745,0.6258300564860948,7.425690021295425,8.827088345708392
Replica,RELEASED_DATASET_POOL,OFFICIAL_CURRENT_CLASS,RAW,ap25,34.07831146669366,0.4680899141089258,33.56881675492166,34.69908287307775
Replica,RELEASED_DATASET_POOL,OFFICIAL_CURRENT_CLASS,RAW,ap50,19.582598949636335,0.5809175757421814,18.85963341986946,20.28199956960579
Replica,RELEASED_DATASET_POOL,OFFICIAL_CURRENT_CLASS,RAW,apall,8.708875075026787,0.2343871996373852,8.457887587689179,9.021878818244279
Replica,RELEASED_DATASET_POOL,OFFICIAL_CURRENT_CLASS,RAW,macc,32.75685823988044,0.6234277513831966,32.24565629946891,33.63455058109345
Replica,RELEASED_DATASET_POOL,OFFICIAL_CURRENT_CLASS,RAW,miou,24.536162136926954,0.5248619788453152,23.79391128025655,24.91151776445022
Replica,RELEASED_DATASET_POOL,OFFICIAL_CURRENT_CLASS,RAW,uap,8.708875075026787,0.2343871996373852,8.457887587689179,9.021878818244279
Replica,RELEASED_DATASET_POOL,OFFICIAL_CURRENT_CLASS,CAL,ap25,34.127578530809316,0.782493870591805,33.21231194970753,35.12387711670538
Replica,RELEASED_DATASET_POOL,OFFICIAL_CURRENT_CLASS,CAL,ap50,19.609370089225244,0.6815715953226923,18.917598850096685,20.536546663357015
Replica,RELEASED_DATASET_POOL,OFFICIAL_CURRENT_CLASS,CAL,apall,8.58047022946395,0.2786160918700206,8.344037089246099,8.971661006465084
Replica,RELEASED_DATASET_POOL,OFFICIAL_CURRENT_CLASS,CAL,macc,32.57362864142308,0.5151382199543015,32.06257437930059,33.278787548898485
Replica,RELEASED_DATASET_POOL,OFFICIAL_CURRENT_CLASS,CAL,miou,24.397398735795463,0.6090382363145787,23.53608892778815,24.828702417543745
Replica,RELEASED_DATASET_POOL,OFFICIAL_CURRENT_CLASS,CAL,uap,8.58047022946395,0.2786160918700206,8.344037089246099,8.971661006465084
Replica,SCENE_MACRO,FROZEN_N0,STANDALONE,ap25,33.3503260588795,0.5704166199105867,32.544308607087025,33.781875649510354
Replica,SCENE_MACRO,FROZEN_N0,STANDALONE,ap50,22.194904340088527,0.6498249982928062,21.29165385231492,22.793201700827574
Replica,SCENE_MACRO,FROZEN_N0,STANDALONE,apall,10.685200107757263,0.2599503819541835,10.342647865382935,10.972039080027415
Replica,SCENE_MACRO,FROZEN_N0,STANDALONE,macc,30.789082200847613,0.42796080379830265,30.18427136856513,31.11094442163048
Replica,SCENE_MACRO,FROZEN_N0,STANDALONE,miou,26.46070573879282,0.4412718450810815,25.842179348582796,26.841733063880767
Replica,SCENE_MACRO,FROZEN_N0,STANDALONE,uap,10.685200107757263,0.2599503819541835,10.342647865382935,10.972039080027415
Replica,SCENE_MACRO,FROZEN_N0,RAW,ap25,37.84388546824109,0.39772090243699565,37.54140237772398,38.405798243702534
Replica,SCENE_MACRO,FROZEN_N0,RAW,ap50,23.556425860734773,0.7047069828868294,22.962650076520756,24.54648807157767
Replica,SCENE_MACRO,FROZEN_N0,RAW,apall,11.483687170662543,0.2965735554346987,11.247191615968365,11.901911947348227
Replica,SCENE_MACRO,FROZEN_N0,RAW,macc,35.78323312260678,0.3089017422277634,35.346835069018276,36.0186943521906
Replica,SCENE_MACRO,FROZEN_N0,RAW,miou,29.32005492772682,0.3656084720207915,28.932607801039588,29.810287976983492
Replica,SCENE_MACRO,FROZEN_N0,RAW,uap,11.483687170662543,0.2965735554346987,11.247191615968365,11.901911947348227
Replica,SCENE_MACRO,FROZEN_N0,CAL,ap25,38.566290789541995,0.3895559766604484,38.19516774542713,39.10445910821997
Replica,SCENE_MACRO,FROZEN_N0,CAL,ap50,24.026340240006704,0.8093298549152271,23.2367325713608,25.138717776674813
Replica,SCENE_MACRO,FROZEN_N0,CAL,apall,11.568118194527454,0.3833905528108295,11.18791927764707,12.092984828298693
Replica,SCENE_MACRO,FROZEN_N0,CAL,macc,35.80210948974904,0.5618959143786237,35.027954865992974,36.34444140471797
Replica,SCENE_MACRO,FROZEN_N0,CAL,miou,29.33227248090226,0.8526773185031927,28.32527722252591,30.410277139151308
Replica,SCENE_MACRO,FROZEN_N0,CAL,uap,11.568118194527454,0.3833905528108295,11.18791927764707,12.092984828298693
Replica,SCENE_MACRO,OFFICIAL_CURRENT_CLASS,STANDALONE,ap25,33.505042063214965,0.5065572890415428,32.81164361126414,34.0076238435248
Replica,SCENE_MACRO,OFFICIAL_CURRENT_CLASS,STANDALONE,ap50,22.431546978719997,0.7626859262852751,21.35958863492361,23.071033228175352
Replica,SCENE_MACRO,OFFICIAL_CURRENT_CLASS,STANDALONE,apall,10.88155272471568,0.3841704115865727,10.382566248125077,11.317163479227665
Replica,SCENE_MACRO,OFFICIAL_CURRENT_CLASS,STANDALONE,macc,30.789082200847613,0.42796080379830265,30.18427136856513,31.11094442163048
Replica,SCENE_MACRO,OFFICIAL_CURRENT_CLASS,STANDALONE,miou,26.46070573879282,0.4412718450810815,25.842179348582796,26.841733063880767
Replica,SCENE_MACRO,OFFICIAL_CURRENT_CLASS,STANDALONE,uap,10.88155272471568,0.3841704115865727,10.382566248125077,11.317163479227665
Replica,SCENE_MACRO,OFFICIAL_CURRENT_CLASS,RAW,ap25,38.178598117920835,0.3528409687385619,37.71501348883509,38.57027192791307
Replica,SCENE_MACRO,OFFICIAL_CURRENT_CLASS,RAW,ap50,23.815677953384697,0.6051764226854378,23.285375932213913,24.662587142785096
Replica,SCENE_MACRO,OFFICIAL_CURRENT_CLASS,RAW,apall,11.681251989160197,0.24163071803220995,11.38732551659855,11.979157358030774
Replica,SCENE_MACRO,OFFICIAL_CURRENT_CLASS,RAW,macc,35.78323312260678,0.3089017422277634,35.346835069018276,36.0186943521906
Replica,SCENE_MACRO,OFFICIAL_CURRENT_CLASS,RAW,miou,29.32005492772682,0.3656084720207915,28.932607801039588,29.810287976983492
Replica,SCENE_MACRO,OFFICIAL_CURRENT_CLASS,RAW,uap,11.681251989160197,0.24163071803220995,11.38732551659855,11.979157358030774
Replica,SCENE_MACRO,OFFICIAL_CURRENT_CLASS,CAL,ap25,38.80995550689092,0.22078915463381316,38.572856626089994,39.10445910821997
Replica,SCENE_MACRO,OFFICIAL_CURRENT_CLASS,CAL,ap50,24.193304320960717,0.7316248959286332,23.361969069468817,25.14242649700505
Replica,SCENE_MACRO,OFFICIAL_CURRENT_CLASS,CAL,apall,11.675595074119627,0.3163233955970668,11.273286845574585,12.04616525267414
Replica,SCENE_MACRO,OFFICIAL_CURRENT_CLASS,CAL,macc,35.80210948974904,0.5618959143786237,35.027954865992974,36.34444140471797
Replica,SCENE_MACRO,OFFICIAL_CURRENT_CLASS,CAL,miou,29.33227248090226,0.8526773185031927,28.32527722252591,30.410277139151308
Replica,SCENE_MACRO,OFFICIAL_CURRENT_CLASS,CAL,uap,11.675595074119627,0.3163233955970668,11.273286845574585,12.04616525267414
