dataset,scene,method,rank_mode,aggregation,ap25,ap50,apall,defined_classes,macc,miou,uap
ScanNet,,Q_GAIN_B200,FROZEN_N0,RELEASED_DATASET_POOL,0.22606435060138763,0.14753086419753086,0.040622074161168815,28,0.23615675041115605,0.19433486948946702,0.040622074161168815
ScanNet,,Q_GAIN_B200,OFFICIAL_CURRENT_CLASS,RELEASED_DATASET_POOL,0.2154387536331981,0.1417490559851671,0.03730540293040293,28,0.23615675041115605,0.19433486948946702,0.03730540293040293
ScanNet,,RV_B_Q_GAIN_B200_RAW,FROZEN_N0,RELEASED_DATASET_POOL,0.2777087881254548,0.16322906774295662,0.04650873103805202,28,0.3066775757650915,0.24819683312743765,0.04650873103805202
ScanNet,,RV_B_Q_GAIN_B200_RAW,OFFICIAL_CURRENT_CLASS,RELEASED_DATASET_POOL,0.28876607788644826,0.17926304662415773,0.045641295718456217,28,0.3066775757650915,0.24819683312743765,0.045641295718456217
ScanNet,,RV_B_Q_GAIN_B200_CAL,FROZEN_N0,RELEASED_DATASET_POOL,0.2777087881254548,0.16322906774295662,0.04650873103805202,28,0.2979725386380325,0.24691876564153703,0.04650873103805202
ScanNet,,RV_B_Q_GAIN_B200_CAL,OFFICIAL_CURRENT_CLASS,RELEASED_DATASET_POOL,0.2771920038123742,0.17926304662415773,0.045641295718456217,28,0.2979725386380325,0.24691876564153703,0.045641295718456217
ScanNet,,Q_COMBINE_B200,FROZEN_N0,RELEASED_DATASET_POOL,0.23406452087007643,0.1143151087595532,0.03834835717551767,28,0.24428261328857054,0.2050948469819239,0.03834835717551767
ScanNet,,Q_COMBINE_B200,OFFICIAL_CURRENT_CLASS,RELEASED_DATASET_POOL,0.22457378012933568,0.11405790711346267,0.03831977921484094,28,0.24428261328857054,0.2050948469819239,0.03831977921484094
ScanNet,,RV_B_Q_COMBINE_B200_RAW,FROZEN_N0,RELEASED_DATASET_POOL,0.24352219282774837,0.1274103468547913,0.039629466326997195,28,0.2904702100541295,0.23629355516903483,0.039629466326997195
ScanNet,,RV_B_Q_COMBINE_B200_RAW,OFFICIAL_CURRENT_CLASS,RELEASED_DATASET_POOL,0.25280227317264353,0.14919165196942977,0.042074923247762755,28,0.2904702100541295,0.23629355516903483,0.042074923247762755
ScanNet,,RV_B_Q_COMBINE_B200_CAL,FROZEN_N0,RELEASED_DATASET_POOL,0.2887504899078973,0.1274103468547913,0.039629466326997195,28,0.3007724167750199,0.24832086604497478,0.039629466326997195
ScanNet,,RV_B_Q_COMBINE_B200_CAL,OFFICIAL_CURRENT_CLASS,RELEASED_DATASET_POOL,0.29335361997399034,0.14919165196942977,0.042074923247762755,28,0.3007724167750199,0.24832086604497478,0.042074923247762755
ScanNet,,RV_Q_RANDOM_s17_B200,FROZEN_N0,RELEASED_DATASET_POOL,0.23301977514940478,0.11942974720752499,0.04323110588542687,28,0.25888562613123584,0.20258576241742862,0.04323110588542687
ScanNet,,RV_Q_RANDOM_s17_B200,OFFICIAL_CURRENT_CLASS,RELEASED_DATASET_POOL,0.236719192159007,0.11968694885361553,0.04329683519498335,28,0.25888562613123584,0.20258576241742862,0.04329683519498335
ScanNet,,RV_B_RV_Q_RANDOM_s17_B200_RAW,FROZEN_N0,RELEASED_DATASET_POOL,0.30526042887154,0.14061581422692532,0.04723725967295926,28,0.32729438853205417,0.2575388535160279,0.04723725967295926
ScanNet,,RV_B_RV_Q_RANDOM_s17_B200_RAW,OFFICIAL_CURRENT_CLASS,RELEASED_DATASET_POOL,0.31294776896628745,0.1625569517930629,0.04973279606767261,28,0.32729438853205417,0.2575388535160279,0.04973279606767261
ScanNet,,RV_B_RV_Q_RANDOM_s17_B200_CAL,FROZEN_N0,RELEASED_DATASET_POOL,0.30337591078331816,0.13975602586713698,0.04717404794565288,28,0.3093188303130461,0.2555799864499966,0.04717404794565288
ScanNet,,RV_B_RV_Q_RANDOM_s17_B200_CAL,OFFICIAL_CURRENT_CLASS,RELEASED_DATASET_POOL,0.30882780628150996,0.16153733098177542,0.049619504866418446,28,0.3093188303130461,0.2555799864499966,0.049619504866418446
ScanNet,,RV_Q_RANDOM_s23_B200,FROZEN_N0,RELEASED_DATASET_POOL,0.1966416813639036,0.1033803644914756,0.03488634136782284,28,0.24529664053641068,0.19715512922621808,0.03488634136782284
ScanNet,,RV_Q_RANDOM_s23_B200,OFFICIAL_CURRENT_CLASS,RELEASED_DATASET_POOL,0.19587007642563195,0.1033803644914756,0.03488634136782284,28,0.24529664053641068,0.19715512922621808,0.03488634136782284
ScanNet,,RV_B_RV_Q_RANDOM_s23_B200_RAW,FROZEN_N0,RELEASED_DATASET_POOL,0.24062783923895031,0.1578737620404287,0.04571547279880613,28,0.33381193930028413,0.25239538431072644,0.04571547279880613
ScanNet,,RV_B_RV_Q_RANDOM_s23_B200_RAW,OFFICIAL_CURRENT_CLASS,RELEASED_DATASET_POOL,0.2531970944007981,0.18279454598899042,0.048525748371427396,28,0.33381193930028413,0.25239538431072644,0.048525748371427396
ScanNet,,RV_B_RV_Q_RANDOM_s23_B200_CAL,FROZEN_N0,RELEASED_DATASET_POOL,0.2810221928277483,0.16136096413874187,0.047516983473773595,28,0.3412561601497219,0.25941822588927627,0.047516983473773595
ScanNet,,RV_B_RV_Q_RANDOM_s23_B200_CAL,OFFICIAL_CURRENT_CLASS,RELEASED_DATASET_POOL,0.29342430546134246,0.1862286890064668,0.05030537592265988,28,0.3412561601497219,0.25941822588927627,0.05030537592265988
ScanNet,,RV_Q_RANDOM_s41_B200,FROZEN_N0,RELEASED_DATASET_POOL,0.17616664885183403,0.05404908877131099,0.029353648180808673,28,0.2112381128398039,0.1432373931107856,0.029353648180808673
ScanNet,,RV_Q_RANDOM_s41_B200,OFFICIAL_CURRENT_CLASS,RELEASED_DATASET_POOL,0.15324630787593752,0.05417768959435626,0.0293822261414854,28,0.2112381128398039,0.1432373931107856,0.0293822261414854
ScanNet,,RV_B_RV_Q_RANDOM_s41_B200_RAW,FROZEN_N0,RELEASED_DATASET_POOL,0.2471046186323964,0.15912853864242754,0.04582285998181059,28,0.31437954364231396,0.2462902894530247,0.04582285998181059
ScanNet,,RV_B_RV_Q_RANDOM_s41_B200_RAW,OFFICIAL_CURRENT_CLASS,RELEASED_DATASET_POOL,0.25671536111350923,0.18442177678288788,0.048727715471542636,28,0.31437954364231396,0.2462902894530247,0.048727715471542636
ScanNet,,RV_B_RV_Q_RANDOM_s41_B200_CAL,FROZEN_N0,RELEASED_DATASET_POOL,0.28025058788947677,0.16136096413874187,0.047516983473773595,28,0.31664744563020536,0.24006604921851182,0.047516983473773595
ScanNet,,RV_B_RV_Q_RANDOM_s41_B200_CAL,OFFICIAL_CURRENT_CLASS,RELEASED_DATASET_POOL,0.2908766901822457,0.1864858906525573,0.05037110523221634,28,0.31664744563020536,0.24006604921851182,0.05037110523221634
ScanNet,,Q_GAIN_B200,FROZEN_N0,SCENE_MACRO,0.23276714843914093,0.1355263157894737,0.03320150022322119,,0.2343882838538925,0.19023274918430963,0.03320150022322119
ScanNet,,Q_GAIN_B200,OFFICIAL_CURRENT_CLASS,SCENE_MACRO,0.2266720395832238,0.13151741676765172,0.030873512669800263,,0.2343882838538925,0.19023274918430963,0.030873512669800263
ScanNet,,RV_B_Q_GAIN_B200_RAW,FROZEN_N0,SCENE_MACRO,0.2695658886330879,0.1400122401355954,0.03665012765302552,,0.29684669749106385,0.23452605121363185,0.03665012765302552
ScanNet,,RV_B_Q_GAIN_B200_RAW,OFFICIAL_CURRENT_CLASS,SCENE_MACRO,0.27721292431113864,0.1582931257860769,0.03682314028100368,,0.29684669749106385,0.23452605121363185,0.03682314028100368
ScanNet,,RV_B_Q_GAIN_B200_CAL,FROZEN_N0,SCENE_MACRO,0.27191551269323827,0.1400122401355954,0.03665012765302552,,0.2889919184545944,0.23444966273475054,0.03665012765302552
ScanNet,,RV_B_Q_GAIN_B200_CAL,OFFICIAL_CURRENT_CLASS,SCENE_MACRO,0.2689892401006123,0.1582931257860769,0.03682314028100368,,0.2889919184545944,0.23444966273475054,0.03682314028100368
ScanNet,,Q_COMBINE_B200,FROZEN_N0,SCENE_MACRO,0.24526961003699727,0.11836212555197516,0.033007038097890226,,0.25185506063323887,0.2112805888345021,0.033007038097890226
ScanNet,,Q_COMBINE_B200,OFFICIAL_CURRENT_CLASS,SCENE_MACRO,0.2378800423678243,0.11811410967895929,0.03297948077866624,,0.25185506063323887,0.2112805888345021,0.03297948077866624
ScanNet,,RV_B_Q_COMBINE_B200_RAW,FROZEN_N0,SCENE_MACRO,0.24340109947487765,0.12082363647213272,0.03241838889551922,,0.2805199661950054,0.22635961689602574,0.03241838889551922
ScanNet,,RV_B_Q_COMBINE_B200_RAW,OFFICIAL_CURRENT_CLASS,SCENE_MACRO,0.24118903409316944,0.13634458169232605,0.034167346275742264,,0.2805199661950054,0.22635961689602574,0.034167346275742264
ScanNet,,RV_B_Q_COMBINE_B200_CAL,FROZEN_N0,SCENE_MACRO,0.28642669421569794,0.12082363647213272,0.03241838889551922,,0.2916201401603368,0.23865477941591023,0.03241838889551922
ScanNet,,RV_B_Q_COMBINE_B200_CAL,OFFICIAL_CURRENT_CLASS,SCENE_MACRO,0.27995925510023256,0.13634458169232605,0.034167346275742264,,0.2916201401603368,0.23865477941591023,0.034167346275742264
ScanNet,,RV_Q_RANDOM_s17_B200,FROZEN_N0,SCENE_MACRO,0.24784412103491052,0.12454723117317101,0.040674188778825365,,0.2668193196353735,0.21184894255273626,0.040674188778825365
ScanNet,,RV_Q_RANDOM_s17_B200,OFFICIAL_CURRENT_CLASS,SCENE_MACRO,0.2520379824244956,0.12479524704618689,0.040737570613040536,,0.2668193196353735,0.21184894255273626,0.040737570613040536
ScanNet,,RV_B_RV_Q_RANDOM_s17_B200_RAW,FROZEN_N0,SCENE_MACRO,0.3036058213924755,0.13481061284162787,0.04271326118979105,,0.31814278592508993,0.25375473741341137,0.04271326118979105
ScanNet,,RV_B_RV_Q_RANDOM_s17_B200_RAW,OFFICIAL_CURRENT_CLASS,SCENE_MACRO,0.2995994406943655,0.15048568221148106,0.04451050949132089,,0.31814278592508993,0.25375473741341137,0.04451050949132089
ScanNet,,RV_B_RV_Q_RANDOM_s17_B200_CAL,FROZEN_N0,SCENE_MACRO,0.30178291146336256,0.13398153120897482,0.04265230702417419,,0.30476665851774004,0.25133319004206567,0.04265230702417419
ScanNet,,RV_B_RV_Q_RANDOM_s17_B200_CAL,OFFICIAL_CURRENT_CLASS,SCENE_MACRO,0.2959185425233357,0.14950247642916814,0.044401264404397234,,0.30476665851774004,0.25133319004206567,0.044401264404397234
ScanNet,,RV_Q_RANDOM_s23_B200,FROZEN_N0,SCENE_MACRO,0.20573718522496717,0.10781790786490035,0.029668665711898794,,0.24382950580287754,0.2014353264709785,0.029668665711898794
ScanNet,,RV_Q_RANDOM_s23_B200,OFFICIAL_CURRENT_CLASS,SCENE_MACRO,0.20189946592672153,0.10781790786490035,0.029668665711898794,,0.24382950580287754,0.2014353264709785,0.029668665711898794
ScanNet,,RV_B_RV_Q_RANDOM_s23_B200_RAW,FROZEN_N0,SCENE_MACRO,0.234150429509922,0.1348481953510149,0.03553710761182565,,0.3128747901635819,0.23890869433132828,0.03553710761182565
ScanNet,,RV_B_RV_Q_RANDOM_s23_B200_RAW,OFFICIAL_CURRENT_CLASS,SCENE_MACRO,0.24094217099386273,0.15934887611344378,0.038299230067713776,,0.3128747901635819,0.23890869433132828,0.038299230067713776
ScanNet,,RV_B_RV_Q_RANDOM_s23_B200_CAL,FROZEN_N0,SCENE_MACRO,0.2731473400763814,0.1382108545172455,0.037274278619829994,,0.32039390891655734,0.24598406313925641,0.037274278619829994
ScanNet,,RV_B_RV_Q_RANDOM_s23_B200_CAL,OFFICIAL_CURRENT_CLASS,SCENE_MACRO,0.2797541970004376,0.16266037116601026,0.04001529949211653,,0.32039390891655734,0.24598406313925641,0.04001529949211653
ScanNet,,RV_Q_RANDOM_s41_B200,FROZEN_N0,SCENE_MACRO,0.16799053685801807,0.03958743585153359,0.021343454535810425,,0.19900625393001922,0.13639992614211116,0.021343454535810425
ScanNet,,RV_Q_RANDOM_s41_B200,OFFICIAL_CURRENT_CLASS,SCENE_MACRO,0.1535642180848948,0.03971144378804153,0.02137101185503441,,0.19900625393001922,0.13639992614211116,0.02137101185503441
ScanNet,,RV_B_RV_Q_RANDOM_s41_B200_RAW,FROZEN_N0,SCENE_MACRO,0.2402364565780919,0.13605815850294234,0.03564065953829425,,0.30257320879217664,0.23524048820371,0.03564065953829425
ScanNet,,RV_B_RV_Q_RANDOM_s41_B200_RAW,OFFICIAL_CURRENT_CLASS,SCENE_MACRO,0.24455016752949083,0.16091799152184488,0.038493984057110624,,0.30257320879217664,0.23524048820371,0.038493984057110624
ScanNet,,RV_B_RV_Q_RANDOM_s41_B200_CAL,FROZEN_N0,SCENE_MACRO,0.27287108124749104,0.1382108545172455,0.037274278619829994,,0.29839608490147396,0.22657572825547534,0.037274278619829994
ScanNet,,RV_B_RV_Q_RANDOM_s41_B200_CAL,OFFICIAL_CURRENT_CLASS,SCENE_MACRO,0.2776117275059944,0.16290838703902613,0.0400786813263317,,0.29839608490147396,0.22657572825547534,0.0400786813263317
Replica,,Q_GAIN_B200,FROZEN_N0,RELEASED_DATASET_POOL,0.28553737455020994,0.17137485641186298,0.07738036537782213,51,0.2895778599187379,0.23506454205760222,0.07738036537782213
Replica,,Q_GAIN_B200,OFFICIAL_CURRENT_CLASS,RELEASED_DATASET_POOL,0.2809904213703099,0.16911586219951533,0.07496819247826902,51,0.2895778599187379,0.23506454205760222,0.07496819247826902
Replica,,RV_B_Q_GAIN_B200_RAW,FROZEN_N0,RELEASED_DATASET_POOL,0.33945503773239943,0.2010546629344927,0.08933774410687904,51,0.330826484880193,0.2650410747102317,0.08933774410687904
Replica,,RV_B_Q_GAIN_B200_RAW,OFFICIAL_CURRENT_CLASS,RELEASED_DATASET_POOL,0.3349483049140347,0.1965430658402019,0.0869744236139826,51,0.330826484880193,0.2650410747102317,0.0869744236139826
Replica,,RV_B_Q_GAIN_B200_CAL,FROZEN_N0,RELEASED_DATASET_POOL,0.3471559370926282,0.20762391050308926,0.09155291536501904,51,0.3388738769781762,0.2679159191077403,0.09155291536501904
Replica,,RV_B_Q_GAIN_B200_CAL,OFFICIAL_CURRENT_CLASS,RELEASED_DATASET_POOL,0.3402990434139303,0.20175139917353527,0.08910006891454107,51,0.3388738769781762,0.2679159191077403,0.08910006891454107
Replica,,Q_COMBINE_B200,FROZEN_N0,RELEASED_DATASET_POOL,0.21941511975486813,0.1204078314487383,0.05020076455267102,51,0.23677578606791003,0.18470568482322236,0.05020076455267102
Replica,,Q_COMBINE_B200,OFFICIAL_CURRENT_CLASS,RELEASED_DATASET_POOL,0.21617192938944582,0.12211565306343265,0.050128341999154016,51,0.23677578606791003,0.18470568482322236,0.050128341999154016
Replica,,RV_B_Q_COMBINE_B200_RAW,FROZEN_N0,RELEASED_DATASET_POOL,0.34224817212385594,0.19639430397669722,0.0879409688113352,51,0.3279859662346532,0.24717106386768922,0.0879409688113352
Replica,,RV_B_Q_COMBINE_B200_RAW,OFFICIAL_CURRENT_CLASS,RELEASED_DATASET_POOL,0.3296815992395762,0.17852201794687403,0.08237460638142517,51,0.3279859662346532,0.24717106386768922,0.08237460638142517
Replica,,RV_B_Q_COMBINE_B200_CAL,FROZEN_N0,RELEASED_DATASET_POOL,0.3479383589937532,0.20068516354551336,0.08871924063805503,51,0.3316982659066708,0.24923787573165726,0.08871924063805503
Replica,,RV_B_Q_COMBINE_B200_CAL,OFFICIAL_CURRENT_CLASS,RELEASED_DATASET_POOL,0.3311958430882727,0.1842472451082192,0.08378415923557984,51,0.3316982659066708,0.24923787573165726,0.08378415923557984
Replica,,RV_Q_RANDOM_s17_B200,FROZEN_N0,RELEASED_DATASET_POOL,0.29117921540902825,0.16713635506904487,0.07587129694502799,51,0.2932592888398479,0.2408428002028002,0.07587129694502799
Replica,,RV_Q_RANDOM_s17_B200,OFFICIAL_CURRENT_CLASS,RELEASED_DATASET_POOL,0.2911480892208753,0.16479718489704392,0.07425690021295425,51,0.2932592888398479,0.2408428002028002,0.07425690021295425
Replica,,RV_B_RV_Q_RANDOM_s17_B200_RAW,FROZEN_N0,RELEASED_DATASET_POOL,0.33752314245035847,0.19184394895003432,0.08738652202752496,51,0.3224565629946891,0.2379391128025655,0.08738652202752496
Replica,,RV_B_RV_Q_RANDOM_s17_B200_RAW,OFFICIAL_CURRENT_CLASS,RELEASED_DATASET_POOL,0.33967034772081567,0.1885963341986946,0.0845788758768918,51,0.3224565629946891,0.2379391128025655,0.0845788758768918
Replica,,RV_B_RV_Q_RANDOM_s17_B200_CAL,FROZEN_N0,RELEASED_DATASET_POOL,0.3387459141337102,0.19186258406524062,0.08475919955789925,51,0.3206257437930059,0.23536088927788149,0.08475919955789925
Replica,,RV_B_RV_Q_RANDOM_s17_B200_CAL,OFFICIAL_CURRENT_CLASS,RELEASED_DATASET_POOL,0.3404654652601504,0.18917598850096684,0.083440370892461,51,0.3206257437930059,0.23536088927788149,0.083440370892461
Replica,,RV_Q_RANDOM_s23_B200,FROZEN_N0,RELEASED_DATASET_POOL,0.2907354647331372,0.17710925769994554,0.07937247052731831,51,0.2877356458288491,0.22545078528792412,0.07937247052731831
Replica,,RV_Q_RANDOM_s23_B200,OFFICIAL_CURRENT_CLASS,RELEASED_DATASET_POOL,0.28419205679015364,0.17153185181834277,0.07588293726862805,51,0.2877356458288491,0.22545078528792412,0.07588293726862805
Replica,,RV_B_RV_Q_RANDOM_s23_B200_RAW,FROZEN_N0,RELEASED_DATASET_POOL,0.3375224271383956,0.19863381052892812,0.08831475853829394,51,0.32390367839078954,0.24903057366074086,0.08831475853829394
Replica,,RV_B_RV_Q_RANDOM_s23_B200_RAW,OFFICIAL_CURRENT_CLASS,RELEASED_DATASET_POOL,0.33568816754921665,0.19606163859433753,0.08646858819146906,51,0.32390367839078954,0.24903057366074086,0.08646858819146906
Replica,,RV_B_RV_Q_RANDOM_s23_B200_CAL,FROZEN_N0,RELEASED_DATASET_POOL,0.33609525313472693,0.19534381437272974,0.08566364653655947,51,0.3237952399607015,0.24827404862054495,0.08566364653655947
Replica,,RV_B_RV_Q_RANDOM_s23_B200_CAL,OFFICIAL_CURRENT_CLASS,RELEASED_DATASET_POOL,0.33212311949707524,0.1937396475422204,0.08425712592680668,51,0.3237952399607015,0.24827404862054495,0.08425712592680668
Replica,,RV_Q_RANDOM_s41_B200,FROZEN_N0,RELEASED_DATASET_POOL,0.28987946379890844,0.18954581010958935,0.08758678509389199,51,0.29354043558932696,0.24249357408851793,0.08758678509389199
Replica,,RV_Q_RANDOM_s41_B200,OFFICIAL_CURRENT_CLASS,RELEASED_DATASET_POOL,0.29280786964517774,0.19193950022828862,0.08827088345708392,51,0.29354043558932696,0.24249357408851793,0.08827088345708392
Replica,,RV_B_RV_Q_RANDOM_s41_B200_RAW,FROZEN_N0,RELEASED_DATASET_POOL,0.34783495058258623,0.2028852771666955,0.09072556314652275,51,0.33634550581093453,0.2491151776445022,0.09072556314652275
Replica,,RV_B_RV_Q_RANDOM_s41_B200_RAW,OFFICIAL_CURRENT_CLASS,RELEASED_DATASET_POOL,0.3469908287307775,0.2028199956960579,0.09021878818244279,51,0.33634550581093453,0.2491151776445022,0.09021878818244279
Replica,,RV_B_RV_Q_RANDOM_s41_B200_CAL,FROZEN_N0,RELEASED_DATASET_POOL,0.35228635708588735,0.20613587860236016,0.09104968787508894,51,0.33278787548898486,0.24828702417543744,0.09104968787508894
Replica,,RV_B_RV_Q_RANDOM_s41_B200_CAL,OFFICIAL_CURRENT_CLASS,RELEASED_DATASET_POOL,0.35123877116705376,0.20536546663357014,0.08971661006465084,51,0.33278787548898486,0.24828702417543744,0.08971661006465084
Replica,,Q_GAIN_B200,FROZEN_N0,SCENE_MACRO,0.3395900017964774,0.23118017919585604,0.1122690170867544,,0.32431253561704665,0.27550966527250154,0.1122690170867544
Replica,,Q_GAIN_B200,OFFICIAL_CURRENT_CLASS,SCENE_MACRO,0.33717381091194776,0.23180674561189618,0.11278079407374991,,0.32431253561704665,0.27550966527250154,0.11278079407374991
Replica,,RV_B_Q_GAIN_B200_RAW,FROZEN_N0,SCENE_MACRO,0.37103017671486416,0.24098183356384956,0.11980098291966165,,0.36715386043804066,0.3110935015537157,0.11980098291966165
Replica,,RV_B_Q_GAIN_B200_RAW,OFFICIAL_CURRENT_CLASS,SCENE_MACRO,0.37103017671486416,0.2404980874338186,0.11911144872239357,,0.36715386043804066,0.3110935015537157,0.11911144872239357
Replica,,RV_B_Q_GAIN_B200_CAL,FROZEN_N0,SCENE_MACRO,0.3851030660085415,0.25357807450587855,0.12426392072159402,,0.3724954086807476,0.3142829721699948,0.12426392072159402
Replica,,RV_B_Q_GAIN_B200_CAL,OFFICIAL_CURRENT_CLASS,SCENE_MACRO,0.38554949457997006,0.25309432837584755,0.12357438652432594,,0.3724954086807476,0.3142829721699948,0.12357438652432594
Replica,,Q_COMBINE_B200,FROZEN_N0,SCENE_MACRO,0.27074419429078694,0.17485580760833885,0.08011584514685033,,0.2705055781957365,0.23019892682774223,0.08011584514685033
Replica,,Q_COMBINE_B200,OFFICIAL_CURRENT_CLASS,SCENE_MACRO,0.2710868477995589,0.17571929445044412,0.08170768564468975,,0.2705055781957365,0.23019892682774223,0.08170768564468975
Replica,,RV_B_Q_COMBINE_B200_RAW,FROZEN_N0,SCENE_MACRO,0.38117746324216795,0.23468204510346158,0.11492496060348933,,0.36066191494535405,0.294496131876061,0.11492496060348933
Replica,,RV_B_Q_COMBINE_B200_RAW,OFFICIAL_CURRENT_CLASS,SCENE_MACRO,0.38702541645854227,0.23867563815471718,0.11837269691048777,,0.36066191494535405,0.294496131876061,0.11837269691048777
Replica,,RV_B_Q_COMBINE_B200_CAL,FROZEN_N0,SCENE_MACRO,0.38586392622600757,0.24456064644149872,0.11875410114903344,,0.3637962943153331,0.29931690472108696,0.11875410114903344
Replica,,RV_B_Q_COMBINE_B200_CAL,OFFICIAL_CURRENT_CLASS,SCENE_MACRO,0.3914377566353643,0.2498974412471403,0.1226420934165476,,0.3637962943153331,0.29931690472108696,0.1226420934165476
Replica,,RV_Q_RANDOM_s17_B200,FROZEN_N0,SCENE_MACRO,0.3372479392004113,0.21291653852314918,0.10342647865382935,,0.3111094442163048,0.2684173306388077,0.10342647865382935
Replica,,RV_Q_RANDOM_s17_B200,OFFICIAL_CURRENT_CLASS,SCENE_MACRO,0.3369585873485595,0.2135958863492361,0.10382566248125077,,0.3111094442163048,0.2684173306388077,0.10382566248125077
Replica,,RV_B_RV_Q_RANDOM_s17_B200_RAW,FROZEN_N0,SCENE_MACRO,0.3754140237772398,0.23160139434105897,0.11301957948671036,,0.3534683506901828,0.2893260780103959,0.11301957948671036
Replica,,RV_B_RV_Q_RANDOM_s17_B200_RAW,OFFICIAL_CURRENT_CLASS,SCENE_MACRO,0.3771501348883509,0.23285375932213914,0.1138732551659855,,0.3534683506901828,0.2893260780103959,0.1138732551659855
Replica,,RV_B_RV_Q_RANDOM_s17_B200_CAL,FROZEN_N0,SCENE_MACRO,0.38399245514978886,0.23236732571360802,0.11187919277647071,,0.3502795486599298,0.2832527722252591,0.11187919277647071
Replica,,RV_B_RV_Q_RANDOM_s17_B200_CAL,OFFICIAL_CURRENT_CLASS,SCENE_MACRO,0.38572856626089996,0.23361969069468816,0.11273286845574584,,0.3502795486599298,0.2832527722252591,0.11273286845574584
Replica,,RV_Q_RANDOM_s23_B200,FROZEN_N0,SCENE_MACRO,0.3378187564951035,0.22793201700827573,0.10740913377861441,,0.31072030812347223,0.26698204803914904,0.10740913377861441
Replica,,RV_Q_RANDOM_s23_B200,OFFICIAL_CURRENT_CLASS,SCENE_MACRO,0.340076238435248,0.23071033228175353,0.10944928446794297,,0.31072030812347223,0.26698204803914904,0.10944928446794297
Replica,,RV_B_RV_Q_RANDOM_s23_B200_RAW,FROZEN_N0,SCENE_MACRO,0.3840579824370254,0.24546488071577668,0.11901911947348226,,0.360186943521906,0.2981028797698349,0.11901911947348226
Replica,,RV_B_RV_Q_RANDOM_s23_B200_RAW,OFFICIAL_CURRENT_CLASS,SCENE_MACRO,0.3857027192791307,0.24662587142785097,0.11979157358030773,,0.360186943521906,0.2981028797698349,0.11979157358030773
Replica,,RV_B_RV_Q_RANDOM_s23_B200_CAL,FROZEN_N0,SCENE_MACRO,0.3910445910821997,0.2513871777667481,0.12092984828298693,,0.3634444140471797,0.3041027713915131,0.12092984828298693
Replica,,RV_B_RV_Q_RANDOM_s23_B200_CAL,OFFICIAL_CURRENT_CLASS,SCENE_MACRO,0.3910445910821997,0.2514242649700505,0.1204616525267414,,0.3634444140471797,0.3041027713915131,0.1204616525267414
Replica,,RV_Q_RANDOM_s41_B200,FROZEN_N0,SCENE_MACRO,0.32544308607087025,0.22499857467123102,0.10972039080027414,,0.3018427136856513,0.25842179348582794,0.10972039080027414
Replica,,RV_Q_RANDOM_s41_B200,OFFICIAL_CURRENT_CLASS,SCENE_MACRO,0.32811643611264135,0.22864019073061023,0.11317163479227664,,0.3018427136856513,0.25842179348582794,0.11317163479227664
Replica,,RV_B_RV_Q_RANDOM_s41_B200_RAW,FROZEN_N0,SCENE_MACRO,0.3758445578329674,0.22962650076520758,0.11247191615968365,,0.35984169946611455,0.29217269005157387,0.11247191615968365
Replica,,RV_B_RV_Q_RANDOM_s41_B200_RAW,OFFICIAL_CURRENT_CLASS,SCENE_MACRO,0.3825050893701436,0.2349907078515509,0.11677273092851273,,0.35984169946611455,0.29217269005157387,0.11677273092851273
Replica,,RV_B_RV_Q_RANDOM_s41_B200_CAL,FROZEN_N0,SCENE_MACRO,0.3819516774542713,0.23703570371984484,0.11423450477636601,,0.3603393219853619,0.29261263081029576,0.11423450477636601
Replica,,RV_B_RV_Q_RANDOM_s41_B200_CAL,OFFICIAL_CURRENT_CLASS,SCENE_MACRO,0.387525507863628,0.24075517396408289,0.11707333124110153,,0.3603393219853619,0.29261263081029576,0.11707333124110153
