scene,sources,a_only_correct,b_only_correct,both_wrong,coerror_rate,denominator,error_correlation
office0,N0/Q_GAIN,0,0,7,0.5,14,1.0
office0,N0/S_SIGLIP2_AREA,2,2,5,0.35714285714285715,14,0.4285714285714286
office0,Q_GAIN/S_SIGLIP2_AREA,2,2,5,0.35714285714285715,14,0.4285714285714286
office1,N0/Q_GAIN,2,0,5,0.4166666666666667,12,0.7142857142857143
office1,N0/S_SIGLIP2_AREA,4,0,5,0.4166666666666667,12,0.4879500364742665
office1,Q_GAIN/S_SIGLIP2_AREA,2,0,7,0.5833333333333334,12,0.6831300510639734
office2,N0/Q_GAIN,0,2,9,0.42857142857142855,21,0.8257228238447704
office2,N0/S_SIGLIP2_AREA,1,1,10,0.47619047619047616,21,0.809090909090909
office2,Q_GAIN/S_SIGLIP2_AREA,3,1,8,0.38095238095238093,21,0.6330541649476572
office3,N0/Q_GAIN,1,1,11,0.5238095238095238,21,0.8055555555555556
office3,N0/S_SIGLIP2_AREA,4,2,10,0.47619047619047616,21,0.408248290463863
office3,Q_GAIN/S_SIGLIP2_AREA,3,1,11,0.5238095238095238,21,0.6123724356957946
office4,N0/Q_GAIN,0,0,6,0.5,12,1.0
office4,N0/S_SIGLIP2_AREA,1,1,5,0.4166666666666667,12,0.6666666666666667
office4,Q_GAIN/S_SIGLIP2_AREA,1,1,5,0.4166666666666667,12,0.6666666666666667
room0,N0/Q_GAIN,2,2,16,0.47058823529411764,34,0.7638888888888887
room0,N0/S_SIGLIP2_AREA,4,2,16,0.47058823529411764,34,0.6479515952918631
room0,Q_GAIN/S_SIGLIP2_AREA,6,4,14,0.4117647058823529,34,0.40849122311878305
room1,N0/Q_GAIN,1,1,12,0.5714285714285714,21,0.798076923076923
room1,N0/S_SIGLIP2_AREA,1,3,10,0.47619047619047616,21,0.6264144833056664
room1,Q_GAIN/S_SIGLIP2_AREA,1,3,10,0.47619047619047616,21,0.6264144833056664
room2,N0/Q_GAIN,1,1,12,0.5454545454545454,22,0.8119658119658121
room2,N0/S_SIGLIP2_AREA,3,3,10,0.45454545454545453,22,0.435897435897436
room2,Q_GAIN/S_SIGLIP2_AREA,4,4,9,0.4090909090909091,22,0.24786324786324795
scene0056_00,N0/Q_GAIN,0,1,4,0.3076923076923077,13,0.8432740427115677
scene0056_00,N0/S_SIGLIP2_AREA,1,0,5,0.38461538461538464,13,0.8539125638299664
scene0056_00,Q_GAIN/S_SIGLIP2_AREA,2,0,4,0.3076923076923077,13,0.7200822998230956
scene0534_00,N0/Q_GAIN,0,0,5,0.5555555555555556,9,1.0
scene0534_00,N0/S_SIGLIP2_AREA,0,1,4,0.4444444444444444,9,0.7999999999999998
scene0534_00,Q_GAIN/S_SIGLIP2_AREA,0,1,4,0.4444444444444444,9,0.7999999999999998
