scene,available_sources,method,denominator,abstentions,correct,corrected,harmed
office0,0,CP_M2_EQUAL_CAL,0,0,0,0,0
office0,0,CP_M2_EQUAL_RAW,0,0,0,0,0
office0,0,N0,0,0,0,0,0
office0,0,Q_GAIN,0,0,0,0,0
office0,0,RV_A1_NQ,0,0,0,0,0
office0,0,RV_A2_NS2,0,0,0,0,0
office0,0,RV_A3_QS2,0,0,0,0,0
office0,0,RV_A4_HARD,0,0,0,0,0
office0,0,RV_A5_T001,0,0,0,0,0
office0,0,RV_A6_SHARED_T,0,0,0,0,0
office0,0,RV_A7_COS_FIXED,0,0,0,0,0
office0,0,RV_A7_COS_REFIT,0,0,0,0,0
office0,0,S_SIGLIP2_AREA,0,0,0,0,0
office0,1,CP_M2_EQUAL_CAL,0,0,0,0,0
office0,1,CP_M2_EQUAL_RAW,0,0,0,0,0
office0,1,N0,0,0,0,0,0
office0,1,Q_GAIN,0,0,0,0,0
office0,1,RV_A1_NQ,0,0,0,0,0
office0,1,RV_A2_NS2,0,0,0,0,0
office0,1,RV_A3_QS2,0,0,0,0,0
office0,1,RV_A4_HARD,0,0,0,0,0
office0,1,RV_A5_T001,0,0,0,0,0
office0,1,RV_A6_SHARED_T,0,0,0,0,0
office0,1,RV_A7_COS_FIXED,0,0,0,0,0
office0,1,RV_A7_COS_REFIT,0,0,0,0,0
office0,1,S_SIGLIP2_AREA,0,0,0,0,0
office0,2,CP_M2_EQUAL_CAL,0,0,0,0,0
office0,2,CP_M2_EQUAL_RAW,0,0,0,0,0
office0,2,N0,0,0,0,0,0
office0,2,Q_GAIN,0,0,0,0,0
office0,2,RV_A1_NQ,0,0,0,0,0
office0,2,RV_A2_NS2,0,0,0,0,0
office0,2,RV_A3_QS2,0,0,0,0,0
office0,2,RV_A4_HARD,0,0,0,0,0
office0,2,RV_A5_T001,0,0,0,0,0
office0,2,RV_A6_SHARED_T,0,0,0,0,0
office0,2,RV_A7_COS_FIXED,0,0,0,0,0
office0,2,RV_A7_COS_REFIT,0,0,0,0,0
office0,2,S_SIGLIP2_AREA,0,0,0,0,0
office0,3,CP_M2_EQUAL_CAL,14,0,7,0,0
office0,3,CP_M2_EQUAL_RAW,14,0,7,0,0
office0,3,N0,14,0,7,0,0
office0,3,Q_GAIN,14,0,7,0,0
office0,3,RV_A1_NQ,14,0,7,0,0
office0,3,RV_A2_NS2,14,0,8,2,1
office0,3,RV_A3_QS2,14,0,7,0,0
office0,3,RV_A4_HARD,14,0,7,0,0
office0,3,RV_A5_T001,14,0,7,0,0
office0,3,RV_A6_SHARED_T,14,0,7,0,0
office0,3,RV_A7_COS_FIXED,14,0,7,0,0
office0,3,RV_A7_COS_REFIT,14,0,7,0,0
office0,3,S_SIGLIP2_AREA,14,0,7,2,2
office1,0,CP_M2_EQUAL_CAL,0,0,0,0,0
office1,0,CP_M2_EQUAL_RAW,0,0,0,0,0
office1,0,N0,0,0,0,0,0
office1,0,Q_GAIN,0,0,0,0,0
office1,0,RV_A1_NQ,0,0,0,0,0
office1,0,RV_A2_NS2,0,0,0,0,0
office1,0,RV_A3_QS2,0,0,0,0,0
office1,0,RV_A4_HARD,0,0,0,0,0
office1,0,RV_A5_T001,0,0,0,0,0
office1,0,RV_A6_SHARED_T,0,0,0,0,0
office1,0,RV_A7_COS_FIXED,0,0,0,0,0
office1,0,RV_A7_COS_REFIT,0,0,0,0,0
office1,0,S_SIGLIP2_AREA,0,0,0,0,0
office1,1,CP_M2_EQUAL_CAL,0,0,0,0,0
office1,1,CP_M2_EQUAL_RAW,0,0,0,0,0
office1,1,N0,0,0,0,0,0
office1,1,Q_GAIN,0,0,0,0,0
office1,1,RV_A1_NQ,0,0,0,0,0
office1,1,RV_A2_NS2,0,0,0,0,0
office1,1,RV_A3_QS2,0,0,0,0,0
office1,1,RV_A4_HARD,0,0,0,0,0
office1,1,RV_A5_T001,0,0,0,0,0
office1,1,RV_A6_SHARED_T,0,0,0,0,0
office1,1,RV_A7_COS_FIXED,0,0,0,0,0
office1,1,RV_A7_COS_REFIT,0,0,0,0,0
office1,1,S_SIGLIP2_AREA,0,0,0,0,0
office1,2,CP_M2_EQUAL_CAL,1,0,1,1,0
office1,2,CP_M2_EQUAL_RAW,1,0,1,1,0
office1,2,N0,1,0,0,0,0
office1,2,Q_GAIN,1,0,1,1,0
office1,2,RV_A1_NQ,1,0,1,1,0
office1,2,RV_A2_NS2,1,0,0,0,0
office1,2,RV_A3_QS2,1,0,1,1,0
office1,2,RV_A4_HARD,1,0,0,0,0
office1,2,RV_A5_T001,1,0,1,1,0
office1,2,RV_A6_SHARED_T,1,0,1,1,0
office1,2,RV_A7_COS_FIXED,1,0,1,1,0
office1,2,RV_A7_COS_REFIT,1,0,1,1,0
office1,2,S_SIGLIP2_AREA,1,0,0,0,0
office1,3,CP_M2_EQUAL_CAL,12,0,5,0,2
office1,3,CP_M2_EQUAL_RAW,12,0,5,0,2
office1,3,N0,12,0,7,0,0
office1,3,Q_GAIN,12,0,5,0,2
office1,3,RV_A1_NQ,12,0,5,0,2
office1,3,RV_A2_NS2,12,0,4,0,3
office1,3,RV_A3_QS2,12,0,5,0,2
office1,3,RV_A4_HARD,12,0,5,0,2
office1,3,RV_A5_T001,12,0,5,0,2
office1,3,RV_A6_SHARED_T,12,0,5,0,2
office1,3,RV_A7_COS_FIXED,12,0,5,0,2
office1,3,RV_A7_COS_REFIT,12,0,5,0,2
office1,3,S_SIGLIP2_AREA,12,0,3,0,4
office2,0,CP_M2_EQUAL_CAL,0,0,0,0,0
office2,0,CP_M2_EQUAL_RAW,0,0,0,0,0
office2,0,N0,0,0,0,0,0
office2,0,Q_GAIN,0,0,0,0,0
office2,0,RV_A1_NQ,0,0,0,0,0
office2,0,RV_A2_NS2,0,0,0,0,0
office2,0,RV_A3_QS2,0,0,0,0,0
office2,0,RV_A4_HARD,0,0,0,0,0
office2,0,RV_A5_T001,0,0,0,0,0
office2,0,RV_A6_SHARED_T,0,0,0,0,0
office2,0,RV_A7_COS_FIXED,0,0,0,0,0
office2,0,RV_A7_COS_REFIT,0,0,0,0,0
office2,0,S_SIGLIP2_AREA,0,0,0,0,0
office2,1,CP_M2_EQUAL_CAL,0,0,0,0,0
office2,1,CP_M2_EQUAL_RAW,0,0,0,0,0
office2,1,N0,0,0,0,0,0
office2,1,Q_GAIN,0,0,0,0,0
office2,1,RV_A1_NQ,0,0,0,0,0
office2,1,RV_A2_NS2,0,0,0,0,0
office2,1,RV_A3_QS2,0,0,0,0,0
office2,1,RV_A4_HARD,0,0,0,0,0
office2,1,RV_A5_T001,0,0,0,0,0
office2,1,RV_A6_SHARED_T,0,0,0,0,0
office2,1,RV_A7_COS_FIXED,0,0,0,0,0
office2,1,RV_A7_COS_REFIT,0,0,0,0,0
office2,1,S_SIGLIP2_AREA,0,0,0,0,0
office2,2,CP_M2_EQUAL_CAL,0,0,0,0,0
office2,2,CP_M2_EQUAL_RAW,0,0,0,0,0
office2,2,N0,0,0,0,0,0
office2,2,Q_GAIN,0,0,0,0,0
office2,2,RV_A1_NQ,0,0,0,0,0
office2,2,RV_A2_NS2,0,0,0,0,0
office2,2,RV_A3_QS2,0,0,0,0,0
office2,2,RV_A4_HARD,0,0,0,0,0
office2,2,RV_A5_T001,0,0,0,0,0
office2,2,RV_A6_SHARED_T,0,0,0,0,0
office2,2,RV_A7_COS_FIXED,0,0,0,0,0
office2,2,RV_A7_COS_REFIT,0,0,0,0,0
office2,2,S_SIGLIP2_AREA,0,0,0,0,0
office2,3,CP_M2_EQUAL_CAL,21,0,10,0,0
office2,3,CP_M2_EQUAL_RAW,21,0,10,0,0
office2,3,N0,21,0,10,0,0
office2,3,Q_GAIN,21,0,12,2,0
office2,3,RV_A1_NQ,21,0,12,2,0
office2,3,RV_A2_NS2,21,0,10,1,1
office2,3,RV_A3_QS2,21,0,10,0,0
office2,3,RV_A4_HARD,21,0,10,0,0
office2,3,RV_A5_T001,21,0,10,0,0
office2,3,RV_A6_SHARED_T,21,0,10,0,0
office2,3,RV_A7_COS_FIXED,21,0,10,0,0
office2,3,RV_A7_COS_REFIT,21,0,10,0,0
office2,3,S_SIGLIP2_AREA,21,0,10,1,1
office3,0,CP_M2_EQUAL_CAL,0,0,0,0,0
office3,0,CP_M2_EQUAL_RAW,0,0,0,0,0
office3,0,N0,0,0,0,0,0
office3,0,Q_GAIN,0,0,0,0,0
office3,0,RV_A1_NQ,0,0,0,0,0
office3,0,RV_A2_NS2,0,0,0,0,0
office3,0,RV_A3_QS2,0,0,0,0,0
office3,0,RV_A4_HARD,0,0,0,0,0
office3,0,RV_A5_T001,0,0,0,0,0
office3,0,RV_A6_SHARED_T,0,0,0,0,0
office3,0,RV_A7_COS_FIXED,0,0,0,0,0
office3,0,RV_A7_COS_REFIT,0,0,0,0,0
office3,0,S_SIGLIP2_AREA,0,0,0,0,0
office3,1,CP_M2_EQUAL_CAL,0,0,0,0,0
office3,1,CP_M2_EQUAL_RAW,0,0,0,0,0
office3,1,N0,0,0,0,0,0
office3,1,Q_GAIN,0,0,0,0,0
office3,1,RV_A1_NQ,0,0,0,0,0
office3,1,RV_A2_NS2,0,0,0,0,0
office3,1,RV_A3_QS2,0,0,0,0,0
office3,1,RV_A4_HARD,0,0,0,0,0
office3,1,RV_A5_T001,0,0,0,0,0
office3,1,RV_A6_SHARED_T,0,0,0,0,0
office3,1,RV_A7_COS_FIXED,0,0,0,0,0
office3,1,RV_A7_COS_REFIT,0,0,0,0,0
office3,1,S_SIGLIP2_AREA,0,0,0,0,0
office3,2,CP_M2_EQUAL_CAL,1,0,0,0,0
office3,2,CP_M2_EQUAL_RAW,1,0,0,0,0
office3,2,N0,1,0,0,0,0
office3,2,Q_GAIN,1,0,0,0,0
office3,2,RV_A1_NQ,1,0,0,0,0
office3,2,RV_A2_NS2,1,0,0,0,0
office3,2,RV_A3_QS2,1,0,0,0,0
office3,2,RV_A4_HARD,1,0,0,0,0
office3,2,RV_A5_T001,1,0,0,0,0
office3,2,RV_A6_SHARED_T,1,0,0,0,0
office3,2,RV_A7_COS_FIXED,1,0,0,0,0
office3,2,RV_A7_COS_REFIT,1,0,0,0,0
office3,2,S_SIGLIP2_AREA,1,0,0,0,0
office3,3,CP_M2_EQUAL_CAL,21,0,10,2,1
office3,3,CP_M2_EQUAL_RAW,21,0,9,2,2
office3,3,N0,21,0,9,0,0
office3,3,Q_GAIN,21,0,9,1,1
office3,3,RV_A1_NQ,21,0,9,1,1
office3,3,RV_A2_NS2,21,0,7,2,4
office3,3,RV_A3_QS2,21,0,10,2,1
office3,3,RV_A4_HARD,21,0,10,1,0
office3,3,RV_A5_T001,21,0,10,2,1
office3,3,RV_A6_SHARED_T,21,0,10,2,1
office3,3,RV_A7_COS_FIXED,21,0,10,2,1
office3,3,RV_A7_COS_REFIT,21,0,10,2,1
office3,3,S_SIGLIP2_AREA,21,0,7,2,4
office4,0,CP_M2_EQUAL_CAL,0,0,0,0,0
office4,0,CP_M2_EQUAL_RAW,0,0,0,0,0
office4,0,N0,0,0,0,0,0
office4,0,Q_GAIN,0,0,0,0,0
office4,0,RV_A1_NQ,0,0,0,0,0
office4,0,RV_A2_NS2,0,0,0,0,0
office4,0,RV_A3_QS2,0,0,0,0,0
office4,0,RV_A4_HARD,0,0,0,0,0
office4,0,RV_A5_T001,0,0,0,0,0
office4,0,RV_A6_SHARED_T,0,0,0,0,0
office4,0,RV_A7_COS_FIXED,0,0,0,0,0
office4,0,RV_A7_COS_REFIT,0,0,0,0,0
office4,0,S_SIGLIP2_AREA,0,0,0,0,0
office4,1,CP_M2_EQUAL_CAL,0,0,0,0,0
office4,1,CP_M2_EQUAL_RAW,0,0,0,0,0
office4,1,N0,0,0,0,0,0
office4,1,Q_GAIN,0,0,0,0,0
office4,1,RV_A1_NQ,0,0,0,0,0
office4,1,RV_A2_NS2,0,0,0,0,0
office4,1,RV_A3_QS2,0,0,0,0,0
office4,1,RV_A4_HARD,0,0,0,0,0
office4,1,RV_A5_T001,0,0,0,0,0
office4,1,RV_A6_SHARED_T,0,0,0,0,0
office4,1,RV_A7_COS_FIXED,0,0,0,0,0
office4,1,RV_A7_COS_REFIT,0,0,0,0,0
office4,1,S_SIGLIP2_AREA,0,0,0,0,0
office4,2,CP_M2_EQUAL_CAL,1,0,1,0,0
office4,2,CP_M2_EQUAL_RAW,1,0,1,0,0
office4,2,N0,1,0,1,0,0
office4,2,Q_GAIN,1,0,1,0,0
office4,2,RV_A1_NQ,1,0,1,0,0
office4,2,RV_A2_NS2,1,0,1,0,0
office4,2,RV_A3_QS2,1,0,1,0,0
office4,2,RV_A4_HARD,1,0,1,0,0
office4,2,RV_A5_T001,1,0,1,0,0
office4,2,RV_A6_SHARED_T,1,0,1,0,0
office4,2,RV_A7_COS_FIXED,1,0,1,0,0
office4,2,RV_A7_COS_REFIT,1,0,1,0,0
office4,2,S_SIGLIP2_AREA,1,0,1,0,0
office4,3,CP_M2_EQUAL_CAL,12,0,7,1,0
office4,3,CP_M2_EQUAL_RAW,12,0,7,1,0
office4,3,N0,12,0,6,0,0
office4,3,Q_GAIN,12,0,6,0,0
office4,3,RV_A1_NQ,12,0,6,0,0
office4,3,RV_A2_NS2,12,0,7,1,0
office4,3,RV_A3_QS2,12,0,7,1,0
office4,3,RV_A4_HARD,12,0,6,0,0
office4,3,RV_A5_T001,12,0,7,1,0
office4,3,RV_A6_SHARED_T,12,0,7,1,0
office4,3,RV_A7_COS_FIXED,12,0,7,1,0
office4,3,RV_A7_COS_REFIT,12,0,7,1,0
office4,3,S_SIGLIP2_AREA,12,0,6,1,1
room0,0,CP_M2_EQUAL_CAL,0,0,0,0,0
room0,0,CP_M2_EQUAL_RAW,0,0,0,0,0
room0,0,N0,0,0,0,0,0
room0,0,Q_GAIN,0,0,0,0,0
room0,0,RV_A1_NQ,0,0,0,0,0
room0,0,RV_A2_NS2,0,0,0,0,0
room0,0,RV_A3_QS2,0,0,0,0,0
room0,0,RV_A4_HARD,0,0,0,0,0
room0,0,RV_A5_T001,0,0,0,0,0
room0,0,RV_A6_SHARED_T,0,0,0,0,0
room0,0,RV_A7_COS_FIXED,0,0,0,0,0
room0,0,RV_A7_COS_REFIT,0,0,0,0,0
room0,0,S_SIGLIP2_AREA,0,0,0,0,0
room0,1,CP_M2_EQUAL_CAL,0,0,0,0,0
room0,1,CP_M2_EQUAL_RAW,0,0,0,0,0
room0,1,N0,0,0,0,0,0
room0,1,Q_GAIN,0,0,0,0,0
room0,1,RV_A1_NQ,0,0,0,0,0
room0,1,RV_A2_NS2,0,0,0,0,0
room0,1,RV_A3_QS2,0,0,0,0,0
room0,1,RV_A4_HARD,0,0,0,0,0
room0,1,RV_A5_T001,0,0,0,0,0
room0,1,RV_A6_SHARED_T,0,0,0,0,0
room0,1,RV_A7_COS_FIXED,0,0,0,0,0
room0,1,RV_A7_COS_REFIT,0,0,0,0,0
room0,1,S_SIGLIP2_AREA,0,0,0,0,0
room0,2,CP_M2_EQUAL_CAL,1,0,1,0,0
room0,2,CP_M2_EQUAL_RAW,1,0,1,0,0
room0,2,N0,1,0,1,0,0
room0,2,Q_GAIN,1,0,1,0,0
room0,2,RV_A1_NQ,1,0,1,0,0
room0,2,RV_A2_NS2,1,0,1,0,0
room0,2,RV_A3_QS2,1,0,1,0,0
room0,2,RV_A4_HARD,1,0,1,0,0
room0,2,RV_A5_T001,1,0,1,0,0
room0,2,RV_A6_SHARED_T,1,0,1,0,0
room0,2,RV_A7_COS_FIXED,1,0,1,0,0
room0,2,RV_A7_COS_REFIT,1,0,1,0,0
room0,2,S_SIGLIP2_AREA,1,0,1,0,0
room0,3,CP_M2_EQUAL_CAL,34,0,18,3,1
room0,3,CP_M2_EQUAL_RAW,34,0,17,3,2
room0,3,N0,34,0,16,0,0
room0,3,Q_GAIN,34,0,16,2,2
room0,3,RV_A1_NQ,34,0,16,2,2
room0,3,RV_A2_NS2,34,0,15,2,3
room0,3,RV_A3_QS2,34,0,18,3,1
room0,3,RV_A4_HARD,34,0,16,0,0
room0,3,RV_A5_T001,34,0,18,3,1
room0,3,RV_A6_SHARED_T,34,0,18,3,1
room0,3,RV_A7_COS_FIXED,34,0,18,2,0
room0,3,RV_A7_COS_REFIT,34,0,19,3,0
room0,3,S_SIGLIP2_AREA,34,0,14,2,4
room1,0,CP_M2_EQUAL_CAL,0,0,0,0,0
room1,0,CP_M2_EQUAL_RAW,0,0,0,0,0
room1,0,N0,0,0,0,0,0
room1,0,Q_GAIN,0,0,0,0,0
room1,0,RV_A1_NQ,0,0,0,0,0
room1,0,RV_A2_NS2,0,0,0,0,0
room1,0,RV_A3_QS2,0,0,0,0,0
room1,0,RV_A4_HARD,0,0,0,0,0
room1,0,RV_A5_T001,0,0,0,0,0
room1,0,RV_A6_SHARED_T,0,0,0,0,0
room1,0,RV_A7_COS_FIXED,0,0,0,0,0
room1,0,RV_A7_COS_REFIT,0,0,0,0,0
room1,0,S_SIGLIP2_AREA,0,0,0,0,0
room1,1,CP_M2_EQUAL_CAL,0,0,0,0,0
room1,1,CP_M2_EQUAL_RAW,0,0,0,0,0
room1,1,N0,0,0,0,0,0
room1,1,Q_GAIN,0,0,0,0,0
room1,1,RV_A1_NQ,0,0,0,0,0
room1,1,RV_A2_NS2,0,0,0,0,0
room1,1,RV_A3_QS2,0,0,0,0,0
room1,1,RV_A4_HARD,0,0,0,0,0
room1,1,RV_A5_T001,0,0,0,0,0
room1,1,RV_A6_SHARED_T,0,0,0,0,0
room1,1,RV_A7_COS_FIXED,0,0,0,0,0
room1,1,RV_A7_COS_REFIT,0,0,0,0,0
room1,1,S_SIGLIP2_AREA,0,0,0,0,0
room1,2,CP_M2_EQUAL_CAL,0,0,0,0,0
room1,2,CP_M2_EQUAL_RAW,0,0,0,0,0
room1,2,N0,0,0,0,0,0
room1,2,Q_GAIN,0,0,0,0,0
room1,2,RV_A1_NQ,0,0,0,0,0
room1,2,RV_A2_NS2,0,0,0,0,0
room1,2,RV_A3_QS2,0,0,0,0,0
room1,2,RV_A4_HARD,0,0,0,0,0
room1,2,RV_A5_T001,0,0,0,0,0
room1,2,RV_A6_SHARED_T,0,0,0,0,0
room1,2,RV_A7_COS_FIXED,0,0,0,0,0
room1,2,RV_A7_COS_REFIT,0,0,0,0,0
room1,2,S_SIGLIP2_AREA,0,0,0,0,0
room1,3,CP_M2_EQUAL_CAL,21,0,9,2,1
room1,3,CP_M2_EQUAL_RAW,21,0,9,2,1
room1,3,N0,21,0,8,0,0
room1,3,Q_GAIN,21,0,8,1,1
room1,3,RV_A1_NQ,21,0,8,1,1
room1,3,RV_A2_NS2,21,0,9,2,1
room1,3,RV_A3_QS2,21,0,9,2,1
room1,3,RV_A4_HARD,21,0,7,0,1
room1,3,RV_A5_T001,21,0,9,2,1
room1,3,RV_A6_SHARED_T,21,0,9,2,1
room1,3,RV_A7_COS_FIXED,21,0,8,1,1
room1,3,RV_A7_COS_REFIT,21,0,8,1,1
room1,3,S_SIGLIP2_AREA,21,0,10,3,1
room2,0,CP_M2_EQUAL_CAL,0,0,0,0,0
room2,0,CP_M2_EQUAL_RAW,0,0,0,0,0
room2,0,N0,0,0,0,0,0
room2,0,Q_GAIN,0,0,0,0,0
room2,0,RV_A1_NQ,0,0,0,0,0
room2,0,RV_A2_NS2,0,0,0,0,0
room2,0,RV_A3_QS2,0,0,0,0,0
room2,0,RV_A4_HARD,0,0,0,0,0
room2,0,RV_A5_T001,0,0,0,0,0
room2,0,RV_A6_SHARED_T,0,0,0,0,0
room2,0,RV_A7_COS_FIXED,0,0,0,0,0
room2,0,RV_A7_COS_REFIT,0,0,0,0,0
room2,0,S_SIGLIP2_AREA,0,0,0,0,0
room2,1,CP_M2_EQUAL_CAL,0,0,0,0,0
room2,1,CP_M2_EQUAL_RAW,0,0,0,0,0
room2,1,N0,0,0,0,0,0
room2,1,Q_GAIN,0,0,0,0,0
room2,1,RV_A1_NQ,0,0,0,0,0
room2,1,RV_A2_NS2,0,0,0,0,0
room2,1,RV_A3_QS2,0,0,0,0,0
room2,1,RV_A4_HARD,0,0,0,0,0
room2,1,RV_A5_T001,0,0,0,0,0
room2,1,RV_A6_SHARED_T,0,0,0,0,0
room2,1,RV_A7_COS_FIXED,0,0,0,0,0
room2,1,RV_A7_COS_REFIT,0,0,0,0,0
room2,1,S_SIGLIP2_AREA,0,0,0,0,0
room2,2,CP_M2_EQUAL_CAL,0,0,0,0,0
room2,2,CP_M2_EQUAL_RAW,0,0,0,0,0
room2,2,N0,0,0,0,0,0
room2,2,Q_GAIN,0,0,0,0,0
room2,2,RV_A1_NQ,0,0,0,0,0
room2,2,RV_A2_NS2,0,0,0,0,0
room2,2,RV_A3_QS2,0,0,0,0,0
room2,2,RV_A4_HARD,0,0,0,0,0
room2,2,RV_A5_T001,0,0,0,0,0
room2,2,RV_A6_SHARED_T,0,0,0,0,0
room2,2,RV_A7_COS_FIXED,0,0,0,0,0
room2,2,RV_A7_COS_REFIT,0,0,0,0,0
room2,2,S_SIGLIP2_AREA,0,0,0,0,0
room2,3,CP_M2_EQUAL_CAL,22,0,13,4,0
room2,3,CP_M2_EQUAL_RAW,22,0,12,3,0
room2,3,N0,22,0,9,0,0
room2,3,Q_GAIN,22,0,9,1,1
room2,3,RV_A1_NQ,22,0,10,1,0
room2,3,RV_A2_NS2,22,0,9,3,3
room2,3,RV_A3_QS2,22,0,12,4,1
room2,3,RV_A4_HARD,22,0,9,0,0
room2,3,RV_A5_T001,22,0,12,4,1
room2,3,RV_A6_SHARED_T,22,0,12,4,1
room2,3,RV_A7_COS_FIXED,22,0,13,4,0
room2,3,RV_A7_COS_REFIT,22,0,13,4,0
room2,3,S_SIGLIP2_AREA,22,0,9,3,3
scene0056_00,0,CP_M2_EQUAL_CAL,0,0,0,0,0
scene0056_00,0,CP_M2_EQUAL_RAW,0,0,0,0,0
scene0056_00,0,N0,0,0,0,0,0
scene0056_00,0,Q_GAIN,0,0,0,0,0
scene0056_00,0,RV_A1_NQ,0,0,0,0,0
scene0056_00,0,RV_A2_NS2,0,0,0,0,0
scene0056_00,0,RV_A3_QS2,0,0,0,0,0
scene0056_00,0,RV_A4_HARD,0,0,0,0,0
scene0056_00,0,RV_A5_T001,0,0,0,0,0
scene0056_00,0,RV_A6_SHARED_T,0,0,0,0,0
scene0056_00,0,RV_A7_COS_FIXED,0,0,0,0,0
scene0056_00,0,RV_A7_COS_REFIT,0,0,0,0,0
scene0056_00,0,S_SIGLIP2_AREA,0,0,0,0,0
scene0056_00,1,CP_M2_EQUAL_CAL,0,0,0,0,0
scene0056_00,1,CP_M2_EQUAL_RAW,0,0,0,0,0
scene0056_00,1,N0,0,0,0,0,0
scene0056_00,1,Q_GAIN,0,0,0,0,0
scene0056_00,1,RV_A1_NQ,0,0,0,0,0
scene0056_00,1,RV_A2_NS2,0,0,0,0,0
scene0056_00,1,RV_A3_QS2,0,0,0,0,0
scene0056_00,1,RV_A4_HARD,0,0,0,0,0
scene0056_00,1,RV_A5_T001,0,0,0,0,0
scene0056_00,1,RV_A6_SHARED_T,0,0,0,0,0
scene0056_00,1,RV_A7_COS_FIXED,0,0,0,0,0
scene0056_00,1,RV_A7_COS_REFIT,0,0,0,0,0
scene0056_00,1,S_SIGLIP2_AREA,0,0,0,0,0
scene0056_00,2,CP_M2_EQUAL_CAL,0,0,0,0,0
scene0056_00,2,CP_M2_EQUAL_RAW,0,0,0,0,0
scene0056_00,2,N0,0,0,0,0,0
scene0056_00,2,Q_GAIN,0,0,0,0,0
scene0056_00,2,RV_A1_NQ,0,0,0,0,0
scene0056_00,2,RV_A2_NS2,0,0,0,0,0
scene0056_00,2,RV_A3_QS2,0,0,0,0,0
scene0056_00,2,RV_A4_HARD,0,0,0,0,0
scene0056_00,2,RV_A5_T001,0,0,0,0,0
scene0056_00,2,RV_A6_SHARED_T,0,0,0,0,0
scene0056_00,2,RV_A7_COS_FIXED,0,0,0,0,0
scene0056_00,2,RV_A7_COS_REFIT,0,0,0,0,0
scene0056_00,2,S_SIGLIP2_AREA,0,0,0,0,0
scene0056_00,3,CP_M2_EQUAL_CAL,13,0,9,1,0
scene0056_00,3,CP_M2_EQUAL_RAW,13,0,9,1,0
scene0056_00,3,N0,13,0,8,0,0
scene0056_00,3,Q_GAIN,13,0,9,1,0
scene0056_00,3,RV_A1_NQ,13,0,9,1,0
scene0056_00,3,RV_A2_NS2,13,0,7,0,1
scene0056_00,3,RV_A3_QS2,13,0,9,1,0
scene0056_00,3,RV_A4_HARD,13,0,8,0,0
scene0056_00,3,RV_A5_T001,13,0,9,1,0
scene0056_00,3,RV_A6_SHARED_T,13,0,9,1,0
scene0056_00,3,RV_A7_COS_FIXED,13,0,9,1,0
scene0056_00,3,RV_A7_COS_REFIT,13,0,9,1,0
scene0056_00,3,S_SIGLIP2_AREA,13,0,7,0,1
scene0534_00,0,CP_M2_EQUAL_CAL,0,0,0,0,0
scene0534_00,0,CP_M2_EQUAL_RAW,0,0,0,0,0
scene0534_00,0,N0,0,0,0,0,0
scene0534_00,0,Q_GAIN,0,0,0,0,0
scene0534_00,0,RV_A1_NQ,0,0,0,0,0
scene0534_00,0,RV_A2_NS2,0,0,0,0,0
scene0534_00,0,RV_A3_QS2,0,0,0,0,0
scene0534_00,0,RV_A4_HARD,0,0,0,0,0
scene0534_00,0,RV_A5_T001,0,0,0,0,0
scene0534_00,0,RV_A6_SHARED_T,0,0,0,0,0
scene0534_00,0,RV_A7_COS_FIXED,0,0,0,0,0
scene0534_00,0,RV_A7_COS_REFIT,0,0,0,0,0
scene0534_00,0,S_SIGLIP2_AREA,0,0,0,0,0
scene0534_00,1,CP_M2_EQUAL_CAL,0,0,0,0,0
scene0534_00,1,CP_M2_EQUAL_RAW,0,0,0,0,0
scene0534_00,1,N0,0,0,0,0,0
scene0534_00,1,Q_GAIN,0,0,0,0,0
scene0534_00,1,RV_A1_NQ,0,0,0,0,0
scene0534_00,1,RV_A2_NS2,0,0,0,0,0
scene0534_00,1,RV_A3_QS2,0,0,0,0,0
scene0534_00,1,RV_A4_HARD,0,0,0,0,0
scene0534_00,1,RV_A5_T001,0,0,0,0,0
scene0534_00,1,RV_A6_SHARED_T,0,0,0,0,0
scene0534_00,1,RV_A7_COS_FIXED,0,0,0,0,0
scene0534_00,1,RV_A7_COS_REFIT,0,0,0,0,0
scene0534_00,1,S_SIGLIP2_AREA,0,0,0,0,0
scene0534_00,2,CP_M2_EQUAL_CAL,0,0,0,0,0
scene0534_00,2,CP_M2_EQUAL_RAW,0,0,0,0,0
scene0534_00,2,N0,0,0,0,0,0
scene0534_00,2,Q_GAIN,0,0,0,0,0
scene0534_00,2,RV_A1_NQ,0,0,0,0,0
scene0534_00,2,RV_A2_NS2,0,0,0,0,0
scene0534_00,2,RV_A3_QS2,0,0,0,0,0
scene0534_00,2,RV_A4_HARD,0,0,0,0,0
scene0534_00,2,RV_A5_T001,0,0,0,0,0
scene0534_00,2,RV_A6_SHARED_T,0,0,0,0,0
scene0534_00,2,RV_A7_COS_FIXED,0,0,0,0,0
scene0534_00,2,RV_A7_COS_REFIT,0,0,0,0,0
scene0534_00,2,S_SIGLIP2_AREA,0,0,0,0,0
scene0534_00,3,CP_M2_EQUAL_CAL,9,0,5,1,0
scene0534_00,3,CP_M2_EQUAL_RAW,9,0,5,1,0
scene0534_00,3,N0,9,0,4,0,0
scene0534_00,3,Q_GAIN,9,0,4,0,0
scene0534_00,3,RV_A1_NQ,9,0,4,0,0
scene0534_00,3,RV_A2_NS2,9,0,5,1,0
scene0534_00,3,RV_A3_QS2,9,0,5,1,0
scene0534_00,3,RV_A4_HARD,9,0,4,0,0
scene0534_00,3,RV_A5_T001,9,0,5,1,0
scene0534_00,3,RV_A6_SHARED_T,9,0,5,1,0
scene0534_00,3,RV_A7_COS_FIXED,9,0,4,0,0
scene0534_00,3,RV_A7_COS_REFIT,9,0,4,0,0
scene0534_00,3,S_SIGLIP2_AREA,9,0,5,1,0
