Pair,Cohort,ΔAPall,ΔAP50,ΔmIoU,Ops A/B,Geom50 +/−,Geom75 +/−,GT50 +/−,GT75 +/−,W→R,R→W
IR03−IR02,Replica,0.19,0.61,0.05,0/25,1/0,1/0,1/0,1/0,0,0
IR05−IR04,Replica,0.00,0.00,0.00,1/1,0/0,0/0,0/0,0/0,0,0
IR07−IR06,Replica,0.69,1.37,0.84,0/0,0/0,0/0,1/0,0/0,1,0
IR08−IR05,Replica,-1.75,-2.77,-1.99,1/1,0/0,0/0,0/3,0/1,0,3
IR08−IR07,Replica,0.00,0.00,0.00,1/0,0/0,0/0,0/0,0/0,0,0
IR03−IR02,CF18,-0.00,-0.01,-0.00,6/93,1/0,0/0,0/0,0/0,0,0
IR05−IR04,CF18,0.00,0.00,-0.00,1/6,0/0,0/0,0/0,0/0,0,0
IR07−IR06,CF18,-0.09,-0.30,-0.44,0/0,0/0,0/0,0/1,0/0,0,1
IR08−IR05,CF18,0.30,0.88,1.45,1/1,0/0,0/0,5/0,2/0,5,0
IR08−IR07,CF18,0.00,0.00,0.00,1/0,0/0,0/0,0/0,0/0,0,0
