scope,method,status,A_pct,M_pct,C_pct,CE_base160,NLL_full200,corrections,harm,net_corrections,original_objects
dev,FC8,HISTORICAL_PARENT_READ_ONLY,37.288510101010104,50.61237373737374,42.05808080808081,4.066619214157163,4.290697277146657,0,0,0,69
dev,seed17_LR05_MA_8,HISTORICAL_PARENT_READ_ONLY,25.738636363636363,40.89285714285714,28.099747474747478,4.091854990251137,4.32173840041564,17,50,-33,69
dev,seed17_LR06_MV_VIEW,HISTORICAL_PARENT_READ_ONLY,26.70138888888889,42.79761904761904,26.67929292929293,3.9942876758047623,4.225198350982232,19,38,-19,69
dev,seed17_LR07_MV_SURFACE,HISTORICAL_PARENT_READ_ONLY,30.081018518518515,44.047619047619044,30.98484848484848,3.9624561290247273,4.191682347655296,22,43,-21,69
dev,seed17_LR08_MV_AUX,HISTORICAL_PARENT_READ_ONLY,31.401515151515152,48.035714285714285,33.37752525252525,3.9546688472783122,4.186337644147752,21,38,-17,69
dev,seed17_WARMUP,HISTORICAL_PARENT_READ_ONLY,25.588173400673398,40.05952380952381,25.946969696969695,4.076288318152379,4.3077964042674015,20,51,-31,69
dev,seed29_LR05_MA_8,HISTORICAL_PARENT_READ_ONLY,25.61237373737374,37.7579365079365,26.4520202020202,4.07878110379683,4.309469272810904,17,51,-34,69
dev,seed29_LR08_MV_AUX,HISTORICAL_PARENT_READ_ONLY,27.351641414141415,41.48809523809524,27.702020202020204,3.945864555927038,4.177835357984409,24,53,-29,69
dev,seed29_WARMUP,HISTORICAL_PARENT_READ_ONLY,21.974957912457914,34.62301587301587,20.271464646464647,4.073649390786886,4.303217392003395,19,57,-38,69
train,FC8,HISTORICAL_PARENT_READ_ONLY,28.051998255627353,38.9929572961988,28.645155714530674,4.210846933383807,4.434287536365875,0,0,0,622
train,seed17_LR05_MA_8,HISTORICAL_PARENT_READ_ONLY,41.51432475978181,69.00454595821516,42.6569811925756,3.7065648653366985,3.9328153938485726,466,111,355,622
train,seed17_LR06_MV_VIEW,HISTORICAL_PARENT_READ_ONLY,40.254766640014566,68.5150782177175,41.25439175097711,3.670992929969982,3.8966388076913865,431,120,311,622
train,seed17_LR07_MV_SURFACE,HISTORICAL_PARENT_READ_ONLY,45.68799900673659,75.83596974214849,45.932887974814804,3.5875662313478522,3.8129064995676814,539,102,437,622
train,seed17_LR08_MV_AUX,HISTORICAL_PARENT_READ_ONLY,40.66539157499685,67.97416826917039,41.2511446038181,3.684836060007045,3.911263224253347,450,120,330,622
train,seed17_WARMUP,HISTORICAL_PARENT_READ_ONLY,39.84504880139798,67.54823105132476,40.428088138021785,3.7301863891849614,3.9570477891408995,450,139,311,622
train,seed29_LR05_MA_8,HISTORICAL_PARENT_READ_ONLY,43.496884030455945,73.80309605269116,43.47383998657905,3.700159763088118,3.9261694492703416,509,133,376,622
train,seed29_LR08_MV_AUX,HISTORICAL_PARENT_READ_ONLY,42.37928743628235,74.47243731366802,42.225827025473954,3.615911788944581,3.841428891065695,492,122,370,622
train,seed29_WARMUP,HISTORICAL_PARENT_READ_ONLY,42.26538879368224,71.70351788405705,42.90573199622856,3.7267166672695993,3.9528932335506854,482,137,345,622
