scope,contrast,seed,first,second,first_step,second_step,delta_A_pp,delta_M_pp,delta_C_pp,delta_top1_pp,delta_NLL
DEV_BASE_SELECTION,R1_MINUS_R0,17,PR_R1_RESIDUAL,PR_R0_DIRECT,1000,500,5.032617845117844,5.681818181818187,9.93055555555556,7.60869565217391,-0.1464224868802111
DEV_BASE_SELECTION,R2_MINUS_R0,17,PR_R2_KEEP,PR_R0_DIRECT,1500,500,2.1264730639730693,1.914682539682552,2.777777777777782,0.7246376811594253,0.05061152350872433
DEV_BASE_SELECTION,R3_MINUS_R1,17,PR_R3_RESIDUAL_KEEP,PR_R1_RESIDUAL,500,1000,-0.21148989898989612,1.5900072150072262,-4.652777777777779,-2.536231884057969,-0.08056760654605988
DEV_BASE_SELECTION,R3_MINUS_R2,17,PR_R3_RESIDUAL_KEEP,PR_R2_KEEP,500,1500,2.694654882154879,5.357142857142861,2.5,4.347826086956516,-0.2776016169349953
DEV_BASE_SELECTION,PR_R0_DIRECT_MINUS_FC8,17,PR_R0_DIRECT,FC8,500,,-5.936447811447817,-6.921897546897554,-10.55555555555556,-7.60869565217391,-0.05975033705332766
DEV_BASE_SELECTION,PR_R1_RESIDUAL_MINUS_FC8,17,PR_R1_RESIDUAL,FC8,1000,,-0.9038299663299725,-1.2400793650793673,-0.625,0.0,-0.20617282393353875
DEV_BASE_SELECTION,PR_R2_KEEP_MINUS_FC8,17,PR_R2_KEEP,FC8,1500,,-3.8099747474747474,-5.007215007215002,-7.777777777777779,-6.884057971014485,-0.00913881354460333
DEV_BASE_SELECTION,PR_R3_RESIDUAL_KEEP_MINUS_FC8,17,PR_R3_RESIDUAL_KEEP,FC8,500,,-1.1153198653198686,0.34992784992785886,-5.277777777777779,-2.536231884057969,-0.28674043047959863
OLD_H_EXPOSED,R1_MINUS_R0,17,PR_R1_RESIDUAL,PR_R0_DIRECT,1000,500,3.9902004126142003,6.526610644257701,3.647214854111404,3.960396039603964,-0.00813588645769947
OLD_H_EXPOSED,R2_MINUS_R0,17,PR_R2_KEEP,PR_R0_DIRECT,1500,500,2.865458296492772,1.2745098039215677,2.8846153846153797,3.960396039603964,0.010830535311247225
OLD_H_EXPOSED,R3_MINUS_R1,17,PR_R3_RESIDUAL_KEEP,PR_R1_RESIDUAL,500,1000,-0.8068081343943412,0.7952069716775654,-1.1604774535808993,2.475247524752472,-0.0833501257494964
OLD_H_EXPOSED,R3_MINUS_R2,17,PR_R3_RESIDUAL_KEEP,PR_R2_KEEP,500,1500,0.3179339817270872,6.047307812013699,-0.3978779840848752,2.475247524752472,-0.1023165475184431
OLD_H_EXPOSED,PR_R0_DIRECT_MINUS_FC8,17,PR_R0_DIRECT,FC8,500,,-7.015546713822566,-11.87986305633364,-7.237695254936636,-10.148514851485153,-0.2476849237521508
OLD_H_EXPOSED,PR_R1_RESIDUAL_MINUS_FC8,17,PR_R1_RESIDUAL,FC8,1000,,-3.0253463012083657,-5.353252412075939,-3.590480400825232,-6.188118811881189,-0.25582081020985026
OLD_H_EXPOSED,PR_R2_KEEP_MINUS_FC8,17,PR_R2_KEEP,FC8,1500,,-4.150088417329794,-10.605353252412073,-4.353079870321256,-6.188118811881189,-0.23685438844090356
OLD_H_EXPOSED,PR_R3_RESIDUAL_KEEP_MINUS_FC8,17,PR_R3_RESIDUAL_KEEP,FC8,500,,-3.832154435602707,-4.558045440398374,-4.750957854406131,-3.712871287128717,-0.33917093595934666
