record_type,scope,method,seed,condition,stratum,objects,records,top1_pct,macro_pct,equal_GT_top1_pct,NLL,mean_margin,corrections,harm,null,negative_mass,target_mass,unknown_mass,negative_norm_proxy,positive_tokens,negative_tokens,unknown_tokens,count,seconds,allocated_GiB,reserved_GiB,status
CORRUPTION_NO_OP_COVERAGE,TRAIN,COMMON_PROPOSAL_BANK,,truncate,,785,,,,,,,,,,,,,,,,,0,,,,ORIGINAL_OBJECT_DENOMINATOR_CORRELATED_CONDITIONS
CORRUPTION_NO_OP_COVERAGE,TRAIN,COMMON_PROPOSAL_BANK,,append,,785,,,,,,,,,,,,,,,,,20,,,,ORIGINAL_OBJECT_DENOMINATOR_CORRELATED_CONDITIONS
CORRUPTION_NO_OP_COVERAGE,TRAIN,COMMON_PROPOSAL_BANK,,truncate_append,,785,,,,,,,,,,,,,,,,,0,,,,ORIGINAL_OBJECT_DENOMINATOR_CORRELATED_CONDITIONS
PROPOSAL_RECOGNITION_MICRO,TRAIN,FC8,,clean,all,785,785,32.738853503184714,38.833920565807645,,4.3775167085562545,-0.01207421989577591,0,0,,,,,,,,,,,,,MEASURED
PROPOSAL_RECOGNITION_MICRO,TRAIN,FC8,,clean,teacher_correct,257,257,100.0,100.0,,3.9725816871405577,0.017727798698941092,0,0,,,,,,,,,,,,,MEASURED
PROPOSAL_RECOGNITION_MICRO,TRAIN,FC8,,clean,teacher_wrong,528,528,0.0,0.0,,4.574615762540788,-0.02658012667388627,0,0,,,,,,,,,,,,,MEASURED
PROPOSAL_RECOGNITION_MICRO,TRAIN,FC8,,clean,observed_base,622,622,30.22508038585209,40.64352765116953,,4.384227191903584,-0.013268748975068427,0,0,,,,,,,,,,,,,MEASURED
PROPOSAL_RECOGNITION_MICRO,TRAIN,FC8,,clean,zero_positive_base,0,0,,,,,,0,0,,,,,,,,,,,,,NO_SUPPORT_NULL_METRICS
PROPOSAL_RECOGNITION_MICRO,TRAIN,FC8,,clean,heldout,163,163,42.331288343558285,31.78597718071402,,4.351909833451722,-0.0075159555563897446,0,0,,,,,,,,,,,,,MEASURED
PROPOSAL_RECOGNITION_MICRO,TRAIN,FC8,,truncate,all,785,785,32.611464968152866,36.329590956446204,,4.415734146810641,-0.012488618872727559,0,0,,,,,,,,,,,,,MEASURED
PROPOSAL_RECOGNITION_MICRO,TRAIN,FC8,,truncate,teacher_correct,257,257,89.88326848249028,87.98726832755871,,4.023913072704805,0.01628378555468548,0,0,,,,,,,,,,,,,MEASURED
PROPOSAL_RECOGNITION_MICRO,TRAIN,FC8,,truncate,teacher_wrong,528,528,4.734848484848484,3.2712256645330333,,4.606450086290186,-0.02649336875501004,0,0,,,,,,,,,,,,,MEASURED
PROPOSAL_RECOGNITION_MICRO,TRAIN,FC8,,truncate,observed_base,622,622,29.421221864951768,36.69845619572021,,4.421919837641946,-0.013867647629650459,0,0,,,,,,,,,,,,,MEASURED
PROPOSAL_RECOGNITION_MICRO,TRAIN,FC8,,truncate,zero_positive_base,0,0,,,,,,0,0,,,,,,,,,,,,,NO_SUPPORT_NULL_METRICS
PROPOSAL_RECOGNITION_MICRO,TRAIN,FC8,,truncate,heldout,163,163,44.785276073619634,34.89295791927371,,4.392129854190569,-0.007226312818702745,0,0,,,,,,,,,,,,,MEASURED
PROPOSAL_RECOGNITION_MICRO,TRAIN,FC8,,append,all,785,785,32.101910828025474,37.98683843514904,,4.38713110024762,-0.01330054413740802,0,0,,,,,,,,,,,,,MEASURED
PROPOSAL_RECOGNITION_MICRO,TRAIN,FC8,,append,teacher_correct,257,257,96.10894941634241,95.659407138536,,3.9849085288288992,0.01664746984665496,0,0,,,,,,,,,,,,,MEASURED
PROPOSAL_RECOGNITION_MICRO,TRAIN,FC8,,append,teacher_wrong,528,528,0.946969696969697,0.8044569993722537,,4.58290988974499,-0.027877513065256855,0,0,,,,,,,,,,,,,MEASURED
PROPOSAL_RECOGNITION_MICRO,TRAIN,FC8,,append,observed_base,622,622,29.7427652733119,39.75298913397408,,4.393807354847334,-0.01458693190307096,0,0,,,,,,,,,,,,,MEASURED
PROPOSAL_RECOGNITION_MICRO,TRAIN,FC8,,append,zero_positive_base,0,0,,,,,,0,0,,,,,,,,,,,,,NO_SUPPORT_NULL_METRICS
PROPOSAL_RECOGNITION_MICRO,TRAIN,FC8,,append,heldout,163,163,41.104294478527606,31.108146239725187,,4.3616548403640465,-0.008391751559234105,0,0,,,,,,,,,,,,,MEASURED
PROPOSAL_RECOGNITION_MICRO,TRAIN,FC8,,truncate_append,all,785,785,30.700636942675157,34.75133879921308,,4.421127732696047,-0.014086318585523375,0,0,,,,,,,,,,,,,MEASURED
PROPOSAL_RECOGNITION_MICRO,TRAIN,FC8,,truncate_append,teacher_correct,257,257,85.99221789883269,83.01930374525655,,4.031207572625305,0.015201204945605088,0,0,,,,,,,,,,,,,MEASURED
PROPOSAL_RECOGNITION_MICRO,TRAIN,FC8,,truncate_append,teacher_wrong,528,528,3.787878787878788,4.169760463067833,,4.6109184166698745,-0.028341798789121887,0,0,,,,,,,,,,,,,MEASURED
PROPOSAL_RECOGNITION_MICRO,TRAIN,FC8,,truncate_append,observed_base,622,622,28.135048231511256,35.57571549398995,,4.4280877738136954,-0.015643165497726184,0,0,,,,,,,,,,,,,MEASURED
PROPOSAL_RECOGNITION_MICRO,TRAIN,FC8,,truncate_append,zero_positive_base,0,0,,,,,,0,0,,,,,,,,,,,,,NO_SUPPORT_NULL_METRICS
PROPOSAL_RECOGNITION_MICRO,TRAIN,FC8,,truncate_append,heldout,163,163,40.49079754601227,31.54060851429272,,4.394568557388212,-0.00814546717822186,0,0,,,,,,,,,,,,,MEASURED
PROPOSAL_RECOGNITION_MICRO,TRAIN,FC8,,all_conditions,all,785,3140,32.038216560509554,36.975422189153996,,4.400377422077641,-0.012987425372858716,0,0,,,,,,,,,,,,,MEASURED
PROPOSAL_RECOGNITION_MICRO,TRAIN,FC8,,all_conditions,teacher_correct,257,1028,92.99610894941634,91.6664948028378,,4.003152715324892,0.016465064761471655,0,0,,,,,,,,,,,,,MEASURED
PROPOSAL_RECOGNITION_MICRO,TRAIN,FC8,,all_conditions,teacher_wrong,528,2112,2.367424242424242,2.06136078174328,,4.59372353881146,-0.027323201820818765,0,0,,,,,,,,,,,,,MEASURED
PROPOSAL_RECOGNITION_MICRO,TRAIN,FC8,,all_conditions,observed_base,622,2488,29.381028938906752,38.16767211871343,,4.4070105395516395,-0.014341623501379007,0,0,,,,,,,,,,,,,MEASURED
PROPOSAL_RECOGNITION_MICRO,TRAIN,FC8,,all_conditions,zero_positive_base,0,0,,,,,,0,0,,,,,,,,,,,,,NO_SUPPORT_NULL_METRICS
PROPOSAL_RECOGNITION_MICRO,TRAIN,FC8,,all_conditions,heldout,163,652,42.17791411042945,32.331922463501414,,4.375065771348638,-0.007819871778137113,0,0,,,,,,,,,,,,,MEASURED
PROPOSAL_RECOGNITION_MICRO,TRAIN,PR_R0_DIRECT,17,clean,all,785,785,35.4140127388535,49.76832822909707,,4.082199012246101,-0.01789226839496831,85,64,,,,,,,,,,,,,MEASURED
PROPOSAL_RECOGNITION_MICRO,TRAIN,PR_R0_DIRECT,17,clean,teacher_correct,257,257,75.09727626459144,85.70302454150004,,3.6807716393749073,0.013613163874075107,0,64,,,,,,,,,,,,,MEASURED
PROPOSAL_RECOGNITION_MICRO,TRAIN,PR_R0_DIRECT,17,clean,teacher_wrong,528,528,16.098484848484848,27.06498200235717,,4.277590744874694,-0.03322729887440801,85,0,,,,,,,,,,,,,MEASURED
PROPOSAL_RECOGNITION_MICRO,TRAIN,PR_R0_DIRECT,17,clean,observed_base,622,622,36.81672025723473,56.94991467763768,,4.0510593066261515,-0.017322294473935552,80,39,,,,,,,,,,,,,MEASURED
PROPOSAL_RECOGNITION_MICRO,TRAIN,PR_R0_DIRECT,17,clean,zero_positive_base,0,0,,,,,,0,0,,,,,,,,,,,,,NO_SUPPORT_NULL_METRICS
PROPOSAL_RECOGNITION_MICRO,TRAIN,PR_R0_DIRECT,17,clean,heldout,163,163,30.061349693251532,21.79793890320206,,4.201026600562722,-0.020067260903449145,5,25,,,,,,,,,,,,,MEASURED
PROPOSAL_RECOGNITION_MICRO,TRAIN,PR_R0_DIRECT,17,truncate,all,785,785,33.503184713375795,49.71987787320044,,4.1230583039059,-0.01997711086159299,96,89,,,,,,,,,,,,,MEASURED
PROPOSAL_RECOGNITION_MICRO,TRAIN,PR_R0_DIRECT,17,truncate,teacher_correct,257,257,68.8715953307393,82.45571478330098,,3.730868467561002,0.010937049289157882,17,71,,,,,,,,,,,,,MEASURED
PROPOSAL_RECOGNITION_MICRO,TRAIN,PR_R0_DIRECT,17,truncate,teacher_wrong,528,528,16.28787878787879,27.341112766086113,,4.313953735611656,-0.035024344116788016,79,18,,,,,,,,,,,,,MEASURED
PROPOSAL_RECOGNITION_MICRO,TRAIN,PR_R0_DIRECT,17,truncate,observed_base,622,622,35.36977491961415,57.332623559096504,,4.082419797538561,-0.01896776358366396,90,53,,,,,,,,,,,,,MEASURED
PROPOSAL_RECOGNITION_MICRO,TRAIN,PR_R0_DIRECT,17,truncate,zero_positive_base,0,0,,,,,,0,0,,,,,,,,,,,,,NO_SUPPORT_NULL_METRICS
PROPOSAL_RECOGNITION_MICRO,TRAIN,PR_R0_DIRECT,17,truncate,heldout,163,163,26.380368098159508,20.070236780763096,,4.278132849675746,-0.023828730535653472,6,36,,,,,,,,,,,,,MEASURED
PROPOSAL_RECOGNITION_MICRO,TRAIN,PR_R0_DIRECT,17,append,all,785,785,35.03184713375796,48.66570388294505,,4.083722891777184,-0.018404319768498656,85,62,,,,,,,,,,,,,MEASURED
PROPOSAL_RECOGNITION_MICRO,TRAIN,PR_R0_DIRECT,17,append,teacher_correct,257,257,73.92996108949417,84.28411677050516,,3.6808155696215796,0.013431730031503313,3,60,,,,,,,,,,,,,MEASURED
PROPOSAL_RECOGNITION_MICRO,TRAIN,PR_R0_DIRECT,17,append,teacher_wrong,528,528,16.098484848484848,26.263842401217563,,4.279834978508227,-0.03390027582645416,82,2,,,,,,,,,,,,,MEASURED
PROPOSAL_RECOGNITION_MICRO,TRAIN,PR_R0_DIRECT,17,append,observed_base,622,622,36.33440514469453,55.68112794739051,,4.054769257640532,-0.01804439400074183,79,38,,,,,,,,,,,,,MEASURED
PROPOSAL_RECOGNITION_MICRO,TRAIN,PR_R0_DIRECT,17,append,zero_positive_base,0,0,,,,,,0,0,,,,,,,,,,,,,NO_SUPPORT_NULL_METRICS
PROPOSAL_RECOGNITION_MICRO,TRAIN,PR_R0_DIRECT,17,append,heldout,163,163,30.061349693251532,21.342473316157527,,4.194208538605392,-0.019777778833190356,6,24,,,,,,,,,,,,,MEASURED
PROPOSAL_RECOGNITION_MICRO,TRAIN,PR_R0_DIRECT,17,truncate_append,all,785,785,33.75796178343949,49.28046193070487,,4.114913165948953,-0.02024969933139291,100,76,,,,,,,,,,,,,MEASURED
PROPOSAL_RECOGNITION_MICRO,TRAIN,PR_R0_DIRECT,17,truncate_append,teacher_correct,257,257,69.64980544747081,82.47281932626758,,3.721586206079921,0.010864421261423757,22,64,,,,,,,,,,,,,MEASURED
PROPOSAL_RECOGNITION_MICRO,TRAIN,PR_R0_DIRECT,17,truncate_append,teacher_wrong,528,528,16.28787878787879,28.161248097507098,,4.306362083915508,-0.035394261816911625,78,12,,,,,,,,,,,,,MEASURED
PROPOSAL_RECOGNITION_MICRO,TRAIN,PR_R0_DIRECT,17,truncate_append,observed_base,622,622,36.01286173633441,56.93189975585372,,4.077612244047919,-0.019574328466435337,91,42,,,,,,,,,,,,,MEASURED
PROPOSAL_RECOGNITION_MICRO,TRAIN,PR_R0_DIRECT,17,truncate_append,zero_positive_base,0,0,,,,,,0,0,,,,,,,,,,,,,NO_SUPPORT_NULL_METRICS
PROPOSAL_RECOGNITION_MICRO,TRAIN,PR_R0_DIRECT,17,truncate_append,heldout,163,163,25.153374233128833,19.480125138019876,,4.257251653203204,-0.02282688140503468,9,34,,,,,,,,,,,,,MEASURED
PROPOSAL_RECOGNITION_MICRO,TRAIN,PR_R0_DIRECT,17,all_conditions,all,785,3140,34.42675159235669,49.35859297898686,,4.100973343469534,-0.01913084958911322,366,291,,,,,,,,,,,,,MEASURED
PROPOSAL_RECOGNITION_MICRO,TRAIN,PR_R0_DIRECT,17,all_conditions,teacher_correct,257,1028,71.88715953307393,83.72891885539345,,3.7035104706593525,0.012211591114040014,42,259,,,,,,,,,,,,,MEASURED
PROPOSAL_RECOGNITION_MICRO,TRAIN,PR_R0_DIRECT,17,all_conditions,teacher_wrong,528,2112,16.193181818181817,27.20779631679198,,4.294435385727521,-0.03438654515864045,324,32,,,,,,,,,,,,,MEASURED
PROPOSAL_RECOGNITION_MICRO,TRAIN,PR_R0_DIRECT,17,all_conditions,observed_base,622,2488,36.133440514469456,56.7238914849946,,4.066465151463291,-0.01847719513119417,340,172,,,,,,,,,,,,,MEASURED
PROPOSAL_RECOGNITION_MICRO,TRAIN,PR_R0_DIRECT,17,all_conditions,zero_positive_base,0,0,,,,,,0,0,,,,,,,,,,,,,NO_SUPPORT_NULL_METRICS
PROPOSAL_RECOGNITION_MICRO,TRAIN,PR_R0_DIRECT,17,all_conditions,heldout,163,652,27.914110429447852,20.67269353453564,,4.232654910511766,-0.021625162919331913,26,119,,,,,,,,,,,,,MEASURED
PROPOSAL_RECOGNITION_MICRO,TRAIN,PR_R1_RESIDUAL,17,clean,all,785,785,42.547770700636946,61.92140241605828,,3.85611726858054,-0.008775731911704799,120,43,,,,,,,,,,,,,MEASURED
PROPOSAL_RECOGNITION_MICRO,TRAIN,PR_R1_RESIDUAL,17,clean,teacher_correct,257,257,83.26848249027238,90.8797823974775,,3.3577615064405744,0.02503885053359117,0,43,,,,,,,,,,,,,MEASURED
PROPOSAL_RECOGNITION_MICRO,TRAIN,PR_R1_RESIDUAL,17,clean,teacher_wrong,528,528,22.727272727272727,43.22406956094865,,4.098688160379727,-0.02523472374587348,120,0,,,,,,,,,,,,,MEASURED
PROPOSAL_RECOGNITION_MICRO,TRAIN,PR_R1_RESIDUAL,17,clean,observed_base,622,622,44.69453376205787,70.57899238308691,,3.8031097945676358,-0.007274786459575512,111,21,,,,,,,,,,,,,MEASURED
PROPOSAL_RECOGNITION_MICRO,TRAIN,PR_R1_RESIDUAL,17,clean,zero_positive_base,0,0,,,,,,0,0,,,,,,,,,,,,,NO_SUPPORT_NULL_METRICS
PROPOSAL_RECOGNITION_MICRO,TRAIN,PR_R1_RESIDUAL,17,clean,heldout,163,163,34.355828220858896,28.202367807630964,,4.058391187819966,-0.014503266090995694,9,22,,,,,,,,,,,,,MEASURED
PROPOSAL_RECOGNITION_MICRO,TRAIN,PR_R1_RESIDUAL,17,truncate,all,785,785,42.038216560509554,60.13994098770363,,3.906490729720729,-0.009633874114911267,122,48,,,,,,,,,,,,,MEASURED
PROPOSAL_RECOGNITION_MICRO,TRAIN,PR_R1_RESIDUAL,17,truncate,teacher_correct,257,257,81.32295719844358,90.58765971878493,,3.4221412667040694,0.023327095963147828,16,38,,,,,,,,,,,,,MEASURED
PROPOSAL_RECOGNITION_MICRO,TRAIN,PR_R1_RESIDUAL,17,truncate,teacher_wrong,528,528,22.916666666666664,39.66480000912455,,4.142244161529974,-0.02567737659608776,106,10,,,,,,,,,,,,,MEASURED
PROPOSAL_RECOGNITION_MICRO,TRAIN,PR_R1_RESIDUAL,17,truncate,observed_base,622,622,44.21221864951769,68.45250505847704,,3.849521460448814,-0.008296824344868062,114,22,,,,,,,,,,,,,MEASURED
PROPOSAL_RECOGNITION_MICRO,TRAIN,PR_R1_RESIDUAL,17,truncate,zero_positive_base,0,0,,,,,,0,0,,,,,,,,,,,,,NO_SUPPORT_NULL_METRICS
PROPOSAL_RECOGNITION_MICRO,TRAIN,PR_R1_RESIDUAL,17,truncate,heldout,163,163,33.74233128834356,27.764691448901974,,4.123882665224602,-0.014735990415321537,8,26,,,,,,,,,,,,,MEASURED
PROPOSAL_RECOGNITION_MICRO,TRAIN,PR_R1_RESIDUAL,17,append,all,785,785,40.76433121019109,60.56038489940829,,3.859721476864663,-0.01006874674634569,113,45,,,,,,,,,,,,,MEASURED
PROPOSAL_RECOGNITION_MICRO,TRAIN,PR_R1_RESIDUAL,17,append,teacher_correct,257,257,81.71206225680933,89.86189022713525,,3.357993753967582,0.024589103425523187,6,43,,,,,,,,,,,,,MEASURED
PROPOSAL_RECOGNITION_MICRO,TRAIN,PR_R1_RESIDUAL,17,append,teacher_wrong,528,528,20.833333333333336,42.22170603543942,,4.10393364501722,-0.026938192758031866,107,2,,,,,,,,,,,,,MEASURED
PROPOSAL_RECOGNITION_MICRO,TRAIN,PR_R1_RESIDUAL,17,append,observed_base,622,622,42.60450160771704,69.55183885628718,,3.809730037232304,-0.00890384936687264,103,23,,,,,,,,,,,,,MEASURED
PROPOSAL_RECOGNITION_MICRO,TRAIN,PR_R1_RESIDUAL,17,append,zero_positive_base,0,0,,,,,,0,0,,,,,,,,,,,,,NO_SUPPORT_NULL_METRICS
PROPOSAL_RECOGNITION_MICRO,TRAIN,PR_R1_RESIDUAL,17,append,heldout,163,163,33.74233128834356,25.541037909458964,,4.050486356934155,-0.014513937973537328,10,22,,,,,,,,,,,,,MEASURED
PROPOSAL_RECOGNITION_MICRO,TRAIN,PR_R1_RESIDUAL,17,truncate_append,all,785,785,39.490445859872615,58.88806556498074,,3.9001252283715897,-0.011147758431115727,115,46,,,,,,,,,,,,,MEASURED
PROPOSAL_RECOGNITION_MICRO,TRAIN,PR_R1_RESIDUAL,17,truncate_append,teacher_correct,257,257,78.59922178988327,88.86072613613449,,3.4089940531244536,0.022851707754431995,20,39,,,,,,,,,,,,,MEASURED
PROPOSAL_RECOGNITION_MICRO,TRAIN,PR_R1_RESIDUAL,17,truncate_append,teacher_wrong,528,528,20.454545454545457,40.21260938285373,,4.139179607232411,-0.027696741025217554,95,7,,,,,,,,,,,,,MEASURED
PROPOSAL_RECOGNITION_MICRO,TRAIN,PR_R1_RESIDUAL,17,truncate_append,observed_base,622,622,40.9967845659164,66.10036388351402,,3.8475516191249493,-0.010139894590883776,104,24,,,,,,,,,,,,,MEASURED
PROPOSAL_RECOGNITION_MICRO,TRAIN,PR_R1_RESIDUAL,17,truncate_append,zero_positive_base,0,0,,,,,,0,0,,,,,,,,,,,,,NO_SUPPORT_NULL_METRICS
PROPOSAL_RECOGNITION_MICRO,TRAIN,PR_R1_RESIDUAL,17,truncate_append,heldout,163,163,33.74233128834356,30.79806158753527,,4.10074354095693,-0.014993717379730903,11,22,,,,,,,,,,,,,MEASURED
PROPOSAL_RECOGNITION_MICRO,TRAIN,PR_R1_RESIDUAL,17,all_conditions,all,785,3140,41.21019108280255,60.37744846703773,,3.8806136758843803,-0.00990652780101937,470,182,,,,,,,,,,,,,MEASURED
PROPOSAL_RECOGNITION_MICRO,TRAIN,PR_R1_RESIDUAL,17,all_conditions,teacher_correct,257,1028,81.22568093385215,90.04751461988305,,3.38672264505917,0.023951689419173545,42,163,,,,,,,,,,,,,MEASURED
PROPOSAL_RECOGNITION_MICRO,TRAIN,PR_R1_RESIDUAL,17,all_conditions,teacher_wrong,528,2112,21.732954545454543,41.330796247091584,,4.121011393539833,-0.026386758531302665,428,19,,,,,,,,,,,,,MEASURED
PROPOSAL_RECOGNITION_MICRO,TRAIN,PR_R1_RESIDUAL,17,all_conditions,observed_base,622,2488,43.12700964630225,68.67092504534129,,3.8274782278434256,-0.008653838690549998,432,90,,,,,,,,,,,,,MEASURED
PROPOSAL_RECOGNITION_MICRO,TRAIN,PR_R1_RESIDUAL,17,all_conditions,zero_positive_base,0,0,,,,,,0,0,,,,,,,,,,,,,NO_SUPPORT_NULL_METRICS
PROPOSAL_RECOGNITION_MICRO,TRAIN,PR_R1_RESIDUAL,17,all_conditions,heldout,163,652,33.895705521472394,28.07653968838179,,4.083375937733914,-0.014686727964896366,38,92,,,,,,,,,,,,,MEASURED
PROPOSAL_RECOGNITION_MICRO,TRAIN,PR_R2_KEEP,17,clean,all,785,785,41.40127388535032,60.59229711842155,,3.9652816171099428,-0.012519305280059767,126,58,,,,,,,,,,,,,MEASURED
PROPOSAL_RECOGNITION_MICRO,TRAIN,PR_R2_KEEP,17,clean,teacher_correct,257,257,77.431906614786,87.35774258006563,,3.596658198286123,0.016515427642295334,0,58,,,,,,,,,,,,,MEASURED
PROPOSAL_RECOGNITION_MICRO,TRAIN,PR_R2_KEEP,17,clean,teacher_wrong,528,528,23.863636363636363,43.84206089700531,,4.144706273620779,-0.026651741569918213,126,0,,,,,,,,,,,,,MEASURED
PROPOSAL_RECOGNITION_MICRO,TRAIN,PR_R2_KEEP,17,clean,observed_base,622,622,45.98070739549839,70.37881554002598,,3.881304310065757,-0.009341653963473065,121,23,,,,,,,,,,,,,MEASURED
PROPOSAL_RECOGNITION_MICRO,TRAIN,PR_R2_KEEP,17,clean,zero_positive_base,0,0,,,,,,0,0,,,,,,,,,,,,,NO_SUPPORT_NULL_METRICS
PROPOSAL_RECOGNITION_MICRO,TRAIN,PR_R2_KEEP,17,clean,heldout,163,163,23.92638036809816,22.47638326585695,,4.2857348992049324,-0.024645066745807787,5,35,,,,,,,,,,,,,MEASURED
PROPOSAL_RECOGNITION_MICRO,TRAIN,PR_R2_KEEP,17,truncate,all,785,785,38.34394904458599,54.901630848516916,,4.004825102447704,-0.013868697689976662,118,73,,,,,,,,,,,,,MEASURED
PROPOSAL_RECOGNITION_MICRO,TRAIN,PR_R2_KEEP,17,truncate,teacher_correct,257,257,73.15175097276264,83.45927514711545,,3.6483525348544585,0.014142937639344063,15,58,,,,,,,,,,,,,MEASURED
PROPOSAL_RECOGNITION_MICRO,TRAIN,PR_R2_KEEP,17,truncate,teacher_wrong,528,528,21.401515151515152,36.219726232297766,,4.178335424173962,-0.02750314897716497,103,15,,,,,,,,,,,,,MEASURED
PROPOSAL_RECOGNITION_MICRO,TRAIN,PR_R2_KEEP,17,truncate,observed_base,622,622,42.765273311897104,64.81487009271338,,3.9099945930039386,-0.010247773966988567,113,30,,,,,,,,,,,,,MEASURED
PROPOSAL_RECOGNITION_MICRO,TRAIN,PR_R2_KEEP,17,truncate,zero_positive_base,0,0,,,,,,0,0,,,,,,,,,,,,,NO_SUPPORT_NULL_METRICS
PROPOSAL_RECOGNITION_MICRO,TRAIN,PR_R2_KEEP,17,truncate,heldout,163,163,21.472392638036812,16.29217273954116,,4.366693672226982,-0.027685964902851478,5,43,,,,,,,,,,,,,MEASURED
PROPOSAL_RECOGNITION_MICRO,TRAIN,PR_R2_KEEP,17,append,all,785,785,39.61783439490446,59.4400645890141,,3.96501753436532,-0.01315134485625917,118,59,,,,,,,,,,,,,MEASURED
PROPOSAL_RECOGNITION_MICRO,TRAIN,PR_R2_KEEP,17,append,teacher_correct,257,257,76.26459143968872,86.86621202955142,,3.5966127892876414,0.016360243760658144,5,56,,,,,,,,,,,,,MEASURED
PROPOSAL_RECOGNITION_MICRO,TRAIN,PR_R2_KEEP,17,append,teacher_wrong,528,528,21.78030303030303,41.9104152777615,,4.144335753086842,-0.027515887042902636,113,3,,,,,,,,,,,,,MEASURED
PROPOSAL_RECOGNITION_MICRO,TRAIN,PR_R2_KEEP,17,append,observed_base,622,622,43.729903536977496,68.93073952333823,,3.8840296000146406,-0.010204068070630935,112,25,,,,,,,,,,,,,MEASURED
PROPOSAL_RECOGNITION_MICRO,TRAIN,PR_R2_KEEP,17,append,zero_positive_base,0,0,,,,,,0,0,,,,,,,,,,,,,NO_SUPPORT_NULL_METRICS
PROPOSAL_RECOGNITION_MICRO,TRAIN,PR_R2_KEEP,17,append,heldout,163,163,23.92638036809816,22.47638326585695,,4.274063516979568,-0.024398008418595133,6,34,,,,,,,,,,,,,MEASURED
PROPOSAL_RECOGNITION_MICRO,TRAIN,PR_R2_KEEP,17,truncate_append,all,785,785,38.598726114649686,58.748383450734245,,3.9936805114624607,-0.014294162107880707,125,63,,,,,,,,,,,,,MEASURED
PROPOSAL_RECOGNITION_MICRO,TRAIN,PR_R2_KEEP,17,truncate_append,teacher_correct,257,257,72.76264591439688,83.28534895231809,,3.6329907276287154,0.014351054330280319,20,54,,,,,,,,,,,,,MEASURED
PROPOSAL_RECOGNITION_MICRO,TRAIN,PR_R2_KEEP,17,truncate_append,teacher_wrong,528,528,21.96969696969697,41.897737862851756,,4.169243531245174,-0.028237004199940147,105,9,,,,,,,,,,,,,MEASURED
PROPOSAL_RECOGNITION_MICRO,TRAIN,PR_R2_KEEP,17,truncate_append,observed_base,622,622,42.765273311897104,68.13415090197014,,3.9054965374937396,-0.011134429532327836,118,27,,,,,,,,,,,,,MEASURED
PROPOSAL_RECOGNITION_MICRO,TRAIN,PR_R2_KEEP,17,truncate_append,zero_positive_base,0,0,,,,,,0,0,,,,,,,,,,,,,NO_SUPPORT_NULL_METRICS
PROPOSAL_RECOGNITION_MICRO,TRAIN,PR_R2_KEEP,17,truncate_append,heldout,163,163,22.699386503067483,22.193289166973376,,4.330186228079299,-0.026351546537291052,7,36,,,,,,,,,,,,,MEASURED
PROPOSAL_RECOGNITION_MICRO,TRAIN,PR_R2_KEEP,17,all_conditions,all,785,3140,39.490445859872615,58.4205940016717,,3.982201191346357,-0.013458377483544077,487,253,,,,,,,,,,,,,MEASURED
PROPOSAL_RECOGNITION_MICRO,TRAIN,PR_R2_KEEP,17,all_conditions,teacher_correct,257,1028,74.90272373540856,85.24214467726263,,3.6186535625142344,0.015342415843144466,40,226,,,,,,,,,,,,,MEASURED
PROPOSAL_RECOGNITION_MICRO,TRAIN,PR_R2_KEEP,17,all_conditions,teacher_wrong,528,2112,22.25378787878788,40.96748506747909,,4.159155245531689,-0.027476945447481492,447,27,,,,,,,,,,,,,MEASURED
PROPOSAL_RECOGNITION_MICRO,TRAIN,PR_R2_KEEP,17,all_conditions,observed_base,622,2488,43.81028938906753,68.06464401451193,,3.8952062601445188,-0.0102319813833551,464,105,,,,,,,,,,,,,MEASURED
PROPOSAL_RECOGNITION_MICRO,TRAIN,PR_R2_KEEP,17,all_conditions,zero_positive_base,0,0,,,,,,0,0,,,,,,,,,,,,,NO_SUPPORT_NULL_METRICS
PROPOSAL_RECOGNITION_MICRO,TRAIN,PR_R2_KEEP,17,all_conditions,heldout,163,652,23.006134969325153,20.85955710955711,,4.314169579122695,-0.025770146651136364,23,148,,,,,,,,,,,,,MEASURED
PROPOSAL_RECOGNITION_MICRO,TRAIN,PR_R3_RESIDUAL_KEEP,17,clean,all,785,785,37.70700636942676,55.57323571207367,,3.9255672687178205,-0.012513415828631943,78,39,,,,,,,,,,,,,MEASURED
PROPOSAL_RECOGNITION_MICRO,TRAIN,PR_R3_RESIDUAL_KEEP,17,clean,teacher_correct,257,257,84.8249027237354,90.76901043098864,,3.3889943815854737,0.02466974030556846,0,39,,,,,,,,,,,,,MEASURED
PROPOSAL_RECOGNITION_MICRO,TRAIN,PR_R3_RESIDUAL_KEEP,17,clean,teacher_wrong,528,528,14.772727272727273,33.48501515463505,,4.186740056583376,-0.03061203538637721,78,0,,,,,,,,,,,,,MEASURED
PROPOSAL_RECOGNITION_MICRO,TRAIN,PR_R3_RESIDUAL_KEEP,17,clean,observed_base,622,622,37.459807073954984,62.206904340849334,,3.9051614108576267,-0.012486488441562346,69,24,,,,,,,,,,,,,MEASURED
PROPOSAL_RECOGNITION_MICRO,TRAIN,PR_R3_RESIDUAL_KEEP,17,clean,zero_positive_base,0,0,,,,,,0,0,,,,,,,,,,,,,NO_SUPPORT_NULL_METRICS
PROPOSAL_RECOGNITION_MICRO,TRAIN,PR_R3_RESIDUAL_KEEP,17,clean,heldout,163,163,38.65030674846626,29.73684210526316,,4.0034350207978235,-0.01261616941609997,9,15,,,,,,,,,,,,,MEASURED
PROPOSAL_RECOGNITION_MICRO,TRAIN,PR_R3_RESIDUAL_KEEP,17,truncate,all,785,785,36.94267515923567,53.06702662958816,,3.9723903215614853,-0.013206721396203254,76,42,,,,,,,,,,,,,MEASURED
PROPOSAL_RECOGNITION_MICRO,TRAIN,PR_R3_RESIDUAL_KEEP,17,truncate,teacher_correct,257,257,82.49027237354085,90.57549175970227,,3.4512588179992796,0.022866802543749606,13,32,,,,,,,,,,,,,MEASURED
PROPOSAL_RECOGNITION_MICRO,TRAIN,PR_R3_RESIDUAL_KEEP,17,truncate,teacher_wrong,528,528,14.772727272727273,29.557919274996795,,4.226047132954453,-0.030765235889703035,63,10,,,,,,,,,,,,,MEASURED
PROPOSAL_RECOGNITION_MICRO,TRAIN,PR_R3_RESIDUAL_KEEP,17,truncate,observed_base,622,622,36.97749196141479,59.19470678008817,,3.9470040867182985,-0.01319095716359531,70,23,,,,,,,,,,,,,MEASURED
PROPOSAL_RECOGNITION_MICRO,TRAIN,PR_R3_RESIDUAL_KEEP,17,truncate,zero_positive_base,0,0,,,,,,0,0,,,,,,,,,,,,,NO_SUPPORT_NULL_METRICS
PROPOSAL_RECOGNITION_MICRO,TRAIN,PR_R3_RESIDUAL_KEEP,17,truncate,heldout,163,163,36.809815950920246,29.20132499079868,,4.069262947772909,-0.013266876934130499,6,19,,,,,,,,,,,,,MEASURED
PROPOSAL_RECOGNITION_MICRO,TRAIN,PR_R3_RESIDUAL_KEEP,17,append,all,785,785,36.05095541401273,55.08347757937031,,3.932176337424357,-0.014027399574495425,76,45,,,,,,,,,,,,,MEASURED
PROPOSAL_RECOGNITION_MICRO,TRAIN,PR_R3_RESIDUAL_KEEP,17,append,teacher_correct,257,257,81.71206225680933,89.88370547581074,,3.3941559638494647,0.023699738346185203,4,41,,,,,,,,,,,,,MEASURED
PROPOSAL_RECOGNITION_MICRO,TRAIN,PR_R3_RESIDUAL_KEEP,17,append,teacher_wrong,528,528,13.825757575757574,32.8960847244479,,4.1940536783500155,-0.032390798145735804,72,4,,,,,,,,,,,,,MEASURED
PROPOSAL_RECOGNITION_MICRO,TRAIN,PR_R3_RESIDUAL_KEEP,17,append,observed_base,622,622,35.048231511254016,61.458782365782696,,3.9141269908840632,-0.014274976752291155,65,32,,,,,,,,,,,,,MEASURED
PROPOSAL_RECOGNITION_MICRO,TRAIN,PR_R3_RESIDUAL_KEEP,17,append,zero_positive_base,0,0,,,,,,0,0,,,,,,,,,,,,,NO_SUPPORT_NULL_METRICS
PROPOSAL_RECOGNITION_MICRO,TRAIN,PR_R3_RESIDUAL_KEEP,17,append,heldout,163,163,39.87730061349693,30.253343148079985,,4.001051757964619,-0.01308265721505405,11,13,,,,,,,,,,,,,MEASURED
PROPOSAL_RECOGNITION_MICRO,TRAIN,PR_R3_RESIDUAL_KEEP,17,truncate_append,all,785,785,36.17834394904458,54.322115903103196,,3.9710397954199723,-0.014846954034392242,79,36,,,,,,,,,,,,,MEASURED
PROPOSAL_RECOGNITION_MICRO,TRAIN,PR_R3_RESIDUAL_KEEP,17,truncate_append,teacher_correct,257,257,80.54474708171206,90.59056994628682,,3.446494663735772,0.022045872496723663,17,31,,,,,,,,,,,,,MEASURED
PROPOSAL_RECOGNITION_MICRO,TRAIN,PR_R3_RESIDUAL_KEEP,17,truncate_append,teacher_wrong,528,528,14.583333333333334,30.669884935536253,,4.2263581644405015,-0.03280425785730282,62,5,,,,,,,,,,,,,MEASURED
PROPOSAL_RECOGNITION_MICRO,TRAIN,PR_R3_RESIDUAL_KEEP,17,truncate_append,observed_base,622,622,35.69131832797427,60.617934800797194,,3.949904713216702,-0.015201268903312193,69,22,,,,,,,,,,,,,MEASURED
PROPOSAL_RECOGNITION_MICRO,TRAIN,PR_R3_RESIDUAL_KEEP,17,truncate_append,zero_positive_base,0,0,,,,,,0,0,,,,,,,,,,,,,NO_SUPPORT_NULL_METRICS
PROPOSAL_RECOGNITION_MICRO,TRAIN,PR_R3_RESIDUAL_KEEP,17,truncate_append,heldout,163,163,38.036809815950924,29.801558091031776,,4.051690231803005,-0.013494905884280527,10,14,,,,,,,,,,,,,MEASURED
PROPOSAL_RECOGNITION_MICRO,TRAIN,PR_R3_RESIDUAL_KEEP,17,all_conditions,all,785,3140,36.71974522292993,54.511463956033836,,3.950293430780909,-0.013648622708430716,309,162,,,,,,,,,,,,,MEASURED
PROPOSAL_RECOGNITION_MICRO,TRAIN,PR_R3_RESIDUAL_KEEP,17,all_conditions,teacher_correct,257,1028,82.39299610894942,90.45469440319714,,3.4202259567924975,0.023320538423056734,34,143,,,,,,,,,,,,,MEASURED
PROPOSAL_RECOGNITION_MICRO,TRAIN,PR_R3_RESIDUAL_KEEP,17,all_conditions,teacher_wrong,528,2112,14.488636363636365,31.652226022404,,4.208299758082086,-0.03164308181977972,275,19,,,,,,,,,,,,,MEASURED
PROPOSAL_RECOGNITION_MICRO,TRAIN,PR_R3_RESIDUAL_KEEP,17,all_conditions,observed_base,622,2488,36.29421221864952,60.86958207187936,,3.9290493004191727,-0.01378842281519025,273,101,,,,,,,,,,,,,MEASURED
PROPOSAL_RECOGNITION_MICRO,TRAIN,PR_R3_RESIDUAL_KEEP,17,all_conditions,zero_positive_base,0,0,,,,,,0,0,,,,,,,,,,,,,NO_SUPPORT_NULL_METRICS
PROPOSAL_RECOGNITION_MICRO,TRAIN,PR_R3_RESIDUAL_KEEP,17,all_conditions,heldout,163,652,38.34355828220859,29.748267083793394,,4.0313599895845895,-0.01311515236239126,36,61,,,,,,,,,,,,,MEASURED
CORRUPTION_NO_OP_COVERAGE,DEV_ALL_POST_LOCK,COMMON_PROPOSAL_BANK,,truncate,,87,,,,,,,,,,,,,,,,,0,,,,ORIGINAL_OBJECT_DENOMINATOR_CORRELATED_CONDITIONS
CORRUPTION_NO_OP_COVERAGE,DEV_ALL_POST_LOCK,COMMON_PROPOSAL_BANK,,append,,87,,,,,,,,,,,,,,,,,1,,,,ORIGINAL_OBJECT_DENOMINATOR_CORRELATED_CONDITIONS
CORRUPTION_NO_OP_COVERAGE,DEV_ALL_POST_LOCK,COMMON_PROPOSAL_BANK,,truncate_append,,87,,,,,,,,,,,,,,,,,0,,,,ORIGINAL_OBJECT_DENOMINATOR_CORRELATED_CONDITIONS
PROPOSAL_RECOGNITION_MICRO,DEV_ALL_POST_LOCK,FC8,,clean,all,87,87,50.57471264367817,64.76301476301475,,4.073286664896998,-0.0017282633945859712,0,0,,,,,,,,,,,,,MEASURED
PROPOSAL_RECOGNITION_MICRO,DEV_ALL_POST_LOCK,FC8,,clean,teacher_correct,44,44,100.0,100.0,,3.7868704904209483,0.023293047804724087,0,0,,,,,,,,,,,,,MEASURED
PROPOSAL_RECOGNITION_MICRO,DEV_ALL_POST_LOCK,FC8,,clean,teacher_wrong,43,43,0.0,0.0,,4.366363680639933,-0.02733146555201952,0,0,,,,,,,,,,,,,MEASURED
PROPOSAL_RECOGNITION_MICRO,DEV_ALL_POST_LOCK,FC8,,clean,observed_base,60,60,36.666666666666664,52.931488801054016,,4.222567657629649,-0.011728421101967495,0,0,,,,,,,,,,,,,MEASURED
PROPOSAL_RECOGNITION_MICRO,DEV_ALL_POST_LOCK,FC8,,clean,zero_positive_base,9,9,88.88888888888889,80.0,,3.6782832410600452,0.019194579786724515,0,0,,,,,,,,,,,,,MEASURED
PROPOSAL_RECOGNITION_MICRO,DEV_ALL_POST_LOCK,FC8,,clean,heldout,18,18,77.77777777777779,82.57575757575756,,3.773185067706638,0.02114417403936386,0,0,,,,,,,,,,,,,MEASURED
PROPOSAL_RECOGNITION_MICRO,DEV_ALL_POST_LOCK,FC8,,truncate,all,87,87,47.12643678160919,57.19891219891219,,4.08455543682493,-0.00122672602020461,0,0,,,,,,,,,,,,,MEASURED
PROPOSAL_RECOGNITION_MICRO,DEV_ALL_POST_LOCK,FC8,,truncate,teacher_correct,44,44,88.63636363636364,87.816091954023,,3.811862414533442,0.021482382985678585,0,0,,,,,,,,,,,,,MEASURED
PROPOSAL_RECOGNITION_MICRO,DEV_ALL_POST_LOCK,FC8,,truncate,teacher_wrong,43,43,4.651162790697675,3.6931818181818183,,4.363590157309244,-0.02446395384017811,0,0,,,,,,,,,,,,,MEASURED
PROPOSAL_RECOGNITION_MICRO,DEV_ALL_POST_LOCK,FC8,,truncate,observed_base,60,60,33.33333333333333,44.45322793148879,,4.232557801405589,-0.011118840550382932,0,0,,,,,,,,,,,,,MEASURED
PROPOSAL_RECOGNITION_MICRO,DEV_ALL_POST_LOCK,FC8,,truncate,zero_positive_base,9,9,88.88888888888889,80.0,,3.7221272786458335,0.02079243792427911,0,0,,,,,,,,,,,,,MEASURED
PROPOSAL_RECOGNITION_MICRO,DEV_ALL_POST_LOCK,FC8,,truncate,heldout,18,18,72.22222222222221,73.48484848484847,,3.7724283006456165,0.020737407108147938,0,0,,,,,,,,,,,,,MEASURED
PROPOSAL_RECOGNITION_MICRO,DEV_ALL_POST_LOCK,FC8,,append,all,87,87,42.5287356321839,52.92540792540793,,4.078198885095531,-0.0029547484270457565,0,0,,,,,,,,,,,,,MEASURED
PROPOSAL_RECOGNITION_MICRO,DEV_ALL_POST_LOCK,FC8,,append,teacher_correct,44,44,84.0909090909091,80.91954022988507,,3.810553539883007,0.02131832628087564,0,0,,,,,,,,,,,,,MEASURED
PROPOSAL_RECOGNITION_MICRO,DEV_ALL_POST_LOCK,FC8,,append,teacher_wrong,43,43,0.0,0.0,,4.352068540661834,-0.027792313244453696,0,0,,,,,,,,,,,,,MEASURED
PROPOSAL_RECOGNITION_MICRO,DEV_ALL_POST_LOCK,FC8,,append,observed_base,60,60,28.333333333333332,38.0764163372859,,4.220370550950368,-0.01278965932627519,0,0,,,,,,,,,,,,,MEASURED
PROPOSAL_RECOGNITION_MICRO,DEV_ALL_POST_LOCK,FC8,,append,zero_positive_base,9,9,66.66666666666666,55.99999999999999,,3.675981044769287,0.017537479599316914,0,0,,,,,,,,,,,,,MEASURED
PROPOSAL_RECOGNITION_MICRO,DEV_ALL_POST_LOCK,FC8,,append,heldout,18,18,77.77777777777779,82.57575757575756,,3.805402252409193,0.019582173890537687,0,0,,,,,,,,,,,,,MEASURED
PROPOSAL_RECOGNITION_MICRO,DEV_ALL_POST_LOCK,FC8,,truncate_append,all,87,87,40.229885057471265,48.22455322455322,,4.093242713774758,-0.0037526442059155167,0,0,,,,,,,,,,,,,MEASURED
PROPOSAL_RECOGNITION_MICRO,DEV_ALL_POST_LOCK,FC8,,truncate_append,teacher_correct,44,44,77.27272727272727,72.8735632183908,,3.840549869970842,0.01871837099844759,0,0,,,,,,,,,,,,,MEASURED
PROPOSAL_RECOGNITION_MICRO,DEV_ALL_POST_LOCK,FC8,,truncate_append,teacher_wrong,43,43,2.3255813953488373,3.125,,4.3518121353415555,-0.026746241159217303,0,0,,,,,,,,,,,,,MEASURED
PROPOSAL_RECOGNITION_MICRO,DEV_ALL_POST_LOCK,FC8,,truncate_append,observed_base,60,60,25.0,33.58366271409749,,4.231196534633637,-0.013602494696776072,0,0,,,,,,,,,,,,,MEASURED
PROPOSAL_RECOGNITION_MICRO,DEV_ALL_POST_LOCK,FC8,,truncate_append,zero_positive_base,9,9,77.77777777777779,60.0,,3.7253313859303794,0.017623003986146715,0,0,,,,,,,,,,,,,MEASURED
PROPOSAL_RECOGNITION_MICRO,DEV_ALL_POST_LOCK,FC8,,truncate_append,heldout,18,18,72.22222222222221,73.48484848484847,,3.8173523081673517,0.01839236666758855,0,0,,,,,,,,,,,,,MEASURED
PROPOSAL_RECOGNITION_MICRO,DEV_ALL_POST_LOCK,FC8,,all_conditions,all,87,348,45.11494252873563,55.77797202797202,,4.082320925148054,-0.0024155955119379634,0,0,,,,,,,,,,,,,MEASURED
PROPOSAL_RECOGNITION_MICRO,DEV_ALL_POST_LOCK,FC8,,all_conditions,teacher_correct,44,176,87.5,85.40229885057471,,3.8124590787020596,0.021203032017431477,0,0,,,,,,,,,,,,,MEASURED
PROPOSAL_RECOGNITION_MICRO,DEV_ALL_POST_LOCK,FC8,,all_conditions,teacher_wrong,43,172,1.744186046511628,1.7045454545454544,,4.358458628488141,-0.02658349344896716,0,0,,,,,,,,,,,,,MEASURED
PROPOSAL_RECOGNITION_MICRO,DEV_ALL_POST_LOCK,FC8,,all_conditions,observed_base,60,240,30.833333333333336,42.26119894598155,,4.226673136154811,-0.012309853918850422,0,0,,,,,,,,,,,,,MEASURED
PROPOSAL_RECOGNITION_MICRO,DEV_ALL_POST_LOCK,FC8,,all_conditions,zero_positive_base,9,36,80.55555555555556,69.0,,3.700430737601386,0.01878687532411681,0,0,,,,,,,,,,,,,MEASURED
PROPOSAL_RECOGNITION_MICRO,DEV_ALL_POST_LOCK,FC8,,all_conditions,heldout,18,72,75.0,78.03030303030302,,3.7920919822321997,0.01996403042640951,0,0,,,,,,,,,,,,,MEASURED
PROPOSAL_RECOGNITION_MICRO,DEV_ALL_POST_LOCK,PR_R0_DIRECT,17,clean,all,87,87,37.93103448275862,55.34188034188035,,3.9946934354716332,-0.017793059177782344,6,17,,,,,,,,,,,,,MEASURED
PROPOSAL_RECOGNITION_MICRO,DEV_ALL_POST_LOCK,PR_R0_DIRECT,17,clean,teacher_correct,44,44,61.36363636363637,68.39080459770115,,3.7044267708604988,0.005950163711201061,0,17,,,,,,,,,,,,,MEASURED
PROPOSAL_RECOGNITION_MICRO,DEV_ALL_POST_LOCK,PR_R0_DIRECT,17,clean,teacher_wrong,43,43,13.953488372093023,28.125,,4.291710487631864,-0.042088450040928156,6,0,,,,,,,,,,,,,MEASURED
PROPOSAL_RECOGNITION_MICRO,DEV_ALL_POST_LOCK,PR_R0_DIRECT,17,clean,observed_base,60,60,26.666666666666668,45.21739130434783,,4.116540936628978,-0.02708014448483785,5,11,,,,,,,,,,,,,MEASURED
PROPOSAL_RECOGNITION_MICRO,DEV_ALL_POST_LOCK,PR_R0_DIRECT,17,clean,zero_positive_base,9,9,44.44444444444444,32.0,,3.8754990100860596,-0.007503120435608758,0,4,,,,,,,,,,,,,MEASURED
PROPOSAL_RECOGNITION_MICRO,DEV_ALL_POST_LOCK,PR_R0_DIRECT,17,clean,heldout,18,18,72.22222222222221,87.12121212121211,,3.6481323109732733,0.008018922474649217,1,2,,,,,,,,,,,,,MEASURED
PROPOSAL_RECOGNITION_MICRO,DEV_ALL_POST_LOCK,PR_R0_DIRECT,17,truncate,all,87,87,34.48275862068966,50.213675213675224,,4.065029242943073,-0.022245302368169545,6,17,,,,,,,,,,,,,MEASURED
PROPOSAL_RECOGNITION_MICRO,DEV_ALL_POST_LOCK,PR_R0_DIRECT,17,truncate,teacher_correct,44,44,56.81818181818182,61.49425287356321,,3.796567765149203,-0.00017656893892721698,1,15,,,,,,,,,,,,,MEASURED
PROPOSAL_RECOGNITION_MICRO,DEV_ALL_POST_LOCK,PR_R0_DIRECT,17,truncate,teacher_wrong,43,43,11.627906976744185,21.875,,4.339734010918196,-0.04482726215623146,5,2,,,,,,,,,,,,,MEASURED
PROPOSAL_RECOGNITION_MICRO,DEV_ALL_POST_LOCK,PR_R0_DIRECT,17,truncate,observed_base,60,60,23.333333333333332,40.869565217391305,,4.171803013483683,-0.03043854795396328,5,11,,,,,,,,,,,,,MEASURED
PROPOSAL_RECOGNITION_MICRO,DEV_ALL_POST_LOCK,PR_R0_DIRECT,17,truncate,zero_positive_base,9,9,44.44444444444444,32.0,,4.015615277820164,-0.019139669007725187,0,4,,,,,,,,,,,,,MEASURED
PROPOSAL_RECOGNITION_MICRO,DEV_ALL_POST_LOCK,PR_R0_DIRECT,17,truncate,heldout,18,18,66.66666666666666,78.03030303030302,,3.7338236570358276,0.0035126995709207323,1,2,,,,,,,,,,,,,MEASURED
PROPOSAL_RECOGNITION_MICRO,DEV_ALL_POST_LOCK,PR_R0_DIRECT,17,append,all,87,87,41.37931034482759,60.982905982905976,,3.9775661106767326,-0.017262526113411475,10,11,,,,,,,,,,,,,MEASURED
PROPOSAL_RECOGNITION_MICRO,DEV_ALL_POST_LOCK,PR_R0_DIRECT,17,append,teacher_correct,44,44,63.63636363636363,70.80459770114942,,3.6952163143591448,0.006010118533264507,2,11,,,,,,,,,,,,,MEASURED
PROPOSAL_RECOGNITION_MICRO,DEV_ALL_POST_LOCK,PR_R0_DIRECT,17,append,teacher_wrong,43,43,18.6046511627907,37.5,,4.266482181327287,-0.041076395054196205,8,0,,,,,,,,,,,,,MEASURED
PROPOSAL_RECOGNITION_MICRO,DEV_ALL_POST_LOCK,PR_R0_DIRECT,17,append,observed_base,60,60,30.0,48.26086956521739,,4.105195852120717,-0.02720472142100334,8,7,,,,,,,,,,,,,MEASURED
PROPOSAL_RECOGNITION_MICRO,DEV_ALL_POST_LOCK,PR_R0_DIRECT,17,append,zero_positive_base,9,9,66.66666666666666,72.0,,3.7309801048702664,0.004222366544935439,1,1,,,,,,,,,,,,,MEASURED
PROPOSAL_RECOGNITION_MICRO,DEV_ALL_POST_LOCK,PR_R0_DIRECT,17,append,heldout,18,18,66.66666666666666,82.57575757575756,,3.675426642100016,0.0051356785827212864,1,3,,,,,,,,,,,,,MEASURED
PROPOSAL_RECOGNITION_MICRO,DEV_ALL_POST_LOCK,PR_R0_DIRECT,17,truncate_append,all,87,87,34.48275862068966,48.58974358974359,,4.033308922559366,-0.02140149671113354,7,12,,,,,,,,,,,,,MEASURED
PROPOSAL_RECOGNITION_MICRO,DEV_ALL_POST_LOCK,PR_R0_DIRECT,17,truncate_append,teacher_correct,44,44,54.54545454545454,55.28735632183908,,3.777106301351027,-1.5220520171252163e-05,2,12,,,,,,,,,,,,,MEASURED
PROPOSAL_RECOGNITION_MICRO,DEV_ALL_POST_LOCK,PR_R0_DIRECT,17,truncate_append,teacher_wrong,43,43,13.953488372093023,25.0,,4.295469744260921,-0.043285128162350764,5,0,,,,,,,,,,,,,MEASURED
PROPOSAL_RECOGNITION_MICRO,DEV_ALL_POST_LOCK,PR_R0_DIRECT,17,truncate_append,observed_base,60,60,26.666666666666668,43.91304347826087,,4.146812693277995,-0.030283551042278607,6,5,,,,,,,,,,,,,MEASURED
PROPOSAL_RECOGNITION_MICRO,DEV_ALL_POST_LOCK,PR_R0_DIRECT,17,truncate_append,zero_positive_base,9,9,44.44444444444444,32.0,,3.8438758850097656,-0.006682175729009841,0,3,,,,,,,,,,,,,MEASURED
PROPOSAL_RECOGNITION_MICRO,DEV_ALL_POST_LOCK,PR_R0_DIRECT,17,truncate_append,heldout,18,18,55.55555555555556,65.9090909090909,,3.749679538938734,0.0008456905682881674,1,4,,,,,,,,,,,,,MEASURED
PROPOSAL_RECOGNITION_MICRO,DEV_ALL_POST_LOCK,PR_R0_DIRECT,17,all_conditions,all,87,348,37.06896551724138,53.78205128205129,,4.017649427912701,-0.019675596092624224,29,57,,,,,,,,,,,,,MEASURED
PROPOSAL_RECOGNITION_MICRO,DEV_ALL_POST_LOCK,PR_R0_DIRECT,17,all_conditions,teacher_correct,44,176,59.09090909090909,63.99425287356322,,3.7433292879299684,0.0029421231963417745,5,55,,,,,,,,,,,,,MEASURED
PROPOSAL_RECOGNITION_MICRO,DEV_ALL_POST_LOCK,PR_R0_DIRECT,17,all_conditions,teacher_wrong,43,172,14.534883720930234,28.125,,4.298349106034567,-0.04281930885342664,24,2,,,,,,,,,,,,,MEASURED
PROPOSAL_RECOGNITION_MICRO,DEV_ALL_POST_LOCK,PR_R0_DIRECT,17,all_conditions,observed_base,60,240,26.666666666666668,44.565217391304344,,4.135088123877844,-0.02875174122552077,24,34,,,,,,,,,,,,,MEASURED
PROPOSAL_RECOGNITION_MICRO,DEV_ALL_POST_LOCK,PR_R0_DIRECT,17,all_conditions,zero_positive_base,9,36,50.0,42.00000000000001,,3.8664925694465637,-0.007275649656852086,1,12,,,,,,,,,,,,,MEASURED
PROPOSAL_RECOGNITION_MICRO,DEV_ALL_POST_LOCK,PR_R0_DIRECT,17,all_conditions,heldout,18,72,65.27777777777779,78.4090909090909,,3.701765537261963,0.004378247799144851,4,11,,,,,,,,,,,,,MEASURED
PROPOSAL_RECOGNITION_MICRO,DEV_ALL_POST_LOCK,PR_R1_RESIDUAL,17,clean,all,87,87,49.42528735632184,62.45532245532246,,3.8301466717117134,-0.004253826778510521,6,7,,,,,,,,,,,,,MEASURED
PROPOSAL_RECOGNITION_MICRO,DEV_ALL_POST_LOCK,PR_R1_RESIDUAL,17,clean,teacher_correct,44,44,84.0909090909091,85.40229885057471,,3.5204541845755144,0.023115028203888374,0,7,,,,,,,,,,,,,MEASURED
PROPOSAL_RECOGNITION_MICRO,DEV_ALL_POST_LOCK,PR_R1_RESIDUAL,17,clean,teacher_wrong,43,43,13.953488372093023,27.083333333333332,,4.147041309711545,-0.032259166760500085,6,0,,,,,,,,,,,,,MEASURED
PROPOSAL_RECOGNITION_MICRO,DEV_ALL_POST_LOCK,PR_R1_RESIDUAL,17,clean,observed_base,60,60,38.333333333333336,52.06192358366272,,3.954953920841217,-0.013715980450312297,5,4,,,,,,,,,,,,,MEASURED
PROPOSAL_RECOGNITION_MICRO,DEV_ALL_POST_LOCK,PR_R1_RESIDUAL,17,clean,zero_positive_base,9,9,66.66666666666666,55.99999999999999,,3.595408704545763,0.015443902876642015,0,2,,,,,,,,,,,,,MEASURED
PROPOSAL_RECOGNITION_MICRO,DEV_ALL_POST_LOCK,PR_R1_RESIDUAL,17,clean,heldout,18,18,77.77777777777779,87.12121212121211,,3.5314914915296765,0.01743782063325246,1,1,,,,,,,,,,,,,MEASURED
PROPOSAL_RECOGNITION_MICRO,DEV_ALL_POST_LOCK,PR_R1_RESIDUAL,17,truncate,all,87,87,43.67816091954023,54.121989121989124,,3.868286996052183,-0.004289416489244878,6,9,,,,,,,,,,,,,MEASURED
PROPOSAL_RECOGNITION_MICRO,DEV_ALL_POST_LOCK,PR_R1_RESIDUAL,17,truncate,teacher_correct,44,44,77.27272727272727,77.35632183908045,,3.583666210824793,0.020440270785580982,2,7,,,,,,,,,,,,,MEASURED
PROPOSAL_RECOGNITION_MICRO,DEV_ALL_POST_LOCK,PR_R1_RESIDUAL,17,truncate,teacher_wrong,43,43,9.30232558139535,14.583333333333334,,4.159526869308117,-0.029594212770462036,4,2,,,,,,,,,,,,,MEASURED
PROPOSAL_RECOGNITION_MICRO,DEV_ALL_POST_LOCK,PR_R1_RESIDUAL,17,truncate,observed_base,60,60,30.0,40.32279314888011,,3.993347342809041,-0.013658430303136508,5,7,,,,,,,,,,,,,MEASURED
PROPOSAL_RECOGNITION_MICRO,DEV_ALL_POST_LOCK,PR_R1_RESIDUAL,17,truncate,zero_positive_base,9,9,77.77777777777779,60.0,,3.6409512095981174,0.016432368093066745,0,1,,,,,,,,,,,,,MEASURED
PROPOSAL_RECOGNITION_MICRO,DEV_ALL_POST_LOCK,PR_R1_RESIDUAL,17,truncate,heldout,18,18,72.22222222222221,80.30303030303028,,3.5650870667563543,0.016579737265904743,1,1,,,,,,,,,,,,,MEASURED
PROPOSAL_RECOGNITION_MICRO,DEV_ALL_POST_LOCK,PR_R1_RESIDUAL,17,append,all,87,87,45.97701149425287,60.10489510489509,,3.812217112245231,-0.004601119492930928,6,3,,,,,,,,,,,,,MEASURED
PROPOSAL_RECOGNITION_MICRO,DEV_ALL_POST_LOCK,PR_R1_RESIDUAL,17,append,teacher_correct,44,44,79.54545454545455,80.80459770114942,,3.5269996469671074,0.02172534523362463,1,3,,,,,,,,,,,,,MEASURED
PROPOSAL_RECOGNITION_MICRO,DEV_ALL_POST_LOCK,PR_R1_RESIDUAL,17,append,teacher_wrong,43,43,11.627906976744185,20.833333333333336,,4.104067541832148,-0.03153982758522034,5,0,,,,,,,,,,,,,MEASURED
PROPOSAL_RECOGNITION_MICRO,DEV_ALL_POST_LOCK,PR_R1_RESIDUAL,17,append,observed_base,60,60,31.666666666666664,45.90250329380765,,3.9293038328488668,-0.013589831565817197,5,3,,,,,,,,,,,,,MEASURED
PROPOSAL_RECOGNITION_MICRO,DEV_ALL_POST_LOCK,PR_R1_RESIDUAL,17,append,zero_positive_base,9,9,66.66666666666666,55.99999999999999,,3.5717409451802573,0.014100434051619636,0,0,,,,,,,,,,,,,MEASURED
PROPOSAL_RECOGNITION_MICRO,DEV_ALL_POST_LOCK,PR_R1_RESIDUAL,17,append,heldout,18,18,83.33333333333334,91.66666666666666,,3.5421661270989313,0.016010477311081357,1,0,,,,,,,,,,,,,MEASURED
PROPOSAL_RECOGNITION_MICRO,DEV_ALL_POST_LOCK,PR_R1_RESIDUAL,17,truncate_append,all,87,87,43.67816091954023,56.6006216006216,,3.845796248008465,-0.0059049746942246096,7,4,,,,,,,,,,,,,MEASURED
PROPOSAL_RECOGNITION_MICRO,DEV_ALL_POST_LOCK,PR_R1_RESIDUAL,17,truncate_append,teacher_correct,44,44,75.0,74.36781609195403,,3.5842244029045105,0.018658192150972107,2,3,,,,,,,,,,,,,MEASURED
PROPOSAL_RECOGNITION_MICRO,DEV_ALL_POST_LOCK,PR_R1_RESIDUAL,17,truncate_append,teacher_wrong,43,43,11.627906976744185,20.833333333333332,,4.113451159277628,-0.031039377977681713,5,1,,,,,,,,,,,,,MEASURED
PROPOSAL_RECOGNITION_MICRO,DEV_ALL_POST_LOCK,PR_R1_RESIDUAL,17,truncate_append,observed_base,60,60,28.333333333333332,39.9604743083004,,3.964199976126353,-0.015135276193420092,5,3,,,,,,,,,,,,,MEASURED
PROPOSAL_RECOGNITION_MICRO,DEV_ALL_POST_LOCK,PR_R1_RESIDUAL,17,truncate_append,zero_positive_base,9,9,77.77777777777779,76.0,,3.6001453664567737,0.015000641345977783,1,1,,,,,,,,,,,,,MEASURED
PROPOSAL_RECOGNITION_MICRO,DEV_ALL_POST_LOCK,PR_R1_RESIDUAL,17,truncate_append,heldout,18,18,77.77777777777779,82.57575757575756,,3.5739425950580173,0.014409888949659135,1,0,,,,,,,,,,,,,MEASURED
PROPOSAL_RECOGNITION_MICRO,DEV_ALL_POST_LOCK,PR_R1_RESIDUAL,17,all_conditions,all,87,348,45.689655172413794,58.32070707070708,,3.839111757004398,-0.004762334363727734,25,23,,,,,,,,,,,,,MEASURED
PROPOSAL_RECOGNITION_MICRO,DEV_ALL_POST_LOCK,PR_R1_RESIDUAL,17,all_conditions,teacher_correct,44,176,78.97727272727273,79.48275862068965,,3.5538361113179815,0.02098470909351652,5,20,,,,,,,,,,,,,MEASURED
PROPOSAL_RECOGNITION_MICRO,DEV_ALL_POST_LOCK,PR_R1_RESIDUAL,17,all_conditions,teacher_wrong,43,172,11.627906976744185,20.833333333333332,,4.13102172003236,-0.031108146273466045,20,3,,,,,,,,,,,,,MEASURED
PROPOSAL_RECOGNITION_MICRO,DEV_ALL_POST_LOCK,PR_R1_RESIDUAL,17,all_conditions,observed_base,60,240,32.083333333333336,44.56192358366272,,3.9604512681563695,-0.014024879628171524,20,17,,,,,,,,,,,,,MEASURED
PROPOSAL_RECOGNITION_MICRO,DEV_ALL_POST_LOCK,PR_R1_RESIDUAL,17,all_conditions,zero_positive_base,9,36,72.22222222222221,62.0,,3.6020615564452276,0.015244336591826545,1,4,,,,,,,,,,,,,MEASURED
PROPOSAL_RECOGNITION_MICRO,DEV_ALL_POST_LOCK,PR_R1_RESIDUAL,17,all_conditions,heldout,18,72,77.77777777777779,85.41666666666666,,3.553171820110745,0.016109481039974425,4,2,,,,,,,,,,,,,MEASURED
PROPOSAL_RECOGNITION_MICRO,DEV_ALL_POST_LOCK,PR_R2_KEEP,17,clean,all,87,87,35.63218390804598,51.4957264957265,,4.061422353503348,-0.015004090450961014,6,19,,,,,,,,,,,,,MEASURED
PROPOSAL_RECOGNITION_MICRO,DEV_ALL_POST_LOCK,PR_R2_KEEP,17,clean,teacher_correct,44,44,56.81818181818182,63.2183908045977,,3.818579787557775,0.004740314388817007,0,19,,,,,,,,,,,,,MEASURED
PROPOSAL_RECOGNITION_MICRO,DEV_ALL_POST_LOCK,PR_R2_KEEP,17,clean,teacher_wrong,43,43,13.953488372093023,28.125,,4.309912420982538,-0.03520766749631527,6,0,,,,,,,,,,,,,MEASURED
PROPOSAL_RECOGNITION_MICRO,DEV_ALL_POST_LOCK,PR_R2_KEEP,17,clean,observed_base,60,60,28.333333333333332,49.56521739130435,,4.130153016249339,-0.020822959517439208,5,10,,,,,,,,,,,,,MEASURED
PROPOSAL_RECOGNITION_MICRO,DEV_ALL_POST_LOCK,PR_R2_KEEP,17,clean,zero_positive_base,9,9,44.44444444444444,32.0,,4.0134400261773004,-0.01726951367325253,0,4,,,,,,,,,,,,,MEASURED
PROPOSAL_RECOGNITION_MICRO,DEV_ALL_POST_LOCK,PR_R2_KEEP,17,clean,heldout,18,18,55.55555555555556,64.39393939393939,,3.856311308013068,0.005524851381778717,1,5,,,,,,,,,,,,,MEASURED
PROPOSAL_RECOGNITION_MICRO,DEV_ALL_POST_LOCK,PR_R2_KEEP,17,truncate,all,87,87,34.48275862068966,47.86324786324786,,4.127198249444194,-0.018806720944656723,6,17,,,,,,,,,,,,,MEASURED
PROPOSAL_RECOGNITION_MICRO,DEV_ALL_POST_LOCK,PR_R2_KEEP,17,truncate,teacher_correct,44,44,56.81818181818182,63.2183908045977,,3.902269032868472,-0.0002401030876419761,1,15,,,,,,,,,,,,,MEASURED
PROPOSAL_RECOGNITION_MICRO,DEV_ALL_POST_LOCK,PR_R2_KEEP,17,truncate,teacher_wrong,43,43,11.627906976744185,21.875,,4.357358378033306,-0.03780512061229972,5,2,,,,,,,,,,,,,MEASURED
PROPOSAL_RECOGNITION_MICRO,DEV_ALL_POST_LOCK,PR_R2_KEEP,17,truncate,observed_base,60,60,26.666666666666668,43.40579710144928,,4.183139491081238,-0.023577349136273067,5,9,,,,,,,,,,,,,MEASURED
PROPOSAL_RECOGNITION_MICRO,DEV_ALL_POST_LOCK,PR_R2_KEEP,17,truncate,zero_positive_base,9,9,44.44444444444444,32.0,,4.143619272443983,-0.02840086321036021,0,4,,,,,,,,,,,,,MEASURED
PROPOSAL_RECOGNITION_MICRO,DEV_ALL_POST_LOCK,PR_R2_KEEP,17,truncate,heldout,18,18,55.55555555555556,64.39393939393939,,3.932516932487488,0.0018924441602494982,1,4,,,,,,,,,,,,,MEASURED
PROPOSAL_RECOGNITION_MICRO,DEV_ALL_POST_LOCK,PR_R2_KEEP,17,append,all,87,87,37.93103448275862,54.91452991452991,,4.030618086628531,-0.01449868819494357,10,14,,,,,,,,,,,,,MEASURED
PROPOSAL_RECOGNITION_MICRO,DEV_ALL_POST_LOCK,PR_R2_KEEP,17,append,teacher_correct,44,44,56.81818181818182,64.94252873563218,,3.7901008941910486,0.005700542168183761,2,14,,,,,,,,,,,,,MEASURED
PROPOSAL_RECOGNITION_MICRO,DEV_ALL_POST_LOCK,PR_R2_KEEP,17,append,teacher_wrong,43,43,18.6046511627907,33.33333333333333,,4.276728702145953,-0.035167668101399444,8,0,,,,,,,,,,,,,MEASURED
PROPOSAL_RECOGNITION_MICRO,DEV_ALL_POST_LOCK,PR_R2_KEEP,17,append,observed_base,60,60,30.0,51.014492753623195,,4.121505161126454,-0.021450205147266387,9,8,,,,,,,,,,,,,MEASURED
PROPOSAL_RECOGNITION_MICRO,DEV_ALL_POST_LOCK,PR_R2_KEEP,17,append,zero_positive_base,9,9,55.55555555555556,52.0,,3.8430563608805337,-0.006240528490808275,0,1,,,,,,,,,,,,,MEASURED
PROPOSAL_RECOGNITION_MICRO,DEV_ALL_POST_LOCK,PR_R2_KEEP,17,append,heldout,18,18,55.55555555555556,64.39393939393939,,3.821442034509447,0.004543955127398173,1,5,,,,,,,,,,,,,MEASURED
PROPOSAL_RECOGNITION_MICRO,DEV_ALL_POST_LOCK,PR_R2_KEEP,17,truncate_append,all,87,87,34.48275862068966,48.16239316239316,,4.078527469744627,-0.017553736594901687,7,12,,,,,,,,,,,,,MEASURED
PROPOSAL_RECOGNITION_MICRO,DEV_ALL_POST_LOCK,PR_R2_KEEP,17,truncate_append,teacher_correct,44,44,54.54545454545454,58.73563218390804,,3.8557193116708235,0.0017921585928310048,2,12,,,,,,,,,,,,,MEASURED
PROPOSAL_RECOGNITION_MICRO,DEV_ALL_POST_LOCK,PR_R2_KEEP,17,truncate_append,teacher_wrong,43,43,13.953488372093023,25.0,,4.306517212889915,-0.03734953632188398,5,0,,,,,,,,,,,,,MEASURED
PROPOSAL_RECOGNITION_MICRO,DEV_ALL_POST_LOCK,PR_R2_KEEP,17,truncate_append,observed_base,60,60,26.666666666666668,43.91304347826087,,4.158337227503458,-0.023983164876699447,6,5,,,,,,,,,,,,,MEASURED
PROPOSAL_RECOGNITION_MICRO,DEV_ALL_POST_LOCK,PR_R2_KEEP,17,truncate_append,zero_positive_base,9,9,44.44444444444444,32.0,,3.926339281929864,-0.012542047434382968,0,3,,,,,,,,,,,,,MEASURED
PROPOSAL_RECOGNITION_MICRO,DEV_ALL_POST_LOCK,PR_R2_KEEP,17,truncate_append,heldout,18,18,55.55555555555556,64.39393939393939,,3.888589037789239,0.0013718464308314854,1,4,,,,,,,,,,,,,MEASURED
PROPOSAL_RECOGNITION_MICRO,DEV_ALL_POST_LOCK,PR_R2_KEEP,17,all_conditions,all,87,348,35.63218390804598,50.60897435897436,,4.0744415398301745,-0.01646580904636575,29,62,,,,,,,,,,,,,MEASURED
PROPOSAL_RECOGNITION_MICRO,DEV_ALL_POST_LOCK,PR_R2_KEEP,17,all_conditions,teacher_correct,44,176,56.25,62.52873563218391,,3.84166725657203,0.002998228015547449,5,60,,,,,,,,,,,,,MEASURED
PROPOSAL_RECOGNITION_MICRO,DEV_ALL_POST_LOCK,PR_R2_KEEP,17,all_conditions,teacher_wrong,43,172,14.534883720930234,27.083333333333332,,4.312629178512928,-0.0363824981329746,24,2,,,,,,,,,,,,,MEASURED
PROPOSAL_RECOGNITION_MICRO,DEV_ALL_POST_LOCK,PR_R2_KEEP,17,all_conditions,observed_base,60,240,27.916666666666668,46.97463768115942,,4.148283723990122,-0.022458419669419527,25,32,,,,,,,,,,,,,MEASURED
PROPOSAL_RECOGNITION_MICRO,DEV_ALL_POST_LOCK,PR_R2_KEEP,17,all_conditions,zero_positive_base,9,36,47.22222222222222,37.0,,3.98161373535792,-0.016113238202200994,0,12,,,,,,,,,,,,,MEASURED
PROPOSAL_RECOGNITION_MICRO,DEV_ALL_POST_LOCK,PR_R2_KEEP,17,all_conditions,heldout,18,72,55.55555555555556,64.39393939393939,,3.8747148281998105,0.0033332742750644684,4,18,,,,,,,,,,,,,MEASURED
PROPOSAL_RECOGNITION_MICRO,DEV_ALL_POST_LOCK,PR_R3_RESIDUAL_KEEP,17,clean,all,87,87,45.97701149425287,63.205128205128204,,3.7418432427548813,-0.00409338109452149,5,9,,,,,,,,,,,,,MEASURED
PROPOSAL_RECOGNITION_MICRO,DEV_ALL_POST_LOCK,PR_R3_RESIDUAL_KEEP,17,clean,teacher_correct,44,44,79.54545454545455,81.83908045977012,,3.4000461860136553,0.025587276978926224,0,9,,,,,,,,,,,,,MEASURED
PROPOSAL_RECOGNITION_MICRO,DEV_ALL_POST_LOCK,PR_R3_RESIDUAL_KEEP,17,clean,teacher_wrong,43,43,11.627906976744185,20.833333333333336,,4.091589068257531,-0.034464287030142406,5,0,,,,,,,,,,,,,MEASURED
PROPOSAL_RECOGNITION_MICRO,DEV_ALL_POST_LOCK,PR_R3_RESIDUAL_KEEP,17,clean,observed_base,60,60,33.33333333333333,52.028985507246375,,3.9003400564193726,-0.015257261569301288,4,6,,,,,,,,,,,,,MEASURED
PROPOSAL_RECOGNITION_MICRO,DEV_ALL_POST_LOCK,PR_R3_RESIDUAL_KEEP,17,clean,zero_positive_base,9,9,55.55555555555556,52.0,,3.453847461276584,0.013334428270657858,0,3,,,,,,,,,,,,,MEASURED
PROPOSAL_RECOGNITION_MICRO,DEV_ALL_POST_LOCK,PR_R3_RESIDUAL_KEEP,17,clean,heldout,18,18,83.33333333333334,91.66666666666666,,3.3575184212790594,0.024405649138821497,1,0,,,,,,,,,,,,,MEASURED
PROPOSAL_RECOGNITION_MICRO,DEV_ALL_POST_LOCK,PR_R3_RESIDUAL_KEEP,17,truncate,all,87,87,43.67816091954023,58.71794871794871,,3.7751293346799653,-0.0040236786007881165,7,10,,,,,,,,,,,,,MEASURED
PROPOSAL_RECOGNITION_MICRO,DEV_ALL_POST_LOCK,PR_R3_RESIDUAL_KEEP,17,truncate,teacher_correct,44,44,75.0,77.24137931034483,,3.4497844631021675,0.02366943284869194,2,8,,,,,,,,,,,,,MEASURED
PROPOSAL_RECOGNITION_MICRO,DEV_ALL_POST_LOCK,PR_R3_RESIDUAL_KEEP,17,truncate,teacher_wrong,43,43,11.627906976744185,20.833333333333332,,4.108040366061898,-0.0323608158979305,5,2,,,,,,,,,,,,,MEASURED
PROPOSAL_RECOGNITION_MICRO,DEV_ALL_POST_LOCK,PR_R3_RESIDUAL_KEEP,17,truncate,observed_base,60,60,28.333333333333332,43.550724637681164,,3.932932468255361,-0.01506223442653815,4,7,,,,,,,,,,,,,MEASURED
PROPOSAL_RECOGNITION_MICRO,DEV_ALL_POST_LOCK,PR_R3_RESIDUAL_KEEP,17,truncate,zero_positive_base,9,9,77.77777777777779,76.0,,3.5136544704437256,0.014336625734965006,1,2,,,,,,,,,,,,,MEASURED
PROPOSAL_RECOGNITION_MICRO,DEV_ALL_POST_LOCK,PR_R3_RESIDUAL_KEEP,17,truncate,heldout,18,18,77.77777777777779,82.57575757575756,,3.3798563215467663,0.023591355317168765,2,1,,,,,,,,,,,,,MEASURED
PROPOSAL_RECOGNITION_MICRO,DEV_ALL_POST_LOCK,PR_R3_RESIDUAL_KEEP,17,append,all,87,87,45.97701149425287,63.205128205128204,,3.7347726493046203,-0.005685399147285812,7,4,,,,,,,,,,,,,MEASURED
PROPOSAL_RECOGNITION_MICRO,DEV_ALL_POST_LOCK,PR_R3_RESIDUAL_KEEP,17,append,teacher_correct,44,44,77.27272727272727,78.39080459770116,,3.41748708486557,0.02326480434699492,1,4,,,,,,,,,,,,,MEASURED
PROPOSAL_RECOGNITION_MICRO,DEV_ALL_POST_LOCK,PR_R3_RESIDUAL_KEEP,17,append,teacher_wrong,43,43,13.953488372093023,27.083333333333332,,4.059436947800393,-0.03530886318794517,6,0,,,,,,,,,,,,,MEASURED
PROPOSAL_RECOGNITION_MICRO,DEV_ALL_POST_LOCK,PR_R3_RESIDUAL_KEEP,17,append,observed_base,60,60,31.666666666666664,47.68115942028985,,3.8873528083165487,-0.01655989189942678,5,3,,,,,,,,,,,,,MEASURED
PROPOSAL_RECOGNITION_MICRO,DEV_ALL_POST_LOCK,PR_R3_RESIDUAL_KEEP,17,append,zero_positive_base,9,9,66.66666666666666,72.0,,3.4229150083329944,0.01281541751490699,1,1,,,,,,,,,,,,,MEASURED
PROPOSAL_RECOGNITION_MICRO,DEV_ALL_POST_LOCK,PR_R3_RESIDUAL_KEEP,17,append,heldout,18,18,83.33333333333334,91.66666666666666,,3.3821009397506714,0.021312501695421007,1,0,,,,,,,,,,,,,MEASURED
PROPOSAL_RECOGNITION_MICRO,DEV_ALL_POST_LOCK,PR_R3_RESIDUAL_KEEP,17,truncate_append,all,87,87,42.5287356321839,60.55555555555555,,3.765604575475057,-0.006894998509308387,8,6,,,,,,,,,,,,,MEASURED
PROPOSAL_RECOGNITION_MICRO,DEV_ALL_POST_LOCK,PR_R3_RESIDUAL_KEEP,17,truncate_append,teacher_correct,44,44,72.72727272727273,76.55172413793103,,3.4646994146433743,0.020899927412921734,3,5,,,,,,,,,,,,,MEASURED
PROPOSAL_RECOGNITION_MICRO,DEV_ALL_POST_LOCK,PR_R3_RESIDUAL_KEEP,17,truncate_append,teacher_wrong,43,43,11.627906976744185,20.833333333333332,,4.073507530744686,-0.03533631805763688,5,1,,,,,,,,,,,,,MEASURED
PROPOSAL_RECOGNITION_MICRO,DEV_ALL_POST_LOCK,PR_R3_RESIDUAL_KEEP,17,truncate_append,observed_base,60,60,26.666666666666668,43.188405797101446,,3.9180751840273538,-0.017884398500124615,5,4,,,,,,,,,,,,,MEASURED
PROPOSAL_RECOGNITION_MICRO,DEV_ALL_POST_LOCK,PR_R3_RESIDUAL_KEEP,17,truncate_append,zero_positive_base,9,9,66.66666666666666,72.0,,3.4631331231858997,0.011845787366231283,1,2,,,,,,,,,,,,,MEASURED
PROPOSAL_RECOGNITION_MICRO,DEV_ALL_POST_LOCK,PR_R3_RESIDUAL_KEEP,17,truncate_append,heldout,18,18,83.33333333333334,91.66666666666666,,3.408604939778646,0.02036594185564253,2,0,,,,,,,,,,,,,MEASURED
PROPOSAL_RECOGNITION_MICRO,DEV_ALL_POST_LOCK,PR_R3_RESIDUAL_KEEP,17,all_conditions,all,87,348,44.54022988505747,61.42094017094016,,3.754337450553631,-0.005174364337975952,27,29,,,,,,,,,,,,,MEASURED
PROPOSAL_RECOGNITION_MICRO,DEV_ALL_POST_LOCK,PR_R3_RESIDUAL_KEEP,17,all_conditions,teacher_correct,44,176,76.13636363636364,78.50574712643677,,3.4330042871561917,0.023355360396883705,6,26,,,,,,,,,,,,,MEASURED
PROPOSAL_RECOGNITION_MICRO,DEV_ALL_POST_LOCK,PR_R3_RESIDUAL_KEEP,17,all_conditions,teacher_wrong,43,172,12.209302325581394,22.395833333333332,,4.083143478216127,-0.03436757104341374,21,3,,,,,,,,,,,,,MEASURED
PROPOSAL_RECOGNITION_MICRO,DEV_ALL_POST_LOCK,PR_R3_RESIDUAL_KEEP,17,all_conditions,observed_base,60,240,30.0,46.61231884057971,,3.909675129254659,-0.01619094659884771,18,20,,,,,,,,,,,,,MEASURED
PROPOSAL_RECOGNITION_MICRO,DEV_ALL_POST_LOCK,PR_R3_RESIDUAL_KEEP,17,all_conditions,zero_positive_base,9,36,66.66666666666666,68.0,,3.463387515809801,0.013083064721690284,3,8,,,,,,,,,,,,,MEASURED
PROPOSAL_RECOGNITION_MICRO,DEV_ALL_POST_LOCK,PR_R3_RESIDUAL_KEEP,17,all_conditions,heldout,18,72,81.94444444444444,89.39393939393938,,3.3820201555887857,0.022418862001763448,6,1,,,,,,,,,,,,,MEASURED
CORRUPTION_NO_OP_COVERAGE,OLD_H_EXPOSED,COMMON_PROPOSAL_BANK,,truncate,,101,,,,,,,,,,,,,,,,,0,,,,ORIGINAL_OBJECT_DENOMINATOR_CORRELATED_CONDITIONS
CORRUPTION_NO_OP_COVERAGE,OLD_H_EXPOSED,COMMON_PROPOSAL_BANK,,append,,101,,,,,,,,,,,,,,,,,5,,,,ORIGINAL_OBJECT_DENOMINATOR_CORRELATED_CONDITIONS
CORRUPTION_NO_OP_COVERAGE,OLD_H_EXPOSED,COMMON_PROPOSAL_BANK,,truncate_append,,101,,,,,,,,,,,,,,,,,0,,,,ORIGINAL_OBJECT_DENOMINATOR_CORRELATED_CONDITIONS
PROPOSAL_RECOGNITION_MICRO,OLD_H_EXPOSED,FC8,,clean,all,101,101,33.663366336633665,42.55693581780538,,4.473302369070526,-0.016004180259043627,0,0,,,,,,,,,,,,,MEASURED
PROPOSAL_RECOGNITION_MICRO,OLD_H_EXPOSED,FC8,,clean,teacher_correct,34,34,100.0,100.0,,4.139543533325195,0.017101315014502582,0,0,,,,,,,,,,,,,MEASURED
PROPOSAL_RECOGNITION_MICRO,OLD_H_EXPOSED,FC8,,clean,teacher_wrong,67,67,0.0,0.0,,4.6426725245233795,-0.03280398383069394,0,0,,,,,,,,,,,,,MEASURED
PROPOSAL_RECOGNITION_MICRO,OLD_H_EXPOSED,FC8,,clean,observed_base,70,70,28.57142857142857,42.301587301587304,,4.44821959904262,-0.019777728617191313,0,0,,,,,,,,,,,,,MEASURED
PROPOSAL_RECOGNITION_MICRO,OLD_H_EXPOSED,FC8,,clean,zero_positive_base,9,9,22.22222222222222,32.14285714285714,,4.847202142079671,-0.028239003486103482,0,0,,,,,,,,,,,,,MEASURED
PROPOSAL_RECOGNITION_MICRO,OLD_H_EXPOSED,FC8,,clean,heldout,22,22,54.54545454545454,46.666666666666664,,4.400152184746482,0.0010077194734053178,0,0,,,,,,,,,,,,,MEASURED
PROPOSAL_RECOGNITION_MICRO,OLD_H_EXPOSED,FC8,,truncate,all,101,101,34.65346534653465,45.11732229123533,,4.488479576488532,-0.015340319364377767,0,0,,,,,,,,,,,,,MEASURED
PROPOSAL_RECOGNITION_MICRO,OLD_H_EXPOSED,FC8,,truncate,teacher_correct,34,34,91.17647058823529,89.77777777777777,,4.14265062528498,0.016857365036711973,0,0,,,,,,,,,,,,,MEASURED
PROPOSAL_RECOGNITION_MICRO,OLD_H_EXPOSED,FC8,,truncate,teacher_wrong,67,67,5.970149253731343,15.882352941176473,,4.663974865158992,-0.03167944279179644,0,0,,,,,,,,,,,,,MEASURED
PROPOSAL_RECOGNITION_MICRO,OLD_H_EXPOSED,FC8,,truncate,observed_base,70,70,25.71428571428571,40.22751322751323,,4.476959473746163,-0.019474731811455318,0,0,,,,,,,,,,,,,MEASURED
PROPOSAL_RECOGNITION_MICRO,OLD_H_EXPOSED,FC8,,truncate,zero_positive_base,9,9,33.33333333333333,57.14285714285714,,4.867307292090522,-0.029175478551122878,0,0,,,,,,,,,,,,,MEASURED
PROPOSAL_RECOGNITION_MICRO,OLD_H_EXPOSED,FC8,,truncate,heldout,22,22,63.63636363636363,53.333333333333336,,4.370159474286166,0.003474467179991982,0,0,,,,,,,,,,,,,MEASURED
PROPOSAL_RECOGNITION_MICRO,OLD_H_EXPOSED,FC8,,append,all,101,101,32.67326732673268,42.66045548654244,,4.468422995935573,-0.016419720826762737,0,0,,,,,,,,,,,,,MEASURED
PROPOSAL_RECOGNITION_MICRO,OLD_H_EXPOSED,FC8,,append,teacher_correct,34,34,94.11764705882352,91.11111111111111,,4.139338205842411,0.016825913068126228,0,0,,,,,,,,,,,,,MEASURED
PROPOSAL_RECOGNITION_MICRO,OLD_H_EXPOSED,FC8,,append,teacher_wrong,67,67,1.4925373134328357,5.88235294117647,,4.635421247624639,-0.03329063951969147,0,0,,,,,,,,,,,,,MEASURED
PROPOSAL_RECOGNITION_MICRO,OLD_H_EXPOSED,FC8,,append,observed_base,70,70,25.71428571428571,39.12698412698413,,4.4392105783735,-0.02035914340189525,0,0,,,,,,,,,,,,,MEASURED
PROPOSAL_RECOGNITION_MICRO,OLD_H_EXPOSED,FC8,,append,zero_positive_base,9,9,33.33333333333333,57.14285714285714,,4.840386364195082,-0.027314293715688918,0,0,,,,,,,,,,,,,MEASURED
PROPOSAL_RECOGNITION_MICRO,OLD_H_EXPOSED,FC8,,append,heldout,22,22,54.54545454545454,46.666666666666664,,4.409204764799639,0.0005716762759468772,0,0,,,,,,,,,,,,,MEASURED
PROPOSAL_RECOGNITION_MICRO,OLD_H_EXPOSED,FC8,,truncate_append,all,101,101,33.663366336633665,43.86128364389234,,4.482430630391187,-0.01621277615575507,0,0,,,,,,,,,,,,,MEASURED
PROPOSAL_RECOGNITION_MICRO,OLD_H_EXPOSED,FC8,,truncate_append,teacher_correct,34,34,91.17647058823529,90.66666666666666,,4.145675182342529,0.016519242788062376,0,0,,,,,,,,,,,,,MEASURED
PROPOSAL_RECOGNITION_MICRO,OLD_H_EXPOSED,FC8,,truncate_append,teacher_wrong,67,67,4.477611940298507,10.0,,4.653321454774088,-0.03282305442575199,0,0,,,,,,,,,,,,,MEASURED
PROPOSAL_RECOGNITION_MICRO,OLD_H_EXPOSED,FC8,,truncate_append,observed_base,70,70,25.71428571428571,39.634920634920626,,4.467428459439959,-0.020668163682733262,0,0,,,,,,,,,,,,,MEASURED
PROPOSAL_RECOGNITION_MICRO,OLD_H_EXPOSED,FC8,,truncate_append,zero_positive_base,9,9,33.33333333333333,57.14285714285714,,4.852406872643365,-0.027570270829730563,0,0,,,,,,,,,,,,,MEASURED
PROPOSAL_RECOGNITION_MICRO,OLD_H_EXPOSED,FC8,,truncate_append,heldout,22,22,59.09090909090909,50.0,,4.378810893405568,0.002609704705801877,0,0,,,,,,,,,,,,,MEASURED
PROPOSAL_RECOGNITION_MICRO,OLD_H_EXPOSED,FC8,,all_conditions,all,101,404,33.663366336633665,43.548999309868876,,4.478158892971455,-0.015994249151484802,0,0,,,,,,,,,,,,,MEASURED
PROPOSAL_RECOGNITION_MICRO,OLD_H_EXPOSED,FC8,,all_conditions,teacher_correct,34,136,94.11764705882352,92.88888888888887,,4.141801886698779,0.01682595897685079,0,0,,,,,,,,,,,,,MEASURED
PROPOSAL_RECOGNITION_MICRO,OLD_H_EXPOSED,FC8,,all_conditions,teacher_wrong,67,268,2.9850746268656714,7.941176470588236,,4.648847523020275,-0.03264928014198346,0,0,,,,,,,,,,,,,MEASURED
PROPOSAL_RECOGNITION_MICRO,OLD_H_EXPOSED,FC8,,all_conditions,observed_base,70,280,26.42857142857143,40.32275132275133,,4.4579545276505606,-0.020069941878318787,0,0,,,,,,,,,,,,,MEASURED
PROPOSAL_RECOGNITION_MICRO,OLD_H_EXPOSED,FC8,,all_conditions,zero_positive_base,9,36,30.555555555555557,50.89285714285714,,4.85182566775216,-0.02807476164566146,0,0,,,,,,,,,,,,,MEASURED
PROPOSAL_RECOGNITION_MICRO,OLD_H_EXPOSED,FC8,,all_conditions,heldout,22,88,57.95454545454546,49.16666666666667,,4.3895818293094635,0.0019158919087865136,0,0,,,,,,,,,,,,,MEASURED
PROPOSAL_RECOGNITION_MICRO,OLD_H_EXPOSED,PR_R0_DIRECT,17,clean,all,101,101,23.762376237623762,28.423050379572118,,4.209842835322465,-0.02691206328644611,5,15,,,,,,,,,,,,,MEASURED
PROPOSAL_RECOGNITION_MICRO,OLD_H_EXPOSED,PR_R0_DIRECT,17,clean,teacher_correct,34,34,55.88235294117647,58.44444444444444,,3.9488730430603027,-0.0004504984792541055,0,15,,,,,,,,,,,,,MEASURED
PROPOSAL_RECOGNITION_MICRO,OLD_H_EXPOSED,PR_R0_DIRECT,17,clean,teacher_wrong,67,67,7.462686567164178,7.0588235294117645,,4.342275267216697,-0.04034032005427489,5,0,,,,,,,,,,,,,MEASURED
PROPOSAL_RECOGNITION_MICRO,OLD_H_EXPOSED,PR_R0_DIRECT,17,clean,observed_base,70,70,22.857142857142858,31.96296296296296,,4.228186385972159,-0.03154554058398519,4,8,,,,,,,,,,,,,MEASURED
PROPOSAL_RECOGNITION_MICRO,OLD_H_EXPOSED,PR_R0_DIRECT,17,clean,zero_positive_base,9,9,11.11111111111111,7.142857142857142,,4.403718974855211,-0.02994317313035329,0,1,,,,,,,,,,,,,MEASURED
PROPOSAL_RECOGNITION_MICRO,OLD_H_EXPOSED,PR_R0_DIRECT,17,clean,heldout,22,22,31.818181818181817,26.666666666666668,,4.072164026173678,-0.010929181494496086,1,6,,,,,,,,,,,,,MEASURED
PROPOSAL_RECOGNITION_MICRO,OLD_H_EXPOSED,PR_R0_DIRECT,17,truncate,all,101,101,22.772277227722775,27.698412698412696,,4.244778793637115,-0.02808246200922692,4,16,,,,,,,,,,,,,MEASURED
PROPOSAL_RECOGNITION_MICRO,OLD_H_EXPOSED,PR_R0_DIRECT,17,truncate,teacher_correct,34,34,55.88235294117647,58.44444444444444,,4.011124723097858,-0.004741024883354411,1,13,,,,,,,,,,,,,MEASURED
PROPOSAL_RECOGNITION_MICRO,OLD_H_EXPOSED,PR_R0_DIRECT,17,truncate,teacher_wrong,67,67,5.970149253731343,6.078431372549018,,4.363349516000321,-0.039927370401460736,3,3,,,,,,,,,,,,,MEASURED
PROPOSAL_RECOGNITION_MICRO,OLD_H_EXPOSED,PR_R0_DIRECT,17,truncate,observed_base,70,70,21.428571428571427,30.85185185185185,,4.272622350284031,-0.032931633825813024,3,6,,,,,,,,,,,,,MEASURED
PROPOSAL_RECOGNITION_MICRO,OLD_H_EXPOSED,PR_R0_DIRECT,17,truncate,zero_positive_base,9,9,11.11111111111111,7.142857142857142,,4.430810160107082,-0.029343297084172566,0,2,,,,,,,,,,,,,MEASURED
PROPOSAL_RECOGNITION_MICRO,OLD_H_EXPOSED,PR_R0_DIRECT,17,truncate,heldout,22,22,31.818181818181817,26.666666666666668,,4.08008191802285,-0.01213748278942975,1,8,,,,,,,,,,,,,MEASURED
PROPOSAL_RECOGNITION_MICRO,OLD_H_EXPOSED,PR_R0_DIRECT,17,append,all,101,101,24.752475247524753,30.089717046238786,,4.20978854906441,-0.027258323929687536,6,14,,,,,,,,,,,,,MEASURED
PROPOSAL_RECOGNITION_MICRO,OLD_H_EXPOSED,PR_R0_DIRECT,17,append,teacher_correct,34,34,55.88235294117647,58.44444444444444,,3.9559082844678093,-0.0006621076780207016,0,13,,,,,,,,,,,,,MEASURED
PROPOSAL_RECOGNITION_MICRO,OLD_H_EXPOSED,PR_R0_DIRECT,17,append,teacher_wrong,67,67,8.955223880597014,11.76470588235294,,4.3386233102029825,-0.040754911281279664,6,1,,,,,,,,,,,,,MEASURED
PROPOSAL_RECOGNITION_MICRO,OLD_H_EXPOSED,PR_R0_DIRECT,17,append,observed_base,70,70,25.71428571428571,35.851851851851855,,4.228310874530247,-0.03220943989498275,6,6,,,,,,,,,,,,,MEASURED
PROPOSAL_RECOGNITION_MICRO,OLD_H_EXPOSED,PR_R0_DIRECT,17,append,zero_positive_base,9,9,11.11111111111111,7.142857142857142,,4.3872519334157305,-0.028649927841292486,0,2,,,,,,,,,,,,,MEASURED
PROPOSAL_RECOGNITION_MICRO,OLD_H_EXPOSED,PR_R0_DIRECT,17,append,heldout,22,22,27.27272727272727,23.333333333333332,,4.078255219893022,-0.01093548062172803,0,6,,,,,,,,,,,,,MEASURED
PROPOSAL_RECOGNITION_MICRO,OLD_H_EXPOSED,PR_R0_DIRECT,17,truncate_append,all,101,101,22.772277227722775,27.915804002760524,,4.2353030454994425,-0.028302646730795945,4,15,,,,,,,,,,,,,MEASURED
PROPOSAL_RECOGNITION_MICRO,OLD_H_EXPOSED,PR_R0_DIRECT,17,truncate_append,teacher_correct,34,34,55.88235294117647,58.44444444444444,,4.012153604451348,-0.004436002934680265,1,13,,,,,,,,,,,,,MEASURED
PROPOSAL_RECOGNITION_MICRO,OLD_H_EXPOSED,PR_R0_DIRECT,17,truncate_append,teacher_wrong,67,67,5.970149253731343,7.8431372549019605,,4.34854306035967,-0.04041407791091435,3,2,,,,,,,,,,,,,MEASURED
PROPOSAL_RECOGNITION_MICRO,OLD_H_EXPOSED,PR_R0_DIRECT,17,truncate_append,observed_base,70,70,22.857142857142858,32.51851851851852,,4.262193022455488,-0.03353065709982599,4,6,,,,,,,,,,,,,MEASURED
PROPOSAL_RECOGNITION_MICRO,OLD_H_EXPOSED,PR_R0_DIRECT,17,truncate_append,zero_positive_base,9,9,11.11111111111111,7.142857142857142,,4.397798909081353,-0.026575474275483027,0,2,,,,,,,,,,,,,MEASURED
PROPOSAL_RECOGNITION_MICRO,OLD_H_EXPOSED,PR_R0_DIRECT,17,truncate_append,heldout,22,22,27.27272727272727,23.333333333333332,,4.083268447355791,-0.01237463883378289,0,7,,,,,,,,,,,,,MEASURED
PROPOSAL_RECOGNITION_MICRO,OLD_H_EXPOSED,PR_R0_DIRECT,17,all_conditions,all,101,404,23.51485148514851,28.53174603174603,,4.224928305880858,-0.02763887398903913,19,60,,,,,,,,,,,,,MEASURED
PROPOSAL_RECOGNITION_MICRO,OLD_H_EXPOSED,PR_R0_DIRECT,17,all_conditions,teacher_correct,34,136,55.88235294117647,58.44444444444444,,3.9820149137693295,-0.002572408493827371,2,54,,,,,,,,,,,,,MEASURED
PROPOSAL_RECOGNITION_MICRO,OLD_H_EXPOSED,PR_R0_DIRECT,17,all_conditions,teacher_wrong,67,268,7.08955223880597,8.186274509803921,,4.348197788444917,-0.04035916991198241,17,6,,,,,,,,,,,,,MEASURED
PROPOSAL_RECOGNITION_MICRO,OLD_H_EXPOSED,PR_R0_DIRECT,17,all_conditions,observed_base,70,280,23.214285714285715,32.7962962962963,,4.247828158310481,-0.03255431785115174,17,26,,,,,,,,,,,,,MEASURED
PROPOSAL_RECOGNITION_MICRO,OLD_H_EXPOSED,PR_R0_DIRECT,17,all_conditions,zero_positive_base,9,36,11.11111111111111,7.142857142857142,,4.404894994364844,-0.028627968082825344,0,7,,,,,,,,,,,,,MEASURED
PROPOSAL_RECOGNITION_MICRO,OLD_H_EXPOSED,PR_R0_DIRECT,17,all_conditions,heldout,22,88,29.545454545454547,25.0,,4.078442402861335,-0.01159419593485919,2,27,,,,,,,,,,,,,MEASURED
PROPOSAL_RECOGNITION_MICRO,OLD_H_EXPOSED,PR_R1_RESIDUAL,17,clean,all,101,101,27.722772277227726,33.343685300207035,,4.224075397642532,-0.024388376807812417,5,11,,,,,,,,,,,,,MEASURED
PROPOSAL_RECOGNITION_MICRO,OLD_H_EXPOSED,PR_R1_RESIDUAL,17,clean,teacher_correct,34,34,67.64705882352942,76.55555555555557,,3.867837295812719,0.007516915964729646,0,11,,,,,,,,,,,,,MEASURED
PROPOSAL_RECOGNITION_MICRO,OLD_H_EXPOSED,PR_R1_RESIDUAL,17,clean,teacher_wrong,67,67,7.462686567164178,7.8431372549019605,,4.404852941854676,-0.040579122393878536,5,0,,,,,,,,,,,,,MEASURED
PROPOSAL_RECOGNITION_MICRO,OLD_H_EXPOSED,PR_R1_RESIDUAL,17,clean,observed_base,70,70,27.142857142857142,35.84126984126985,,4.219255869729178,-0.02822631544300488,5,6,,,,,,,,,,,,,MEASURED
PROPOSAL_RECOGNITION_MICRO,OLD_H_EXPOSED,PR_R1_RESIDUAL,17,clean,zero_positive_base,9,9,22.22222222222222,32.14285714285714,,4.629742648866442,-0.03367823362350464,0,0,,,,,,,,,,,,,MEASURED
PROPOSAL_RECOGNITION_MICRO,OLD_H_EXPOSED,PR_R1_RESIDUAL,17,clean,heldout,22,22,31.818181818181817,27.499999999999996,,4.073455474593422,-0.008376357907598669,0,5,,,,,,,,,,,,,MEASURED
PROPOSAL_RECOGNITION_MICRO,OLD_H_EXPOSED,PR_R1_RESIDUAL,17,truncate,all,101,101,26.732673267326735,34.55141476880607,,4.254936036497059,-0.02369424176983314,5,13,,,,,,,,,,,,,MEASURED
PROPOSAL_RECOGNITION_MICRO,OLD_H_EXPOSED,PR_R1_RESIDUAL,17,truncate,teacher_correct,34,34,64.70588235294117,69.8888888888889,,3.900909157360301,0.0059516543851179235,1,10,,,,,,,,,,,,,MEASURED
PROPOSAL_RECOGNITION_MICRO,OLD_H_EXPOSED,PR_R1_RESIDUAL,17,truncate,teacher_wrong,67,67,7.462686567164178,11.76470588235294,,4.434591467700788,-0.038738427878315766,4,3,,,,,,,,,,,,,MEASURED
PROPOSAL_RECOGNITION_MICRO,OLD_H_EXPOSED,PR_R1_RESIDUAL,17,truncate,observed_base,70,70,25.71428571428571,37.6931216931217,,4.264119802202497,-0.027695394307374954,5,5,,,,,,,,,,,,,MEASURED
PROPOSAL_RECOGNITION_MICRO,OLD_H_EXPOSED,PR_R1_RESIDUAL,17,truncate,zero_positive_base,9,9,22.22222222222222,32.14285714285714,,4.6824759642283125,-0.034846569101015724,0,1,,,,,,,,,,,,,MEASURED
PROPOSAL_RECOGNITION_MICRO,OLD_H_EXPOSED,PR_R1_RESIDUAL,17,truncate,heldout,22,22,31.818181818181817,27.499999999999996,,4.050812266089699,-0.0064009861512617635,0,7,,,,,,,,,,,,,MEASURED
PROPOSAL_RECOGNITION_MICRO,OLD_H_EXPOSED,PR_R1_RESIDUAL,17,append,all,101,101,27.722772277227726,33.56107660455486,,4.210733767783288,-0.025209589833670325,8,13,,,,,,,,,,,,,MEASURED
PROPOSAL_RECOGNITION_MICRO,OLD_H_EXPOSED,PR_R1_RESIDUAL,17,append,teacher_correct,34,34,64.70588235294117,74.8888888888889,,3.8597319687114044,0.007212093209519106,2,12,,,,,,,,,,,,,MEASURED
PROPOSAL_RECOGNITION_MICRO,OLD_H_EXPOSED,PR_R1_RESIDUAL,17,append,teacher_wrong,67,67,8.955223880597014,10.784313725490195,,4.388854083730213,-0.041662384213796304,6,1,,,,,,,,,,,,,MEASURED
PROPOSAL_RECOGNITION_MICRO,OLD_H_EXPOSED,PR_R1_RESIDUAL,17,append,observed_base,70,70,28.57142857142857,37.50793650793651,,4.203063917160034,-0.029126785163368498,8,6,,,,,,,,,,,,,MEASURED
PROPOSAL_RECOGNITION_MICRO,OLD_H_EXPOSED,PR_R1_RESIDUAL,17,append,zero_positive_base,9,9,22.22222222222222,32.14285714285714,,4.625626881917317,-0.03423136141565111,0,1,,,,,,,,,,,,,MEASURED
PROPOSAL_RECOGNITION_MICRO,OLD_H_EXPOSED,PR_R1_RESIDUAL,17,append,heldout,22,22,27.27272727272727,24.166666666666668,,4.065408836711537,-0.009055061773820356,0,6,,,,,,,,,,,,,MEASURED
PROPOSAL_RECOGNITION_MICRO,OLD_H_EXPOSED,PR_R1_RESIDUAL,17,truncate_append,all,101,101,27.722772277227726,33.947550034506556,,4.235976197932026,-0.02489563667833215,6,12,,,,,,,,,,,,,MEASURED
PROPOSAL_RECOGNITION_MICRO,OLD_H_EXPOSED,PR_R1_RESIDUAL,17,truncate_append,teacher_correct,34,34,61.76470588235294,68.22222222222223,,3.896160939160515,0.005323919522411683,0,10,,,,,,,,,,,,,MEASURED
PROPOSAL_RECOGNITION_MICRO,OLD_H_EXPOSED,PR_R1_RESIDUAL,17,truncate_append,teacher_wrong,67,67,10.44776119402985,13.921568627450979,,4.408419762084733,-0.04023093385482902,6,2,,,,,,,,,,,,,MEASURED
PROPOSAL_RECOGNITION_MICRO,OLD_H_EXPOSED,PR_R1_RESIDUAL,17,truncate_append,observed_base,70,70,27.142857142857142,36.767195767195766,,4.241148243631636,-0.029392304697207043,5,4,,,,,,,,,,,,,MEASURED
PROPOSAL_RECOGNITION_MICRO,OLD_H_EXPOSED,PR_R1_RESIDUAL,17,truncate_append,zero_positive_base,9,9,22.22222222222222,32.14285714285714,,4.6693947315216064,-0.03490210738446978,0,1,,,,,,,,,,,,,MEASURED
PROPOSAL_RECOGNITION_MICRO,OLD_H_EXPOSED,PR_R1_RESIDUAL,17,truncate_append,heldout,22,22,31.818181818181817,27.499999999999996,,4.042212106964805,-0.006494500420310281,1,7,,,,,,,,,,,,,MEASURED
PROPOSAL_RECOGNITION_MICRO,OLD_H_EXPOSED,PR_R1_RESIDUAL,17,all_conditions,all,101,404,27.475247524752476,33.85093167701863,,4.231430349963726,-0.02454696127241201,24,49,,,,,,,,,,,,,MEASURED
PROPOSAL_RECOGNITION_MICRO,OLD_H_EXPOSED,PR_R1_RESIDUAL,17,all_conditions,teacher_correct,34,136,64.70588235294117,72.38888888888889,,3.881159840261235,0.00650114577044459,3,43,,,,,,,,,,,,,MEASURED
PROPOSAL_RECOGNITION_MICRO,OLD_H_EXPOSED,PR_R1_RESIDUAL,17,all_conditions,teacher_wrong,67,268,8.582089552238806,11.07843137254902,,4.409179563842603,-0.04030271708520491,21,6,,,,,,,,,,,,,MEASURED
PROPOSAL_RECOGNITION_MICRO,OLD_H_EXPOSED,PR_R1_RESIDUAL,17,all_conditions,observed_base,70,280,27.142857142857142,36.952380952380956,,4.231896958180836,-0.028610199902738845,23,21,,,,,,,,,,,,,MEASURED
PROPOSAL_RECOGNITION_MICRO,OLD_H_EXPOSED,PR_R1_RESIDUAL,17,all_conditions,zero_positive_base,9,36,22.22222222222222,32.14285714285714,,4.651810056633419,-0.03441456788116031,0,3,,,,,,,,,,,,,MEASURED
PROPOSAL_RECOGNITION_MICRO,OLD_H_EXPOSED,PR_R1_RESIDUAL,17,all_conditions,heldout,22,88,30.681818181818183,26.666666666666668,,4.057972171089866,-0.0075817265632477674,1,25,,,,,,,,,,,,,MEASURED
PROPOSAL_RECOGNITION_MICRO,OLD_H_EXPOSED,PR_R2_KEEP,17,clean,all,101,101,27.722772277227726,30.741890959282266,,4.251194590389138,-0.027936328460674474,8,14,,,,,,,,,,,,,MEASURED
PROPOSAL_RECOGNITION_MICRO,OLD_H_EXPOSED,PR_R2_KEEP,17,clean,teacher_correct,34,34,58.82352941176471,60.66666666666667,,4.022410799475277,-0.0011221876039224513,0,14,,,,,,,,,,,,,MEASURED
PROPOSAL_RECOGNITION_MICRO,OLD_H_EXPOSED,PR_R2_KEEP,17,clean,teacher_wrong,67,67,11.940298507462686,14.901960784313726,,4.3672938275693065,-0.041543504417832215,8,0,,,,,,,,,,,,,MEASURED
PROPOSAL_RECOGNITION_MICRO,OLD_H_EXPOSED,PR_R2_KEEP,17,clean,observed_base,70,70,27.142857142857142,34.18518518518519,,4.256807514599392,-0.031962979904242926,6,7,,,,,,,,,,,,,MEASURED
PROPOSAL_RECOGNITION_MICRO,OLD_H_EXPOSED,PR_R2_KEEP,17,clean,zero_positive_base,9,9,11.11111111111111,7.142857142857142,,4.48141156302558,-0.034083219038115606,0,1,,,,,,,,,,,,,MEASURED
PROPOSAL_RECOGNITION_MICRO,OLD_H_EXPOSED,PR_R2_KEEP,17,clean,heldout,22,22,36.36363636363637,30.0,,4.139155615459789,-0.012609618631276217,2,6,,,,,,,,,,,,,MEASURED
PROPOSAL_RECOGNITION_MICRO,OLD_H_EXPOSED,PR_R2_KEEP,17,truncate,all,101,101,25.742574257425744,28.78536922015183,,4.292404644560106,-0.029268978403346375,7,16,,,,,,,,,,,,,MEASURED
PROPOSAL_RECOGNITION_MICRO,OLD_H_EXPOSED,PR_R2_KEEP,17,truncate,teacher_correct,34,34,55.88235294117647,59.333333333333336,,4.0881628148696,-0.005218435736263499,1,13,,,,,,,,,,,,,MEASURED
PROPOSAL_RECOGNITION_MICRO,OLD_H_EXPOSED,PR_R2_KEEP,17,truncate,teacher_wrong,67,67,10.44776119402985,12.941176470588237,,4.3960497521642425,-0.04147373139858246,6,3,,,,,,,,,,,,,MEASURED
PROPOSAL_RECOGNITION_MICRO,OLD_H_EXPOSED,PR_R2_KEEP,17,truncate,observed_base,70,70,24.285714285714285,31.185185185185183,,4.30415530204773,-0.03376853487321309,6,7,,,,,,,,,,,,,MEASURED
PROPOSAL_RECOGNITION_MICRO,OLD_H_EXPOSED,PR_R2_KEEP,17,truncate,zero_positive_base,9,9,11.11111111111111,7.142857142857142,,4.525914377636379,-0.03329090111785465,0,2,,,,,,,,,,,,,MEASURED
PROPOSAL_RECOGNITION_MICRO,OLD_H_EXPOSED,PR_R2_KEEP,17,truncate,heldout,22,22,36.36363636363637,30.0,,4.159489479931918,-0.013306875797835264,1,7,,,,,,,,,,,,,MEASURED
PROPOSAL_RECOGNITION_MICRO,OLD_H_EXPOSED,PR_R2_KEEP,17,append,all,101,101,28.71287128712871,31.828847481021395,,4.238572283546524,-0.02772450469212957,9,13,,,,,,,,,,,,,MEASURED
PROPOSAL_RECOGNITION_MICRO,OLD_H_EXPOSED,PR_R2_KEEP,17,append,teacher_correct,34,34,58.82352941176471,60.66666666666667,,4.02522093408248,-0.001537844100419213,0,12,,,,,,,,,,,,,MEASURED
PROPOSAL_RECOGNITION_MICRO,OLD_H_EXPOSED,PR_R2_KEEP,17,append,teacher_wrong,67,67,13.432835820895523,17.84313725490196,,4.346840132528277,-0.04101325782822139,9,1,,,,,,,,,,,,,MEASURED
PROPOSAL_RECOGNITION_MICRO,OLD_H_EXPOSED,PR_R2_KEEP,17,append,observed_base,70,70,28.57142857142857,35.851851851851855,,4.239720450128828,-0.03192121482321194,7,5,,,,,,,,,,,,,MEASURED
PROPOSAL_RECOGNITION_MICRO,OLD_H_EXPOSED,PR_R2_KEEP,17,append,zero_positive_base,9,9,11.11111111111111,7.142857142857142,,4.442382017771403,-0.031167588300175138,0,2,,,,,,,,,,,,,MEASURED
PROPOSAL_RECOGNITION_MICRO,OLD_H_EXPOSED,PR_R2_KEEP,17,append,heldout,22,22,36.36363636363637,30.0,,4.151542316783559,-0.012962801889939741,2,6,,,,,,,,,,,,,MEASURED
PROPOSAL_RECOGNITION_MICRO,OLD_H_EXPOSED,PR_R2_KEEP,17,truncate_append,all,101,101,27.722772277227726,30.741890959282266,,4.261030853384792,-0.02862455017200791,9,15,,,,,,,,,,,,,MEASURED
PROPOSAL_RECOGNITION_MICRO,OLD_H_EXPOSED,PR_R2_KEEP,17,truncate_append,teacher_correct,34,34,58.82352941176471,60.66666666666667,,4.0741257877910835,-0.004534154253847459,1,12,,,,,,,,,,,,,MEASURED
PROPOSAL_RECOGNITION_MICRO,OLD_H_EXPOSED,PR_R2_KEEP,17,truncate_append,teacher_wrong,67,67,11.940298507462686,15.882352941176473,,4.355878200103987,-0.04084952720510426,8,3,,,,,,,,,,,,,MEASURED
PROPOSAL_RECOGNITION_MICRO,OLD_H_EXPOSED,PR_R2_KEEP,17,truncate_append,observed_base,70,70,27.142857142857142,34.18518518518519,,4.265888588769095,-0.033174941688776015,7,6,,,,,,,,,,,,,MEASURED
PROPOSAL_RECOGNITION_MICRO,OLD_H_EXPOSED,PR_R2_KEEP,17,truncate_append,zero_positive_base,9,9,11.11111111111111,7.142857142857142,,4.479671663708157,-0.03033078710238139,0,2,,,,,,,,,,,,,MEASURED
PROPOSAL_RECOGNITION_MICRO,OLD_H_EXPOSED,PR_R2_KEEP,17,truncate_append,heldout,22,22,36.36363636363637,30.0,,4.156130454756997,-0.013448025692592968,2,7,,,,,,,,,,,,,MEASURED
PROPOSAL_RECOGNITION_MICRO,OLD_H_EXPOSED,PR_R2_KEEP,17,all_conditions,all,101,404,27.475247524752476,30.524499654934438,,4.26080059297014,-0.028388590432039583,33,58,,,,,,,,,,,,,MEASURED
PROPOSAL_RECOGNITION_MICRO,OLD_H_EXPOSED,PR_R2_KEEP,17,all_conditions,teacher_correct,34,136,58.08823529411765,60.333333333333336,,4.0524800840546105,-0.0031031554236131556,2,51,,,,,,,,,,,,,MEASURED
PROPOSAL_RECOGNITION_MICRO,OLD_H_EXPOSED,PR_R2_KEEP,17,all_conditions,teacher_wrong,67,268,11.940298507462686,15.392156862745098,,4.366515478091453,-0.04122000521243508,31,7,,,,,,,,,,,,,MEASURED
PROPOSAL_RECOGNITION_MICRO,OLD_H_EXPOSED,PR_R2_KEEP,17,all_conditions,observed_base,70,280,26.785714285714285,33.85185185185185,,4.266642963886261,-0.032706917822360994,26,25,,,,,,,,,,,,,MEASURED
PROPOSAL_RECOGNITION_MICRO,OLD_H_EXPOSED,PR_R2_KEEP,17,all_conditions,zero_positive_base,9,36,11.11111111111111,7.142857142857142,,4.48234490553538,-0.032218123889631696,0,7,,,,,,,,,,,,,MEASURED
PROPOSAL_RECOGNITION_MICRO,OLD_H_EXPOSED,PR_R2_KEEP,17,all_conditions,heldout,22,88,36.36363636363637,30.0,,4.151579466733065,-0.013081830502911047,7,26,,,,,,,,,,,,,MEASURED
PROPOSAL_RECOGNITION_MICRO,OLD_H_EXPOSED,PR_R3_RESIDUAL_KEEP,17,clean,all,101,101,29.7029702970297,37.47412008281573,,4.130334332437799,-0.023033872099205998,3,7,,,,,,,,,,,,,MEASURED
PROPOSAL_RECOGNITION_MICRO,OLD_H_EXPOSED,PR_R3_RESIDUAL_KEEP,17,clean,teacher_correct,34,34,79.41176470588235,82.88888888888889,,3.734827434315401,0.01648260061355198,0,7,,,,,,,,,,,,,MEASURED
PROPOSAL_RECOGNITION_MICRO,OLD_H_EXPOSED,PR_R3_RESIDUAL_KEEP,17,clean,teacher_wrong,67,67,4.477611940298507,7.8431372549019605,,4.331039325514836,-0.043087007505680196,3,0,,,,,,,,,,,,,MEASURED
PROPOSAL_RECOGNITION_MICRO,OLD_H_EXPOSED,PR_R3_RESIDUAL_KEEP,17,clean,observed_base,70,70,25.71428571428571,37.17460317460317,,4.11981463432312,-0.02861095794609615,3,5,,,,,,,,,,,,,MEASURED
PROPOSAL_RECOGNITION_MICRO,OLD_H_EXPOSED,PR_R3_RESIDUAL_KEEP,17,clean,zero_positive_base,9,9,22.22222222222222,32.14285714285714,,4.551126956939697,-0.027185135417514376,0,0,,,,,,,,,,,,,MEASURED
PROPOSAL_RECOGNITION_MICRO,OLD_H_EXPOSED,PR_R3_RESIDUAL_KEEP,17,clean,heldout,22,22,45.45454545454545,40.0,,3.9916636618700894,-0.003590354865247553,0,2,,,,,,,,,,,,,MEASURED
PROPOSAL_RECOGNITION_MICRO,OLD_H_EXPOSED,PR_R3_RESIDUAL_KEEP,17,truncate,all,101,101,29.7029702970297,37.25672877846791,,4.1516250100466285,-0.021805757269410805,5,10,,,,,,,,,,,,,MEASURED
PROPOSAL_RECOGNITION_MICRO,OLD_H_EXPOSED,PR_R3_RESIDUAL_KEEP,17,truncate,teacher_correct,34,34,76.47058823529412,81.22222222222223,,3.769546957576976,0.014493997044423047,2,7,,,,,,,,,,,,,MEASURED
PROPOSAL_RECOGNITION_MICRO,OLD_H_EXPOSED,PR_R3_RESIDUAL_KEEP,17,truncate,teacher_wrong,67,67,5.970149253731343,9.019607843137255,,4.345515365031228,-0.040226528115236936,3,3,,,,,,,,,,,,,MEASURED
PROPOSAL_RECOGNITION_MICRO,OLD_H_EXPOSED,PR_R3_RESIDUAL_KEEP,17,truncate,observed_base,70,70,25.71428571428571,37.17460317460317,,4.155872327940805,-0.027615825938326972,4,4,,,,,,,,,,,,,MEASURED
PROPOSAL_RECOGNITION_MICRO,OLD_H_EXPOSED,PR_R3_RESIDUAL_KEEP,17,truncate,zero_positive_base,9,9,22.22222222222222,32.14285714285714,,4.564400805367364,-0.02648597127861447,0,1,,,,,,,,,,,,,MEASURED
PROPOSAL_RECOGNITION_MICRO,OLD_H_EXPOSED,PR_R3_RESIDUAL_KEEP,17,truncate,heldout,22,22,45.45454545454545,39.166666666666664,,3.969247991388494,-0.0014045421372760427,1,5,,,,,,,,,,,,,MEASURED
PROPOSAL_RECOGNITION_MICRO,OLD_H_EXPOSED,PR_R3_RESIDUAL_KEEP,17,append,all,101,101,31.683168316831683,39.044168391994475,,4.125033404567454,-0.023849091464930243,7,8,,,,,,,,,,,,,MEASURED
PROPOSAL_RECOGNITION_MICRO,OLD_H_EXPOSED,PR_R3_RESIDUAL_KEEP,17,append,teacher_correct,34,34,79.41176470588235,82.88888888888889,,3.7399899188209984,0.015786210403722876,2,7,,,,,,,,,,,,,MEASURED
PROPOSAL_RECOGNITION_MICRO,OLD_H_EXPOSED,PR_R3_RESIDUAL_KEEP,17,append,teacher_wrong,67,67,7.462686567164178,11.76470588235294,,4.3204286062895365,-0.04396252823409749,5,1,,,,,,,,,,,,,MEASURED
PROPOSAL_RECOGNITION_MICRO,OLD_H_EXPOSED,PR_R3_RESIDUAL_KEEP,17,append,observed_base,70,70,28.57142857142857,39.58201058201058,,4.112317177227565,-0.029750420366014753,7,5,,,,,,,,,,,,,MEASURED
PROPOSAL_RECOGNITION_MICRO,OLD_H_EXPOSED,PR_R3_RESIDUAL_KEEP,17,append,zero_positive_base,9,9,22.22222222222222,32.14285714285714,,4.535291380352444,-0.025818698936038546,0,1,,,,,,,,,,,,,MEASURED
PROPOSAL_RECOGNITION_MICRO,OLD_H_EXPOSED,PR_R3_RESIDUAL_KEEP,17,append,heldout,22,22,45.45454545454545,40.0,,3.9976613196459683,-0.00426638735966249,0,2,,,,,,,,,,,,,MEASURED
PROPOSAL_RECOGNITION_MICRO,OLD_H_EXPOSED,PR_R3_RESIDUAL_KEEP,17,truncate_append,all,101,101,28.71287128712871,36.02484472049689,,4.142329888768716,-0.02335282865137157,4,9,,,,,,,,,,,,,MEASURED
PROPOSAL_RECOGNITION_MICRO,OLD_H_EXPOSED,PR_R3_RESIDUAL_KEEP,17,truncate_append,teacher_correct,34,34,73.52941176470588,74.55555555555556,,3.7773470808477962,0.013460696181830238,1,7,,,,,,,,,,,,,MEASURED
PROPOSAL_RECOGNITION_MICRO,OLD_H_EXPOSED,PR_R3_RESIDUAL_KEEP,17,truncate_append,teacher_wrong,67,67,5.970149253731343,10.784313725490195,,4.327545045027092,-0.04203431886523517,3,2,,,,,,,,,,,,,MEASURED
PROPOSAL_RECOGNITION_MICRO,OLD_H_EXPOSED,PR_R3_RESIDUAL_KEEP,17,truncate_append,observed_base,70,70,25.71428571428571,36.61904761904762,,4.144651719502041,-0.029757521833692277,4,4,,,,,,,,,,,,,MEASURED
PROPOSAL_RECOGNITION_MICRO,OLD_H_EXPOSED,PR_R3_RESIDUAL_KEEP,17,truncate_append,zero_positive_base,9,9,22.22222222222222,32.14285714285714,,4.539381159676446,-0.0240573568476571,0,1,,,,,,,,,,,,,MEASURED
PROPOSAL_RECOGNITION_MICRO,OLD_H_EXPOSED,PR_R3_RESIDUAL_KEEP,17,truncate_append,heldout,22,22,40.909090909090914,35.833333333333336,,3.9725121801549736,-0.0026860433545979586,0,4,,,,,,,,,,,,,MEASURED
PROPOSAL_RECOGNITION_MICRO,OLD_H_EXPOSED,PR_R3_RESIDUAL_KEEP,17,all_conditions,all,101,404,29.950495049504948,37.449965493443756,,4.1373306589551495,-0.023010387371229655,19,34,,,,,,,,,,,,,MEASURED
PROPOSAL_RECOGNITION_MICRO,OLD_H_EXPOSED,PR_R3_RESIDUAL_KEEP,17,all_conditions,teacher_correct,34,136,77.20588235294117,80.38888888888889,,3.7554278478902927,0.015055876060882035,5,28,,,,,,,,,,,,,MEASURED
PROPOSAL_RECOGNITION_MICRO,OLD_H_EXPOSED,PR_R3_RESIDUAL_KEEP,17,all_conditions,teacher_wrong,67,268,5.970149253731343,9.852941176470589,,4.331132085465673,-0.04232759568006245,14,6,,,,,,,,,,,,,MEASURED
PROPOSAL_RECOGNITION_MICRO,OLD_H_EXPOSED,PR_R3_RESIDUAL_KEEP,17,all_conditions,observed_base,70,280,26.42857142857143,37.63756613756614,,4.133163964748382,-0.02893368152103254,18,18,,,,,,,,,,,,,MEASURED
PROPOSAL_RECOGNITION_MICRO,OLD_H_EXPOSED,PR_R3_RESIDUAL_KEEP,17,all_conditions,zero_positive_base,9,36,22.22222222222222,32.14285714285714,,4.547550075583988,-0.02588679061995612,0,3,,,,,,,,,,,,,MEASURED
PROPOSAL_RECOGNITION_MICRO,OLD_H_EXPOSED,PR_R3_RESIDUAL_KEEP,17,all_conditions,heldout,22,88,44.31818181818182,38.75,,3.9827712882648814,-0.002986831929196011,1,13,,,,,,,,,,,,,MEASURED
TRAINING_COMPUTE,OPTIMIZER_PHASE_AND_FIVE_DEV_VALIDATIONS,PR_R0_DIRECT,17,,,,,,,,,,,,,,,,,,,,2000,4754.73355487315,2.251448154449463,2.48828125,COMPLETE
TRAINING_COMPUTE,OPTIMIZER_PHASE_AND_FIVE_DEV_VALIDATIONS,PR_R1_RESIDUAL,17,,,,,,,,,,,,,,,,,,,,2000,4929.115578207886,2.258279800415039,2.494140625,COMPLETE
TRAINING_COMPUTE,OPTIMIZER_PHASE_AND_FIVE_DEV_VALIDATIONS,PR_R2_KEEP,17,,,,,,,,,,,,,,,,,,,,2000,4800.925264017889,2.251448154449463,2.494140625,COMPLETE
TRAINING_COMPUTE,OPTIMIZER_PHASE_AND_FIVE_DEV_VALIDATIONS,PR_R3_RESIDUAL_KEEP,17,,,,,,,,,,,,,,,,,,,,2000,4830.76904642419,2.258279800415039,2.494140625,COMPLETE
TRAIN_TEACHER_CORRECT,PREFIX_2,FC,,,,622,,,,,,,,,,,,,,,,,176,,,,MEASURED_TRAIN_ONLY
TRAIN_TEACHER_CORRECT,PREFIX_4,FC,,,,622,,,,,,,,,,,,,,,,,177,,,,MEASURED_TRAIN_ONLY
TRAIN_TEACHER_CORRECT,PREFIX_8,FC,,,,622,,,,,,,,,,,,,,,,,188,,,,MEASURED_TRAIN_ONLY
OBSERVED_STAGE_WALL,LAST_COMPLETED_STAGE_RECEIPT_NESTED_CLOCK_DO_NOT_SUM_WITH_ARM_CLOCKS,bind,,,,,,,,,,,,,,,,,,,,,,7.547601126134396e-05,,,BOUND_ACTUAL_PARENT
OBSERVED_STAGE_WALL,LAST_COMPLETED_STAGE_RECEIPT_NESTED_CLOCK_DO_NOT_SUM_WITH_ARM_CLOCKS,diagnose,,,,,,,,,,,,,,,,,,,,,,16.92670111404732,,,COMPLETE
OBSERVED_STAGE_WALL,LAST_COMPLETED_STAGE_RECEIPT_NESTED_CLOCK_DO_NOT_SUM_WITH_ARM_CLOCKS,engineer,,,,,,,,,,,,,,,,,,,,,,17.422357839066535,,,COMPLETE
OBSERVED_STAGE_WALL,LAST_COMPLETED_STAGE_RECEIPT_NESTED_CLOCK_DO_NOT_SUM_WITH_ARM_CLOCKS,evaluate,,,,,,,,,,,,,,,,,,,,,,0.0464446609839797,,,NOT_TRIGGERED_NO_FOUNDATION
OBSERVED_STAGE_WALL,LAST_COMPLETED_STAGE_RECEIPT_NESTED_CLOCK_DO_NOT_SUM_WITH_ARM_CLOCKS,holdout2,,,,,,,,,,,,,,,,,,,,,,0.0011239498853683472,,,NOT_TRIGGERED_NO_FOUNDATION
OBSERVED_STAGE_WALL,LAST_COMPLETED_STAGE_RECEIPT_NESTED_CLOCK_DO_NOT_SUM_WITH_ARM_CLOCKS,lock,,,,,,,,,,,,,,,,,,,,,,0.121684166835621,,,COMPLETE_NO_2D_FOUNDATION
OBSERVED_STAGE_WALL,LAST_COMPLETED_STAGE_RECEIPT_NESTED_CLOCK_DO_NOT_SUM_WITH_ARM_CLOCKS,parent_audit,,,,,,,,,,,,,,,,,,,,,,17.302557087037712,,,COMPLETE
OBSERVED_STAGE_WALL,LAST_COMPLETED_STAGE_RECEIPT_NESTED_CLOCK_DO_NOT_SUM_WITH_ARM_CLOCKS,predict,,,,,,,,,,,,,,,,,,,,,,0.0012255129404366016,,,NOT_TRIGGERED_NO_FOUNDATION
OBSERVED_STAGE_WALL,LAST_COMPLETED_STAGE_RECEIPT_NESTED_CLOCK_DO_NOT_SUM_WITH_ARM_CLOCKS,prepare,,,,,,,,,,,,,,,,,,,,,,0.8403894549701363,,,COMPLETE
OBSERVED_STAGE_WALL,LAST_COMPLETED_STAGE_RECEIPT_NESTED_CLOCK_DO_NOT_SUM_WITH_ARM_CLOCKS,repeat_G,,,,,,,,,,,,,,,,,,,,,,0.0011008039582520723,,,NOT_TRIGGERED_NO_FOUNDATION
OBSERVED_STAGE_WALL,LAST_COMPLETED_STAGE_RECEIPT_NESTED_CLOCK_DO_NOT_SUM_WITH_ARM_CLOCKS,repeat_R,,,,,,,,,,,,,,,,,,,,,,18.791041773045436,,,COMPLETE
OBSERVED_STAGE_WALL,LAST_COMPLETED_STAGE_RECEIPT_NESTED_CLOCK_DO_NOT_SUM_WITH_ARM_CLOCKS,report,,,,,,,,,,,,,,,,,,,,,,8.421506501967087,,,COMPLETE_NO_2D_FOUNDATION
OBSERVED_STAGE_WALL,LAST_COMPLETED_STAGE_RECEIPT_NESTED_CLOCK_DO_NOT_SUM_WITH_ARM_CLOCKS,select_R,,,,,,,,,,,,,,,,,,,,,,0.013216936029493809,,,COMPLETE_NO_2D_FOUNDATION
OBSERVED_STAGE_WALL,LAST_COMPLETED_STAGE_RECEIPT_NESTED_CLOCK_DO_NOT_SUM_WITH_ARM_CLOCKS,train_G,,,,,,,,,,,,,,,,,,,,,,0.0011426580604165792,,,NOT_TRIGGERED_NO_FOUNDATION
OBSERVED_STAGE_WALL,LAST_COMPLETED_STAGE_RECEIPT_NESTED_CLOCK_DO_NOT_SUM_WITH_ARM_CLOCKS,train_R,,,,,,,,,,,,,,,,,,,,,,23.054596942849457,,,COMPLETE
OBSERVED_PRIOR_STAGE_WALL,completed_before_compact_table_fragments_NESTED_CLOCK_DO_NOT_SUM,bind,,,,,,,,,,,,,,,,,,,,,,0.00012653879821300507,,,BOUND_ACTUAL_PARENT
OBSERVED_PRIOR_STAGE_WALL,completed_before_compact_table_fragments_NESTED_CLOCK_DO_NOT_SUM,diagnose,,,,,,,,,,,,,,,,,,,,,,18.467077255016193,,,COMPLETE
OBSERVED_PRIOR_STAGE_WALL,completed_before_compact_table_fragments_NESTED_CLOCK_DO_NOT_SUM,engineer,,,,,,,,,,,,,,,,,,,,,,17.22814174904488,,,COMPLETE
OBSERVED_PRIOR_STAGE_WALL,completed_before_compact_table_fragments_NESTED_CLOCK_DO_NOT_SUM,evaluate,,,,,,,,,,,,,,,,,,,,,,0.015500361798331141,,,NOT_TRIGGERED_NO_FOUNDATION
OBSERVED_PRIOR_STAGE_WALL,completed_before_compact_table_fragments_NESTED_CLOCK_DO_NOT_SUM,holdout2,,,,,,,,,,,,,,,,,,,,,,0.0005043139681220055,,,NOT_TRIGGERED_NO_FOUNDATION
OBSERVED_PRIOR_STAGE_WALL,completed_before_compact_table_fragments_NESTED_CLOCK_DO_NOT_SUM,lock,,,,,,,,,,,,,,,,,,,,,,0.1225760041270405,,,COMPLETE_NO_2D_FOUNDATION
OBSERVED_PRIOR_STAGE_WALL,completed_before_compact_table_fragments_NESTED_CLOCK_DO_NOT_SUM,parent_audit,,,,,,,,,,,,,,,,,,,,,,17.52380201779306,,,COMPLETE
OBSERVED_PRIOR_STAGE_WALL,completed_before_compact_table_fragments_NESTED_CLOCK_DO_NOT_SUM,predict,,,,,,,,,,,,,,,,,,,,,,0.0004173929337412119,,,NOT_TRIGGERED_NO_FOUNDATION
OBSERVED_PRIOR_STAGE_WALL,completed_before_compact_table_fragments_NESTED_CLOCK_DO_NOT_SUM,prepare,,,,,,,,,,,,,,,,,,,,,,0.8358588239643723,,,COMPLETE
OBSERVED_PRIOR_STAGE_WALL,completed_before_compact_table_fragments_NESTED_CLOCK_DO_NOT_SUM,repeat_G,,,,,,,,,,,,,,,,,,,,,,0.00108053395524621,,,NOT_TRIGGERED_NO_FOUNDATION
OBSERVED_PRIOR_STAGE_WALL,completed_before_compact_table_fragments_NESTED_CLOCK_DO_NOT_SUM,repeat_R,,,,,,,,,,,,,,,,,,,,,,18.527578418143094,,,COMPLETE
OBSERVED_PRIOR_STAGE_WALL,completed_before_compact_table_fragments_NESTED_CLOCK_DO_NOT_SUM,report,,,,,,,,,,,,,,,,,,,,,,7.157847146037966,,,COMPLETE_NO_2D_FOUNDATION
OBSERVED_PRIOR_STAGE_WALL,completed_before_compact_table_fragments_NESTED_CLOCK_DO_NOT_SUM,select_R,,,,,,,,,,,,,,,,,,,,,,0.012408769922330976,,,COMPLETE_NO_2D_FOUNDATION
OBSERVED_PRIOR_STAGE_WALL,completed_before_compact_table_fragments_NESTED_CLOCK_DO_NOT_SUM,train_G,,,,,,,,,,,,,,,,,,,,,,0.0011651660315692425,,,NOT_TRIGGERED_NO_FOUNDATION
OBSERVED_PRIOR_STAGE_WALL,completed_before_compact_table_fragments_NESTED_CLOCK_DO_NOT_SUM,train_R,,,,,,,,,,,,,,,,,,,,,,21.383418552111834,,,COMPLETE
OBSERVED_PRIOR_STAGE_WALL,completed_before_stage_clock_caption_NESTED_CLOCK_DO_NOT_SUM,bind,,,,,,,,,,,,,,,,,,,,,,5.303206853568554e-05,,,BOUND_ACTUAL_PARENT
OBSERVED_PRIOR_STAGE_WALL,completed_before_stage_clock_caption_NESTED_CLOCK_DO_NOT_SUM,diagnose,,,,,,,,,,,,,,,,,,,,,,17.49729188508354,,,COMPLETE
OBSERVED_PRIOR_STAGE_WALL,completed_before_stage_clock_caption_NESTED_CLOCK_DO_NOT_SUM,engineer,,,,,,,,,,,,,,,,,,,,,,19.306606783997267,,,COMPLETE
OBSERVED_PRIOR_STAGE_WALL,completed_before_stage_clock_caption_NESTED_CLOCK_DO_NOT_SUM,evaluate,,,,,,,,,,,,,,,,,,,,,,0.027349279960617423,,,NOT_TRIGGERED_NO_FOUNDATION
OBSERVED_PRIOR_STAGE_WALL,completed_before_stage_clock_caption_NESTED_CLOCK_DO_NOT_SUM,holdout2,,,,,,,,,,,,,,,,,,,,,,0.0011955180671066046,,,NOT_TRIGGERED_NO_FOUNDATION
OBSERVED_PRIOR_STAGE_WALL,completed_before_stage_clock_caption_NESTED_CLOCK_DO_NOT_SUM,lock,,,,,,,,,,,,,,,,,,,,,,0.12154281698167324,,,COMPLETE_NO_2D_FOUNDATION
OBSERVED_PRIOR_STAGE_WALL,completed_before_stage_clock_caption_NESTED_CLOCK_DO_NOT_SUM,parent_audit,,,,,,,,,,,,,,,,,,,,,,17.202220701845363,,,COMPLETE
OBSERVED_PRIOR_STAGE_WALL,completed_before_stage_clock_caption_NESTED_CLOCK_DO_NOT_SUM,predict,,,,,,,,,,,,,,,,,,,,,,0.0011696231085807085,,,NOT_TRIGGERED_NO_FOUNDATION
OBSERVED_PRIOR_STAGE_WALL,completed_before_stage_clock_caption_NESTED_CLOCK_DO_NOT_SUM,prepare,,,,,,,,,,,,,,,,,,,,,,0.8270578000228852,,,COMPLETE
OBSERVED_PRIOR_STAGE_WALL,completed_before_stage_clock_caption_NESTED_CLOCK_DO_NOT_SUM,repeat_G,,,,,,,,,,,,,,,,,,,,,,0.0010079778730869293,,,NOT_TRIGGERED_NO_FOUNDATION
OBSERVED_PRIOR_STAGE_WALL,completed_before_stage_clock_caption_NESTED_CLOCK_DO_NOT_SUM,repeat_R,,,,,,,,,,,,,,,,,,,,,,19.150072322925553,,,COMPLETE
OBSERVED_PRIOR_STAGE_WALL,completed_before_stage_clock_caption_NESTED_CLOCK_DO_NOT_SUM,report,,,,,,,,,,,,,,,,,,,,,,8.421506501967087,,,COMPLETE_NO_2D_FOUNDATION
OBSERVED_PRIOR_STAGE_WALL,completed_before_stage_clock_caption_NESTED_CLOCK_DO_NOT_SUM,select_R,,,,,,,,,,,,,,,,,,,,,,0.012985155917704105,,,COMPLETE_NO_2D_FOUNDATION
OBSERVED_PRIOR_STAGE_WALL,completed_before_stage_clock_caption_NESTED_CLOCK_DO_NOT_SUM,train_G,,,,,,,,,,,,,,,,,,,,,,0.001196888042613864,,,NOT_TRIGGERED_NO_FOUNDATION
OBSERVED_PRIOR_STAGE_WALL,completed_before_stage_clock_caption_NESTED_CLOCK_DO_NOT_SUM,train_R,,,,,,,,,,,,,,,,,,,,,,22.400418950011954,,,COMPLETE
OBSERVED_PRIOR_STAGE_WALL,postscience_report_phase_envelope_fix_NESTED_CLOCK_DO_NOT_SUM,bind,,,,,,,,,,,,,,,,,,,,,,6.521493196487427e-05,,,BOUND_ACTUAL_PARENT
OBSERVED_PRIOR_STAGE_WALL,postscience_report_phase_envelope_fix_NESTED_CLOCK_DO_NOT_SUM,diagnose,,,,,,,,,,,,,,,,,,,,,,16.618697957135737,,,COMPLETE
OBSERVED_PRIOR_STAGE_WALL,postscience_report_phase_envelope_fix_NESTED_CLOCK_DO_NOT_SUM,engineer,,,,,,,,,,,,,,,,,,,,,,18.447326774010435,,,COMPLETE
OBSERVED_PRIOR_STAGE_WALL,postscience_report_phase_envelope_fix_NESTED_CLOCK_DO_NOT_SUM,evaluate,,,,,,,,,,,,,,,,,,,,,,0.027613274985924363,,,NOT_TRIGGERED_NO_FOUNDATION
OBSERVED_PRIOR_STAGE_WALL,postscience_report_phase_envelope_fix_NESTED_CLOCK_DO_NOT_SUM,holdout2,,,,,,,,,,,,,,,,,,,,,,0.0012133978307247162,,,NOT_TRIGGERED_NO_FOUNDATION
OBSERVED_PRIOR_STAGE_WALL,postscience_report_phase_envelope_fix_NESTED_CLOCK_DO_NOT_SUM,lock,,,,,,,,,,,,,,,,,,,,,,0.10224734293296933,,,COMPLETE_NO_2D_FOUNDATION
OBSERVED_PRIOR_STAGE_WALL,postscience_report_phase_envelope_fix_NESTED_CLOCK_DO_NOT_SUM,parent_audit,,,,,,,,,,,,,,,,,,,,,,19.708992035128176,,,COMPLETE
OBSERVED_PRIOR_STAGE_WALL,postscience_report_phase_envelope_fix_NESTED_CLOCK_DO_NOT_SUM,predict,,,,,,,,,,,,,,,,,,,,,,0.001132369041442871,,,NOT_TRIGGERED_NO_FOUNDATION
OBSERVED_PRIOR_STAGE_WALL,postscience_report_phase_envelope_fix_NESTED_CLOCK_DO_NOT_SUM,prepare,,,,,,,,,,,,,,,,,,,,,,0.8249642241280526,,,COMPLETE
OBSERVED_PRIOR_STAGE_WALL,postscience_report_phase_envelope_fix_NESTED_CLOCK_DO_NOT_SUM,repeat_G,,,,,,,,,,,,,,,,,,,,,,0.0011571110226213932,,,NOT_TRIGGERED_NO_FOUNDATION
OBSERVED_PRIOR_STAGE_WALL,postscience_report_phase_envelope_fix_NESTED_CLOCK_DO_NOT_SUM,repeat_R,,,,,,,,,,,,,,,,,,,,,,18.015757292043418,,,COMPLETE
OBSERVED_PRIOR_STAGE_WALL,postscience_report_phase_envelope_fix_NESTED_CLOCK_DO_NOT_SUM,select_R,,,,,,,,,,,,,,,,,,,,,,0.013919444987550378,,,COMPLETE_NO_2D_FOUNDATION
OBSERVED_PRIOR_STAGE_WALL,postscience_report_phase_envelope_fix_NESTED_CLOCK_DO_NOT_SUM,train_G,,,,,,,,,,,,,,,,,,,,,,0.0012298619840294123,,,NOT_TRIGGERED_NO_FOUNDATION
OBSERVED_PRIOR_STAGE_WALL,postscience_report_phase_envelope_fix_NESTED_CLOCK_DO_NOT_SUM,train_R,,,,,,,,,,,,,,,,,,,,,,22.157147293910384,,,COMPLETE
OBSERVED_PRIOR_STAGE_WALL,preceding_all_without_exit_observer_NESTED_CLOCK_DO_NOT_SUM,diagnose,,,,,,,,,,,,,,,,,,,,,,1436.253731566947,,,COMPLETE
CONTROLLER_REPORTED_PRIOR_WALL,NESTED_CLOCK_EXIT_NOT_OBSERVED,preceding_all_without_exit_observer,,,,,,,,,,,,,,,,,,,,,,21196.29491757299,,,BLOCKED_RUNTIME
OBSERVED_PRIOR_CLI_WALL,completed_before_compact_table_fragments,,,,,,,,,,,,,,,,,,,,,,,107.36290841898881,,,OBSERVED_SUCCESS
OBSERVED_PRIOR_CLI_WALL,completed_before_stage_clock_caption,,,,,,,,,,,,,,,,,,,,,,,110.92432953719981,,,OBSERVED_SUCCESS
OBSERVED_PRIOR_CLI_WALL,postscience_report_phase_envelope_fix,,,,,,,,,,,,,,,,,,,,,,,109.09112460003234,,,OBSERVED_FAILURE
OBSERVED_PRIOR_CLI_WALL,pre_science_lock_contention,,,,,,,,,,,,,,,,,,,,,,,9.237185878911987,,,OBSERVED_FAILURE
OBSERVED_PRIOR_CLI_WALL,pre_science_numpy_interface_fix,,,,,,,,,,,,,,,,,,,,,,,55.511627909960225,,,OBSERVED_FAILURE
OBSERVED_PRIOR_CLI_WALL,pre_science_registry_bridge_fix,,,,,,,,,,,,,,,,,,,,,,,1231.482655028114,,,OBSERVED_FAILURE
TRANSFER_COVERAGE,real_proposals,,,,,,,,,,,,,,,,,,,,,,,,,,NOT_TRIGGERED_NO_FOUNDATION
TRANSFER_COVERAGE,holdout2,,,,,,,,,,,,,,,,,,,,,,,,,,NOT_TRIGGERED_NO_FOUNDATION
